#include "DashboardAssets.h"
const uint8_t font14Bits[] = {
  0x00,0x60,0x60,0x60,0x60,0x60,0x00,0x00,0x00,0x60,0x60,0x6c,0x6c,0x6c,0x68,0x68,0x00,0x00,0x00,0x00,0x00,0x09,0x00,0x19,
  0x00,0x19,0x00,0x7f,0xc0,0x11,0x00,0x11,0x00,0x13,0x00,0x7f,0xc0,0x32,0x00,0x32,0x00,0x0c,0x00,0x3f,0x00,0x4d,0x80,0x4d,
  0x80,0x4c,0x00,0x4c,0x00,0x3f,0x00,0x0d,0x80,0x4d,0x80,0x4d,0x80,0x7f,0x00,0x0c,0x00,0x78,0x40,0x48,0x40,0x48,0x80,0x49,
  0x00,0x7b,0x00,0x02,0xf0,0x04,0x90,0x0c,0x90,0x08,0x90,0x10,0xf0,0x3e,0x00,0x63,0x00,0x61,0x00,0x60,0x00,0x60,0x00,0x3f,
  0xc0,0x61,0x00,0x41,0x00,0x61,0x00,0x3f,0xc0,0x60,0x60,0x60,0x60,0x60,0x00,0x00,0x00,0x00,0x00,0x18,0x20,0x40,0x40,0x40,
  0x40,0x40,0x40,0x40,0x40,0x40,0x20,0x18,0x60,0x30,0x10,0x10,0x10,0x10,0x10,0x10,0x10,0x10,0x10,0x30,0x60,0x10,0x10,0x7e,
  0x18,0x38,0x24,0x00,0x00,0x00,0x00,0x0c,0x00,0x0c,0x00,0x0c,0x00,0x0c,0x00,0x7f,0x80,0x0c,0x00,0x0c,0x00,0x0c,0x00,0x60,
  0x60,0x20,0x40,0x70,0x00,0x00,0x00,0x60,0x60,0x08,0x08,0x18,0x18,0x10,0x10,0x30,0x20,0x20,0x60,0x40,0x40,0x3f,0x80,0x60,
  0x80,0x60,0x80,0x60,0x80,0x60,0x80,0x60,0x80,0x60,0x80,0x60,0x80,0x60,0x80,0x3f,0x80,0xf0,0x30,0x30,0x30,0x30,0x30,0x30,
  0x30,0x30,0x30,0x3f,0x00,0x61,0x00,0x61,0x00,0x03,0x00,0x0f,0x00,0x3c,0x00,0x70,0x00,0x61,0x80,0x61,0x80,0x7f,0x80,0x3e,
  0x00,0x41,0x00,0x41,0x00,0x01,0x00,0x01,0x00,0x1f,0x00,0x01,0x00,0x41,0x00,0x41,0x00,0x7f,0x00,0x06,0x00,0x0e,0x00,0x1e,
  0x00,0x16,0x00,0x26,0x00,0x66,0x00,0xc6,0x00,0xff,0x00,0x06,0x00,0x06,0x00,0x7f,0x00,0x40,0x00,0x40,0x00,0x40,0x00,0x7e,
  0x00,0x01,0x00,0x01,0x00,0x41,0x00,0x41,0x00,0x7e,0x00,0x3f,0x00,0x61,0x80,0x61,0x80,0x60,0x00,0x60,0x00,0x7f,0x00,0x61,
  0x80,0x61,0x80,0x61,0x80,0x3f,0x00,0x7f,0x00,0x03,0x00,0x06,0x00,0x06,0x00,0x0c,0x00,0x0c,0x00,0x18,0x00,0x18,0x00,0x30,
  0x00,0x30,0x00,0x3f,0x00,0x61,0x00,0x61,0x00,0x61,0x00,0x61,0x00,0x3f,0x00,0x61,0x00,0x41,0x80,0x61,0x80,0x3f,0x00,0x3f,
  0x00,0x61,0x80,0x61,0x80,0x61,0x80,0x61,0x80,0x3f,0x80,0x01,0x80,0x61,0x80,0x61,0x80,0x3f,0x00,0x60,0x60,0x00,0x00,0x00,
  0x60,0x60,0x60,0x60,0x00,0x00,0x00,0x60,0x60,0x20,0x40,0x01,0x00,0x07,0x00,0x3c,0x00,0x60,0x00,0x60,0x00,0x3c,0x00,0x07,
  0x00,0x01,0x00,0x7f,0x80,0x00,0x00,0x00,0x00,0x7f,0x80,0x00,0x00,0x00,0x00,0x40,0x00,0x78,0x00,0x0e,0x00,0x03,0x80,0x03,
  0x80,0x0e,0x00,0x78,0x00,0x40,0x00,0x7e,0x42,0x46,0x0c,0x18,0x10,0x00,0x00,0x18,0x18,0x1f,0xf0,0x20,0x18,0x60,0x08,0x67,
  0xcc,0x6c,0x4c,0x6c,0x4c,0x6c,0x4c,0x6c,0x4c,0x6c,0x4c,0x67,0xf8,0x60,0x00,0x20,0x00,0x1f,0xf0,0x0c,0x00,0x0c,0x00,0x1e,
  0x00,0x1e,0x00,0x32,0x00,0x33,0x00,0x23,0x00,0x7f,0x00,0x41,0x80,0x40,0x80,0x7f,0x00,0x61,0x80,0x61,0x80,0x61,0x80,0x61,
  0x00,0x7f,0x00,0x61,0x80,0x60,0x80,0x61,0x80,0x7f,0x00,0x3f,0x80,0x60,0x80,0x60,0x80,0x60,0x00,0x60,0x00,0x60,0x00,0x60,
  0x00,0x60,0x80,0x60,0x80,0x3f,0x80,0x7f,0x00,0x60,0x80,0x60,0x80,0x60,0xc0,0x60,0xc0,0x60,0xc0,0x60,0xc0,0x60,0x80,0x60,
  0x80,0x7f,0x00,0x7f,0x00,0x60,0x00,0x60,0x00,0x60,0x00,0x60,0x00,0x7f,0x00,0x60,0x00,0x60,0x00,0x60,0x00,0x7f,0x00,0x7f,
  0x00,0x60,0x00,0x60,0x00,0x60,0x00,0x60,0x00,0x7f,0x00,0x60,0x00,0x60,0x00,0x60,0x00,0x60,0x00,0x3f,0x80,0x60,0x80,0x60,
  0x80,0x60,0x00,0x60,0x00,0x67,0x80,0x60,0x80,0x60,0x80,0x60,0x80,0x3f,0x80,0x60,0xc0,0x60,0xc0,0x60,0xc0,0x60,0xc0,0x60,
  0xc0,0x7f,0xc0,0x60,0xc0,0x60,0xc0,0x60,0xc0,0x60,0xc0,0x60,0x60,0x60,0x60,0x60,0x60,0x60,0x60,0x60,0x60,0x03,0x00,0x03,
  0x00,0x03,0x00,0x03,0x00,0x03,0x00,0x03,0x00,0x03,0x00,0x43,0x00,0x43,0x00,0x7e,0x00,0x61,0x80,0x63,0x00,0x66,0x00,0x6c,
  0x00,0x70,0x00,0x78,0x00,0x6c,0x00,0x66,0x00,0x63,0x00,0x61,0x80,0x60,0x60,0x60,0x60,0x60,0x60,0x60,0x60,0x60,0x7f,0x60,
  0x30,0x70,0x30,0x70,0x70,0x78,0x70,0x68,0xb0,0x6c,0xb0,0x65,0x30,0x67,0x30,0x62,0x30,0x62,0x30,0x60,0x40,0x70,0x40,0x78,
  0x40,0x68,0x40,0x6c,0x40,0x66,0x40,0x63,0x40,0x61,0xc0,0x61,0xc0,0x60,0xc0,0x3f,0x80,0x60,0xc0,0x60,0xc0,0x60,0xc0,0x60,
  0xc0,0x60,0xc0,0x60,0xc0,0x60,0xc0,0x60,0xc0,0x3f,0x80,0x7f,0x00,0x61,0x80,0x60,0x80,0x60,0x80,0x61,0x80,0x7f,0x00,0x60,
  0x00,0x60,0x00,0x60,0x00,0x60,0x00,0x3f,0x80,0x60,0xc0,0x60,0xc0,0x60,0xc0,0x60,0xc0,0x60,0xc0,0x60,0xc0,0x60,0xc0,0x64,
  0xc0,0x3f,0x80,0x04,0x00,0x04,0x00,0x7f,0x00,0x61,0x80,0x60,0x80,0x60,0x80,0x61,0x80,0x7f,0x00,0x62,0x00,0x63,0x00,0x61,
  0x00,0x61,0x80,0x3f,0x00,0x61,0x80,0x61,0x80,0x60,0x00,0x60,0x00,0x3f,0x00,0x01,0x80,0x61,0x80,0x61,0x80,0x3f,0x00,0xff,
  0x00,0x08,0x00,0x08,0x00,0x08,0x00,0x08,0x00,0x08,0x00,0x08,0x00,0x08,0x00,0x08,0x00,0x08,0x00,0x60,0xc0,0x60,0xc0,0x60,
  0xc0,0x60,0xc0,0x60,0xc0,0x60,0xc0,0x60,0xc0,0x60,0xc0,0x60,0xc0,0x3f,0x80,0x40,0x80,0x41,0x80,0x61,0x80,0x21,0x00,0x33,
  0x00,0x32,0x00,0x12,0x00,0x1e,0x00,0x0c,0x00,0x0c,0x00,0x43,0x08,0x43,0x18,0x47,0x18,0x67,0x90,0x25,0x90,0x24,0xb0,0x3c,
  0xa0,0x18,0xe0,0x18,0x60,0x18,0x60,0x61,0x80,0x23,0x00,0x32,0x00,0x1e,0x00,0x0c,0x00,0x0c,0x00,0x1e,0x00,0x32,0x00,0x63,
  0x00,0x41,0x80,0x41,0x80,0x61,0x00,0x23,0x00,0x36,0x00,0x1c,0x00,0x0c,0x00,0x08,0x00,0x08,0x00,0x08,0x00,0x08,0x00,0x7f,
  0x80,0x03,0x00,0x06,0x00,0x06,0x00,0x0c,0x00,0x18,0x00,0x18,0x00,0x30,0x00,0x20,0x00,0x7f,0x80,0x78,0x60,0x60,0x60,0x60,
  0x60,0x60,0x60,0x60,0x60,0x60,0x60,0x78,0x40,0x40,0x60,0x20,0x20,0x30,0x10,0x10,0x18,0x08,0x08,0x08,0x70,0x10,0x10,0x10,
  0x10,0x10,0x10,0x10,0x10,0x10,0x10,0x10,0x70,0x18,0x3c,0x24,0x42,0x00,0x00,0x00,0x00,0x00,0x00,0x00,0x00,0x00,0x00,0x00,
  0x00,0x7f,0xc0,0x30,0x00,0x00,0x00,0x00,0x00,0x00,0x00,0x00,0x00,0x3e,0x02,0x02,0x7e,0x42,0x42,0x7e,0x40,0x00,0x40,0x00,
  0x40,0x00,0x7e,0x00,0x43,0x00,0x43,0x00,0x43,0x00,0x43,0x00,0x43,0x00,0x3e,0x00,0x3e,0x42,0x42,0x40,0x42,0x42,0x7e,0x03,
  0x00,0x03,0x00,0x03,0x00,0x3f,0x00,0x43,0x00,0x43,0x00,0x43,0x00,0x43,0x00,0x43,0x00,0x7f,0x00,0x3e,0x42,0x42,0x7e,0x40,
  0x40,0x7e,0x1c,0x30,0x30,0x7c,0x30,0x30,0x30,0x30,0x30,0x30,0x3f,0x00,0x43,0x00,0x43,0x00,0x43,0x00,0x43,0x00,0x43,0x00,
  0x3f,0x00,0x03,0x00,0x03,0x00,0x3e,0x00,0x40,0x00,0x40,0x00,0x40,0x00,0x7e,0x00,0x43,0x00,0x43,0x00,0x43,0x00,0x43,0x00,
  0x43,0x00,0x43,0x00,0x60,0x00,0x00,0x60,0x60,0x60,0x60,0x60,0x60,0x60,0x60,0x00,0x00,0x40,0x60,0x60,0x60,0x60,0x60,0x60,
  0x60,0x60,0xc0,0x40,0x40,0x40,0x46,0x4c,0x78,0x70,0x78,0x4c,0x46,0x40,0x40,0x40,0x40,0x40,0x40,0x40,0x40,0x40,0x40,0x7f,
  0xe0,0x42,0x20,0x42,0x20,0x42,0x20,0x42,0x20,0x42,0x20,0x42,0x20,0x7e,0x00,0x43,0x00,0x43,0x00,0x43,0x00,0x43,0x00,0x43,
  0x00,0x43,0x00,0x3e,0x00,0x42,0x00,0x42,0x00,0x42,0x00,0x42,0x00,0x42,0x00,0x7e,0x00,0x7e,0x00,0x43,0x00,0x43,0x00,0x43,
  0x00,0x43,0x00,0x43,0x00,0x7e,0x00,0x40,0x00,0x40,0x00,0x40,0x00,0x3e,0x00,0x43,0x00,0x43,0x00,0x43,0x00,0x43,0x00,0x43,
  0x00,0x7f,0x00,0x03,0x00,0x03,0x00,0x03,0x00,0x7c,0x46,0x46,0x40,0x40,0x40,0x40,0x7e,0x40,0x40,0x7c,0x02,0x02,0x7c,0x30,
  0x30,0x30,0x7c,0x30,0x30,0x30,0x30,0x30,0x1c,0x43,0x00,0x43,0x00,0x43,0x00,0x43,0x00,0x43,0x00,0x43,0x00,0x7f,0x00,0xc2,
  0x46,0x64,0x24,0x3c,0x18,0x18,0xc4,0x20,0x46,0x60,0x4e,0x40,0x6a,0x40,0x3b,0xc0,0x39,0x80,0x31,0x80,0x66,0x24,0x3c,0x18,
  0x3c,0x24,0x42,0xc2,0x46,0x64,0x2c,0x38,0x18,0x10,0x10,0x30,0x20,0x7e,0x0c,0x0c,0x18,0x30,0x20,0x7e,0x18,0x20,0x20,0x20,
  0x20,0x60,0xc0,0x60,0x20,0x20,0x20,0x20,0x18,0x60,0x60,0x60,0x60,0x60,0x60,0x60,0x60,0x60,0x60,0x60,0x60,0x60,0x60,0x60,
  0x30,0x30,0x30,0x30,0x10,0x18,0x10,0x30,0x30,0x30,0x30,0x60,0x32,0x4e,0x00,0x00,0x00,0x30,0x48,0x48,0x30,0x00,0x00,0x00,
  0x00,0x00,0x00,
};
const Glyph font14Glyphs[] = {{32,0,11,4,1,4,0},{33,0,1,4,10,4,1},{34,0,1,7,10,7,11},{35,0,1,11,10,11,21},{36,0,0,10,12,10,41},{37,0,1,13,10,13,65},{38,0,1,11,10,11,85},{39,0,1,4,10,4,105},{40,0,1,5,13,5,115},{41,0,1,5,13,5,128},{42,0,1,8,10,8,141},{43,0,3,10,8,10,151},{44,0,9,4,4,4,167},{45,0,7,6,4,6,171},{46,0,9,4,2,4,175},{47,0,0,6,12,6,177},{48,0,1,10,10,10,189},{49,0,1,5,10,5,209},{50,0,1,10,10,10,219},{51,0,1,9,10,9,239},{52,0,1,9,10,8,259},{53,0,1,9,10,9,279},{54,0,1,10,10,10,299},{55,0,1,9,10,8,319},{56,0,1,10,10,10,339},{57,0,1,10,10,10,359},{58,0,4,4,7,4,379},{59,0,4,4,9,4,386},{60,0,3,9,8,9,395},{61,0,5,10,6,10,411},{62,0,3,9,8,9,423},{63,0,1,8,10,8,439},{64,0,1,15,13,15,449},{65,0,1,10,10,10,475},{66,0,1,10,10,10,495},{67,0,1,10,10,10,515},{68,0,1,11,10,11,535},{69,0,1,9,10,9,555},{70,0,1,9,10,9,575},{71,0,1,11,10,11,595},{72,0,1,11,10,11,615},{73,0,1,4,10,4,635},{74,0,1,9,10,9,645},{75,0,1,10,10,10,665},{76,0,1,8,10,8,685},{77,0,1,13,10,13,695},{78,0,1,11,10,11,715},{79,0,1,11,10,11,735},{80,0,1,10,10,10,755},{81,0,1,11,12,11,775},{82,0,1,10,10,10,799},{83,0,1,10,10,10,819},{84,0,1,9,10,9,839},{85,0,1,11,10,11,859},{86,0,1,10,10,10,879},{87,0,1,14,10,14,899},{88,0,1,10,10,10,919},{89,0,1,10,10,10,939},{90,0,1,10,10,10,959},{91,0,1,6,13,6,979},{92,0,0,6,12,6,992},{93,0,1,6,13,6,1004},{94,0,1,8,10,8,1017},{95,-1,11,10,4,9,1027},{96,0,1,5,10,5,1035},{97,0,4,8,7,8,1045},{98,0,1,9,10,9,1052},{99,0,4,8,7,8,1072},{100,0,1,9,10,9,1079},{101,0,4,8,7,8,1099},{102,0,1,7,10,7,1106},{103,0,4,9,10,9,1116},{104,0,1,9,10,9,1136},{105,0,1,4,10,4,1156},{106,0,1,4,13,4,1166},{107,0,1,8,10,8,1179},{108,0,1,4,10,4,1189},{109,0,4,12,7,12,1199},{110,0,4,9,7,9,1213},{111,0,4,9,7,9,1227},{112,0,4,9,10,9,1241},{113,0,4,9,10,9,1261},{114,0,4,7,7,7,1281},{115,0,4,8,7,8,1288},{116,0,1,7,10,7,1295},{117,0,4,9,7,9,1305},{118,0,4,8,7,8,1319},{119,0,4,12,7,11,1326},{120,0,4,8,7,8,1340},{121,0,4,8,10,8,1347},{122,0,4,8,7,8,1357},{123,0,1,5,13,5,1364},{124,0,0,4,14,4,1377},{125,0,1,6,13,5,1391},{126,0,6,8,5,8,1404},{176,0,1,6,10,6,1409}};
const BitmapFont font14={font14Bits,font14Glyphs,96};
const uint8_t font20Bits[] = {
  0x00,0x30,0x30,0x30,0x30,0x30,0x30,0x30,0x30,0x20,0x00,0x00,0x70,0x70,0x70,0x33,0x00,0x33,0x00,0x33,0x00,0x33,0x00,0x33,
  0x00,0x33,0x00,0x33,0x00,0x00,0x00,0x00,0x00,0x00,0x00,0x00,0x00,0x00,0x00,0x00,0x00,0x00,0x00,0x06,0x30,0x06,0x30,0x06,
  0x30,0x3f,0xfc,0x3f,0xfc,0x0c,0x20,0x0c,0x20,0x0c,0x60,0x0c,0x60,0x3f,0xfc,0x3f,0xfc,0x08,0x60,0x18,0x40,0x18,0xc0,0x03,
  0x00,0x03,0x00,0x3f,0xf0,0x3f,0xf0,0x33,0x30,0x33,0x30,0x33,0x00,0x33,0x00,0x3f,0xf0,0x3f,0xf0,0x03,0x30,0x03,0x30,0x63,
  0x30,0x63,0x30,0x3f,0xf0,0x3f,0xf0,0x03,0x00,0x03,0x00,0x3e,0x06,0x00,0x7f,0x04,0x00,0x63,0x0c,0x00,0x63,0x18,0x00,0x63,
  0x30,0x00,0x7f,0x30,0x00,0x3e,0x60,0x00,0x00,0xcf,0x80,0x00,0x8f,0xc0,0x01,0x88,0xc0,0x03,0x08,0xc0,0x06,0x08,0xc0,0x06,
  0x0f,0xc0,0x0c,0x0f,0x80,0x1f,0xc0,0x3f,0xe0,0x30,0x60,0x30,0x60,0x30,0x00,0x30,0x00,0x1f,0xfc,0x3f,0xfc,0x30,0x30,0x60,
  0x30,0x60,0x30,0x30,0x70,0x3f,0xfc,0x1f,0xdc,0x30,0x30,0x30,0x30,0x30,0x30,0x30,0x00,0x00,0x00,0x00,0x00,0x00,0x00,0x0e,
  0x1e,0x38,0x30,0x60,0x60,0x60,0x60,0x60,0x60,0x60,0x60,0x60,0x60,0x60,0x30,0x38,0x1e,0x0e,0x70,0x78,0x1c,0x0c,0x0c,0x0c,
  0x0c,0x0c,0x0c,0x0c,0x0c,0x0c,0x0c,0x0c,0x0c,0x0c,0x1c,0x78,0x70,0x04,0x00,0x04,0x00,0x24,0x80,0x7f,0xc0,0x0e,0x00,0x0e,
  0x00,0x1b,0x00,0x11,0x00,0x00,0x00,0x00,0x00,0x00,0x00,0x00,0x00,0x00,0x00,0x00,0x00,0x03,0x00,0x03,0x00,0x03,0x00,0x03,
  0x00,0x3f,0xf8,0x3f,0xf8,0x03,0x00,0x03,0x00,0x03,0x00,0x03,0x00,0x03,0x00,0x38,0x38,0x38,0x10,0x30,0x20,0x3c,0x3c,0x00,
  0x00,0x00,0x00,0x00,0x38,0x38,0x38,0x03,0x00,0x03,0x00,0x06,0x00,0x06,0x00,0x06,0x00,0x0c,0x00,0x0c,0x00,0x0c,0x00,0x18,
  0x00,0x18,0x00,0x10,0x00,0x30,0x00,0x30,0x00,0x20,0x00,0x60,0x00,0x60,0x00,0x1f,0xf0,0x3f,0xf8,0x30,0x18,0x30,0x18,0x30,
  0x18,0x30,0x18,0x30,0x18,0x30,0x18,0x30,0x18,0x30,0x18,0x30,0x18,0x30,0x18,0x3f,0xf8,0x1f,0xf0,0x78,0x78,0x18,0x18,0x18,
  0x18,0x18,0x18,0x18,0x18,0x18,0x18,0x18,0x18,0x3f,0xe0,0x3f,0xf0,0x30,0x30,0x30,0x30,0x00,0x30,0x00,0x70,0x01,0xe0,0x0f,
  0x80,0x1e,0x00,0x38,0x00,0x30,0x30,0x30,0x30,0x3f,0xf0,0x3f,0xf0,0x1f,0xc0,0x3f,0xe0,0x70,0x70,0x60,0x30,0x00,0x30,0x00,
  0x60,0x0f,0xe0,0x0f,0xe0,0x00,0x30,0x00,0x30,0x60,0x30,0x60,0x30,0x7f,0xf0,0x3f,0xe0,0x01,0xc0,0x03,0xc0,0x07,0xc0,0x06,
  0xc0,0x0c,0xc0,0x18,0xc0,0x38,0xc0,0x30,0xc0,0x60,0xc0,0xff,0xf0,0xff,0xf0,0x00,0xc0,0x00,0xc0,0x00,0xc0,0x7f,0xe0,0x7f,
  0xe0,0x60,0x00,0x60,0x00,0x60,0x00,0x7f,0xc0,0x7f,0xe0,0x00,0x60,0x00,0x30,0x00,0x30,0x60,0x30,0x60,0x60,0x7f,0xe0,0x3f,
  0xc0,0x1f,0xe0,0x3f,0xf0,0x30,0x30,0x30,0x30,0x30,0x00,0x30,0x00,0x3f,0xe0,0x3f,0xf0,0x30,0x30,0x30,0x30,0x30,0x30,0x30,
  0x30,0x3f,0xf0,0x1f,0xe0,0x7f,0xf0,0x7f,0xe0,0x00,0xe0,0x00,0xc0,0x01,0xc0,0x01,0x80,0x03,0x80,0x03,0x00,0x07,0x00,0x06,
  0x00,0x0c,0x00,0x0c,0x00,0x18,0x00,0x18,0x00,0x1f,0xe0,0x3f,0xf0,0x30,0x30,0x30,0x30,0x30,0x30,0x30,0x30,0x1f,0xe0,0x3f,
  0xf0,0x30,0x30,0x60,0x30,0x60,0x30,0x30,0x30,0x3f,0xf0,0x1f,0xe0,0x1f,0xe0,0x3f,0xf0,0x30,0x30,0x30,0x30,0x30,0x30,0x30,
  0x30,0x3f,0xf0,0x1f,0xf0,0x00,0x30,0x00,0x30,0x30,0x30,0x30,0x30,0x3f,0xf0,0x1f,0xe0,0x38,0x38,0x38,0x00,0x00,0x00,0x00,
  0x38,0x38,0x38,0x38,0x38,0x38,0x00,0x00,0x00,0x00,0x38,0x38,0x38,0x10,0x30,0x20,0x00,0x10,0x00,0xf0,0x03,0xc0,0x1f,0x00,
  0x78,0x00,0x70,0x00,0x78,0x00,0x1f,0x00,0x03,0xc0,0x00,0xf0,0x00,0x30,0x3f,0xf8,0x3f,0xf8,0x00,0x00,0x00,0x00,0x00,0x00,
  0x3f,0xf8,0x3f,0xf8,0x00,0x00,0x00,0x00,0x20,0x00,0x38,0x00,0x1f,0x00,0x07,0xc0,0x00,0xf0,0x00,0x38,0x00,0xf0,0x07,0xc0,
  0x1f,0x00,0x38,0x00,0x20,0x00,0x3f,0x80,0x7f,0xc0,0x60,0xc0,0x60,0xc0,0x01,0xc0,0x07,0x80,0x0e,0x00,0x0c,0x00,0x0c,0x00,
  0x00,0x00,0x00,0x00,0x0e,0x00,0x0e,0x00,0x0e,0x00,0x0f,0xff,0x80,0x1f,0xff,0xc0,0x38,0x00,0xe0,0x30,0x00,0x60,0x31,0xf6,
  0x60,0x33,0xfe,0x60,0x33,0x06,0x60,0x33,0x06,0x60,0x33,0x06,0x60,0x33,0x06,0x60,0x33,0x06,0x60,0x33,0x06,0x60,0x33,0xff,
  0xe0,0x31,0xf3,0xe0,0x30,0x00,0x00,0x38,0x00,0x00,0x1f,0xff,0x80,0x0f,0xff,0x00,0x03,0x00,0x07,0x80,0x07,0x80,0x07,0x80,
  0x0c,0xc0,0x0c,0xc0,0x1c,0xe0,0x18,0x60,0x18,0x60,0x3f,0xf0,0x3f,0xf0,0x30,0x30,0x60,0x18,0x60,0x18,0x3f,0xe0,0x3f,0xf0,
  0x30,0x30,0x30,0x30,0x30,0x30,0x30,0x30,0x3f,0xe0,0x3f,0xf0,0x30,0x18,0x30,0x18,0x30,0x18,0x30,0x18,0x3f,0xf0,0x3f,0xe0,
  0x1f,0xf8,0x3f,0xf8,0x30,0x18,0x30,0x18,0x30,0x00,0x30,0x00,0x30,0x00,0x30,0x00,0x30,0x00,0x30,0x00,0x30,0x18,0x30,0x18,
  0x3f,0xf8,0x1f,0xf8,0x3f,0xe0,0x3f,0xf8,0x30,0x18,0x30,0x1c,0x30,0x0c,0x30,0x0c,0x30,0x0c,0x30,0x0c,0x30,0x0c,0x30,0x0c,
  0x30,0x1c,0x30,0x18,0x3f,0xf8,0x3f,0xe0,0x3f,0xf0,0x3f,0xf0,0x30,0x00,0x30,0x00,0x30,0x00,0x30,0x00,0x3f,0xe0,0x3f,0xe0,
  0x30,0x00,0x30,0x00,0x30,0x00,0x30,0x00,0x3f,0xf0,0x3f,0xf0,0x3f,0xf0,0x3f,0xf0,0x30,0x00,0x30,0x00,0x30,0x00,0x30,0x00,
  0x3f,0xe0,0x3f,0xe0,0x30,0x00,0x30,0x00,0x30,0x00,0x30,0x00,0x30,0x00,0x30,0x00,0x1f,0xf8,0x3f,0xf8,0x30,0x18,0x30,0x18,
  0x30,0x00,0x30,0x00,0x30,0x00,0x30,0xf8,0x30,0xf8,0x30,0x18,0x30,0x18,0x30,0x18,0x3f,0xf8,0x1f,0xf8,0x30,0x0c,0x30,0x0c,
  0x30,0x0c,0x30,0x0c,0x30,0x0c,0x30,0x0c,0x3f,0xfc,0x3f,0xfc,0x30,0x0c,0x30,0x0c,0x30,0x0c,0x30,0x0c,0x30,0x0c,0x30,0x0c,
  0x30,0x30,0x30,0x30,0x30,0x30,0x30,0x30,0x30,0x30,0x30,0x30,0x30,0x30,0x00,0x60,0x00,0x60,0x00,0x60,0x00,0x60,0x00,0x60,
  0x00,0x60,0x00,0x60,0x00,0x60,0x00,0x60,0x00,0x60,0x60,0x60,0x60,0x60,0x3f,0xe0,0x3f,0xc0,0x30,0x38,0x30,0x70,0x30,0xe0,
  0x31,0x80,0x33,0x00,0x3e,0x00,0x3c,0x00,0x3c,0x00,0x37,0x00,0x33,0x80,0x31,0xc0,0x30,0xe0,0x30,0x70,0x30,0x38,0x30,0x00,
  0x30,0x00,0x30,0x00,0x30,0x00,0x30,0x00,0x30,0x00,0x30,0x00,0x30,0x00,0x30,0x00,0x30,0x00,0x30,0x00,0x30,0x00,0x3f,0xe0,
  0x3f,0xe0,0x30,0x03,0x80,0x38,0x03,0x80,0x38,0x07,0x80,0x3c,0x07,0x80,0x3c,0x0f,0x80,0x36,0x0d,0x80,0x36,0x19,0x80,0x33,
  0x19,0x80,0x33,0x31,0x80,0x31,0xb1,0x80,0x31,0xe1,0x80,0x30,0xe1,0x80,0x30,0xc1,0x80,0x30,0x41,0x80,0x30,0x0c,0x38,0x0c,
  0x3c,0x0c,0x3e,0x0c,0x36,0x0c,0x33,0x0c,0x33,0x8c,0x31,0xcc,0x30,0xcc,0x30,0x6c,0x30,0x3c,0x30,0x3c,0x30,0x1c,0x30,0x0c,
  0x1f,0xf8,0x3f,0xfc,0x30,0x0c,0x30,0x0c,0x30,0x0c,0x30,0x0c,0x30,0x0c,0x30,0x0c,0x30,0x0c,0x30,0x0c,0x30,0x0c,0x30,0x0c,
  0x3f,0xfc,0x1f,0xf8,0x3f,0xe0,0x3f,0xf0,0x30,0x38,0x30,0x18,0x30,0x18,0x30,0x18,0x30,0x18,0x3f,0xf0,0x3f,0xe0,0x30,0x00,
  0x30,0x00,0x30,0x00,0x30,0x00,0x30,0x00,0x1f,0xf8,0x3f,0xfc,0x30,0x0c,0x30,0x0c,0x30,0x0c,0x30,0x0c,0x30,0x0c,0x30,0x0c,
  0x30,0x0c,0x30,0x0c,0x31,0x0c,0x31,0x8c,0x3f,0xfc,0x1f,0xf8,0x01,0x80,0x01,0x80,0x01,0x80,0x3f,0xe0,0x3f,0xf0,0x30,0x18,
  0x30,0x18,0x30,0x18,0x30,0x18,0x3f,0xf0,0x3f,0xf0,0x30,0xe0,0x30,0x60,0x30,0x60,0x30,0x30,0x30,0x30,0x30,0x18,0x1f,0xf0,
  0x3f,0xf0,0x30,0x18,0x30,0x18,0x30,0x00,0x30,0x00,0x3f,0xf0,0x1f,0xf0,0x00,0x18,0x00,0x18,0x30,0x18,0x30,0x18,0x3f,0xf0,
  0x3f,0xf0,0x7f,0xf0,0x7f,0xf0,0x06,0x00,0x06,0x00,0x06,0x00,0x06,0x00,0x06,0x00,0x06,0x00,0x06,0x00,0x06,0x00,0x06,0x00,
  0x06,0x00,0x06,0x00,0x06,0x00,0x30,0x0c,0x30,0x0c,0x30,0x0c,0x30,0x0c,0x30,0x0c,0x30,0x0c,0x30,0x0c,0x30,0x0c,0x30,0x0c,
  0x30,0x0c,0x30,0x0c,0x30,0x0c,0x3f,0xfc,0x1f,0xf8,0x60,0x18,0x60,0x18,0x30,0x18,0x30,0x30,0x30,0x30,0x18,0x60,0x18,0x60,
  0x1c,0x60,0x0c,0xc0,0x0c,0xc0,0x07,0xc0,0x07,0x80,0x07,0x80,0x03,0x00,0x60,0x60,0x60,0x60,0xe0,0x60,0x60,0xe0,0xc0,0x30,
  0xf0,0xc0,0x30,0xf0,0xc0,0x31,0xb1,0x80,0x31,0x99,0x80,0x19,0x99,0x80,0x1b,0x19,0x80,0x1b,0x0b,0x00,0x0f,0x0f,0x00,0x0f,
  0x0f,0x00,0x0e,0x0e,0x00,0x0e,0x06,0x00,0x60,0x38,0x30,0x30,0x38,0x60,0x1c,0xe0,0x0d,0xc0,0x07,0x80,0x07,0x00,0x07,0x00,
  0x07,0x80,0x0d,0xc0,0x1c,0xe0,0x38,0x60,0x30,0x30,0x60,0x38,0x60,0x18,0x70,0x30,0x30,0x70,0x18,0x60,0x1c,0xc0,0x0d,0xc0,
  0x07,0x80,0x07,0x00,0x03,0x00,0x03,0x00,0x03,0x00,0x03,0x00,0x03,0x00,0x03,0x00,0x7f,0xf0,0x7f,0xf0,0x00,0x60,0x00,0xc0,
  0x01,0xc0,0x01,0x80,0x03,0x00,0x07,0x00,0x06,0x00,0x0c,0x00,0x1c,0x00,0x18,0x00,0x3f,0xf0,0x7f,0xf0,0x3e,0x3e,0x30,0x30,
  0x30,0x30,0x30,0x30,0x30,0x30,0x30,0x30,0x30,0x30,0x30,0x30,0x30,0x3e,0x3e,0x60,0x00,0x60,0x00,0x30,0x00,0x30,0x00,0x30,
  0x00,0x18,0x00,0x18,0x00,0x18,0x00,0x0c,0x00,0x0c,0x00,0x0c,0x00,0x06,0x00,0x06,0x00,0x06,0x00,0x03,0x00,0x03,0x00,0x7c,
  0x7c,0x0c,0x0c,0x0c,0x0c,0x0c,0x0c,0x0c,0x0c,0x0c,0x0c,0x0c,0x0c,0x0c,0x0c,0x0c,0x7c,0x7c,0x0e,0x00,0x0f,0x00,0x1b,0x00,
  0x31,0x80,0x31,0x80,0x60,0xc0,0x00,0x00,0x00,0x00,0x00,0x00,0x00,0x00,0x00,0x00,0x00,0x00,0x00,0x00,0x00,0x00,0x00,0x00,
  0x00,0x00,0x00,0x00,0x00,0x00,0x7f,0xf8,0x7f,0xf8,0x38,0x0c,0x00,0x00,0x00,0x00,0x00,0x00,0x00,0x00,0x00,0x00,0x00,0x00,
  0x3f,0xc0,0x3f,0xc0,0x00,0xc0,0x3f,0xc0,0x3f,0xc0,0x30,0xc0,0x30,0xc0,0x30,0xc0,0x3f,0xc0,0x3f,0xc0,0x30,0x00,0x30,0x00,
  0x30,0x00,0x30,0x00,0x3f,0xc0,0x3f,0xe0,0x30,0x60,0x30,0x60,0x30,0x60,0x30,0x60,0x30,0x60,0x30,0x60,0x3f,0xe0,0x3f,0xc0,
  0x3f,0xc0,0x3f,0xc0,0x30,0xc0,0x30,0xc0,0x30,0x00,0x30,0x00,0x30,0xc0,0x30,0xc0,0x3f,0xc0,0x3f,0xc0,0x00,0x60,0x00,0x60,
  0x00,0x60,0x00,0x60,0x3f,0xe0,0x3f,0xe0,0x30,0x60,0x30,0x60,0x30,0x60,0x30,0x60,0x30,0x60,0x30,0x60,0x3f,0xe0,0x3f,0x60,
  0x3f,0xc0,0x3f,0xc0,0x30,0xc0,0x30,0xc0,0x3f,0xc0,0x3f,0xc0,0x30,0x00,0x30,0x00,0x3f,0xc0,0x3f,0xc0,0x0f,0x80,0x0f,0x80,
  0x08,0x00,0x08,0x00,0x7f,0x80,0x7f,0x80,0x08,0x00,0x08,0x00,0x08,0x00,0x08,0x00,0x08,0x00,0x08,0x00,0x08,0x00,0x08,0x00,
  0x3f,0x60,0x3f,0xe0,0x30,0x60,0x30,0x60,0x30,0x60,0x30,0x60,0x30,0x60,0x30,0x60,0x3f,0xe0,0x3f,0xe0,0x00,0x60,0x00,0x60,
  0x1f,0xe0,0x1f,0xc0,0x30,0x00,0x30,0x00,0x30,0x00,0x30,0x00,0x3f,0xc0,0x3f,0xe0,0x30,0x60,0x30,0x60,0x30,0x60,0x30,0x60,
  0x30,0x60,0x30,0x60,0x30,0x60,0x30,0x60,0x30,0x30,0x00,0x00,0x30,0x30,0x30,0x30,0x30,0x30,0x30,0x30,0x30,0x30,0x30,0x30,
  0x00,0x20,0x30,0x30,0x30,0x30,0x30,0x30,0x30,0x30,0x30,0x30,0x30,0x30,0xf0,0xe0,0x30,0x00,0x30,0x00,0x30,0x00,0x30,0x00,
  0x31,0xc0,0x33,0x80,0x37,0x00,0x3e,0x00,0x3c,0x00,0x3c,0x00,0x3e,0x00,0x33,0x00,0x31,0x80,0x30,0xe0,0x30,0x30,0x30,0x30,
  0x30,0x30,0x30,0x30,0x30,0x30,0x30,0x30,0x30,0x30,0x3f,0x9e,0x00,0x3f,0xff,0x00,0x30,0xc3,0x00,0x30,0xc3,0x00,0x30,0xc3,
  0x00,0x30,0xc3,0x00,0x30,0xc3,0x00,0x30,0xc3,0x00,0x30,0xc3,0x00,0x30,0xc3,0x00,0x3f,0xc0,0x3f,0xe0,0x30,0x60,0x30,0x60,
  0x30,0x60,0x30,0x60,0x30,0x60,0x30,0x60,0x30,0x60,0x30,0x60,0x3f,0xc0,0x3f,0xe0,0x30,0x60,0x30,0x60,0x30,0x60,0x30,0x60,
  0x30,0x60,0x30,0x60,0x3f,0xe0,0x3f,0xc0,0x3f,0xc0,0x3f,0xe0,0x30,0x60,0x30,0x60,0x30,0x60,0x30,0x60,0x30,0x60,0x30,0x60,
  0x3f,0xe0,0x3f,0xc0,0x30,0x00,0x30,0x00,0x30,0x00,0x30,0x00,0x3f,0xc0,0x3f,0xe0,0x30,0x60,0x30,0x60,0x30,0x60,0x30,0x60,
  0x30,0x60,0x30,0x60,0x3f,0xe0,0x3f,0x60,0x00,0x60,0x00,0x60,0x00,0x60,0x00,0x60,0x03,0x80,0x3f,0x80,0x3f,0x80,0x31,0x80,
  0x30,0x00,0x30,0x00,0x30,0x00,0x30,0x00,0x30,0x00,0x30,0x00,0x30,0x00,0x3f,0x80,0x7f,0x80,0x60,0x00,0x60,0x00,0x7f,0x80,
  0x3f,0xc0,0x00,0xc0,0x00,0xc0,0x7f,0xc0,0x7f,0x80,0x08,0x00,0x08,0x00,0x08,0x00,0x08,0x00,0x7f,0x80,0x7f,0x80,0x08,0x00,
  0x08,0x00,0x08,0x00,0x08,0x00,0x08,0x00,0x08,0x00,0x0f,0x80,0x0f,0x80,0x30,0x60,0x30,0x60,0x30,0x60,0x30,0x60,0x30,0x60,
  0x30,0x60,0x30,0x60,0x30,0x60,0x3f,0xe0,0x3f,0x60,0x60,0x60,0x60,0xc0,0x60,0xc0,0x31,0x80,0x31,0x80,0x1b,0x00,0x1b,0x00,
  0x0f,0x00,0x0e,0x00,0x0e,0x00,0x61,0x83,0x61,0xc6,0x63,0xc6,0x23,0xc6,0x32,0x4c,0x36,0x6c,0x16,0x6c,0x1e,0x38,0x1c,0x38,
  0x0c,0x38,0x60,0xc0,0x31,0xc0,0x1b,0x80,0x1f,0x00,0x0e,0x00,0x0e,0x00,0x1f,0x00,0x19,0x80,0x31,0xc0,0x60,0xc0,0x60,0xc0,
  0x60,0xc0,0x31,0x80,0x31,0x80,0x33,0x00,0x1b,0x00,0x1f,0x00,0x0e,0x00,0x0e,0x00,0x0c,0x00,0x0c,0x00,0x18,0x00,0x18,0x00,
  0x10,0x00,0x7f,0xc0,0x7f,0x80,0x03,0x80,0x03,0x00,0x06,0x00,0x0c,0x00,0x1c,0x00,0x18,0x00,0x3f,0xc0,0x7f,0xc0,0x0e,0x1e,
  0x38,0x30,0x30,0x30,0x30,0x30,0x30,0xf0,0xf0,0x30,0x30,0x30,0x30,0x30,0x38,0x1e,0x0e,0x30,0x30,0x30,0x30,0x30,0x30,0x30,
  0x30,0x30,0x30,0x30,0x30,0x30,0x30,0x30,0x30,0x30,0x30,0x30,0x70,0x78,0x18,0x0c,0x0c,0x0c,0x18,0x18,0x0c,0x0e,0x0e,0x0c,
  0x18,0x18,0x0c,0x0c,0x18,0x78,0x70,0x1c,0x60,0x3f,0xc0,0x63,0x80,0x00,0x00,0x00,0x00,0x00,0x00,0x00,0x00,0x00,0x00,0x1c,
  0x00,0x3e,0x00,0x62,0x00,0x62,0x00,0x3e,0x00,0x1c,0x00,0x00,0x00,0x00,0x00,0x00,0x00,0x00,0x00,0x00,0x00,0x00,0x00,0x00,
  0x00,0x00,0x00,
};
const Glyph font20Glyphs[] = {{32,0,15,6,1,6,0},{33,0,1,6,14,6,1},{34,0,1,10,14,10,15},{35,0,1,15,14,15,43},{36,0,-1,14,18,14,71},{37,0,1,19,14,19,107},{38,0,1,15,14,15,149},{39,0,1,6,14,6,177},{40,0,0,8,19,8,191},{41,0,0,8,19,8,210},{42,0,1,11,14,11,229},{43,0,4,14,11,14,257},{44,0,12,6,6,6,279},{45,0,8,8,7,8,285},{46,0,12,6,3,6,292},{47,0,0,9,16,9,295},{48,0,1,15,14,15,327},{49,0,1,7,14,7,355},{50,0,1,14,14,14,369},{51,0,1,13,14,13,397},{52,0,1,12,14,12,425},{53,0,1,13,14,13,453},{54,0,1,14,14,14,481},{55,0,1,12,14,12,509},{56,0,1,14,14,14,537},{57,0,1,14,14,14,565},{58,0,5,6,10,6,593},{59,0,5,6,13,6,603},{60,0,4,13,11,13,616},{61,0,6,14,9,14,638},{62,0,4,13,11,13,656},{63,0,1,11,14,11,678},{64,0,1,21,18,21,706},{65,0,1,14,14,14,760},{66,0,1,14,14,14,788},{67,0,1,15,14,15,816},{68,0,1,15,14,15,844},{69,0,1,13,14,13,872},{70,0,1,13,14,13,900},{71,0,1,15,14,15,928},{72,0,1,16,14,16,956},{73,0,1,6,14,6,984},{74,0,1,13,14,13,998},{75,0,1,14,14,14,1026},{76,0,1,12,14,12,1054},{77,0,1,19,14,19,1082},{78,0,1,16,14,16,1124},{79,0,1,16,14,16,1152},{80,0,1,14,14,14,1180},{81,0,1,16,17,16,1208},{82,0,1,14,14,14,1242},{83,0,1,14,14,14,1270},{84,0,1,12,14,12,1298},{85,0,1,16,14,16,1326},{86,0,1,14,14,14,1354},{87,0,1,20,14,20,1382},{88,0,1,14,14,14,1424},{89,0,1,14,14,14,1452},{90,0,1,14,14,14,1480},{91,0,0,8,19,8,1508},{92,0,0,9,16,9,1527},{93,0,0,8,19,8,1559},{94,0,1,11,14,11,1578},{95,-1,15,14,6,12,1606},{96,0,1,8,14,8,1618},{97,0,5,12,10,12,1632},{98,0,1,12,14,12,1652},{99,0,5,12,10,12,1680},{100,0,1,12,14,12,1700},{101,0,5,12,10,12,1728},{102,0,1,10,14,10,1748},{103,0,5,12,14,12,1776},{104,0,1,12,14,12,1804},{105,0,1,5,14,5,1832},{106,0,1,5,18,5,1846},{107,0,1,12,14,11,1864},{108,0,1,5,14,5,1892},{109,0,5,18,10,18,1906},{110,0,5,12,10,12,1936},{111,0,5,12,10,12,1956},{112,0,5,12,14,12,1976},{113,0,5,12,14,12,2004},{114,0,4,10,11,10,2032},{115,0,5,11,10,11,2054},{116,0,1,10,14,10,2074},{117,0,5,12,10,12,2102},{118,0,5,11,10,11,2122},{119,0,5,16,10,16,2142},{120,0,5,11,10,11,2162},{121,0,5,11,14,11,2182},{122,0,5,11,10,11,2210},{123,0,0,8,19,8,2230},{124,0,0,6,19,6,2249},{125,0,0,8,19,8,2268},{126,0,7,12,8,12,2287},{176,0,1,9,14,9,2303}};
const BitmapFont font20={font20Bits,font20Glyphs,96};
const uint8_t font24Bits[] = {
  0x00,0x38,0x38,0x38,0x38,0x38,0x38,0x30,0x30,0x10,0x10,0x10,0x00,0x00,0x38,0x38,0x38,0x38,0x39,0xc0,0x39,0xc0,0x39,0xc0,
  0x39,0xc0,0x39,0xc0,0x39,0x80,0x31,0x80,0x11,0x80,0x00,0x00,0x00,0x00,0x00,0x00,0x00,0x00,0x00,0x00,0x00,0x00,0x00,0x00,
  0x00,0x00,0x00,0x00,0x03,0x06,0x00,0x03,0x0c,0x00,0x03,0x0c,0x00,0x03,0x0c,0x00,0x3f,0xff,0x00,0x3f,0xff,0x00,0x06,0x0c,
  0x00,0x06,0x1c,0x00,0x06,0x18,0x00,0x06,0x18,0x00,0x06,0x18,0x00,0x3f,0xff,0x00,0x3f,0xff,0x00,0x0c,0x18,0x00,0x0c,0x38,
  0x00,0x0c,0x30,0x00,0x0c,0x30,0x00,0x01,0x80,0x00,0x01,0x80,0x00,0x1f,0xfc,0x00,0x3f,0xfe,0x00,0x31,0x86,0x00,0x31,0x86,
  0x00,0x31,0x86,0x00,0x31,0x80,0x00,0x31,0x80,0x00,0x31,0x80,0x00,0x3f,0xfc,0x00,0x1f,0xfe,0x00,0x01,0x86,0x00,0x01,0x86,
  0x00,0x31,0x86,0x00,0x31,0x86,0x00,0x31,0x86,0x00,0x3f,0xfe,0x00,0x1f,0xfc,0x00,0x01,0x80,0x00,0x01,0x80,0x00,0x1f,0x00,
  0xc0,0x3f,0x81,0xc0,0x31,0x81,0x80,0x31,0x83,0x00,0x31,0x86,0x00,0x31,0x86,0x00,0x31,0x8c,0x00,0x3f,0x98,0x00,0x1f,0x39,
  0xf0,0x00,0x33,0xf8,0x00,0x63,0x18,0x00,0xc3,0x18,0x00,0xc3,0x18,0x01,0x83,0x18,0x03,0x03,0x18,0x07,0x03,0xf8,0x06,0x01,
  0xf0,0x0f,0xf0,0x00,0x1f,0xf8,0x00,0x38,0x18,0x00,0x30,0x1c,0x00,0x30,0x18,0x00,0x30,0x00,0x00,0x30,0x00,0x00,0x18,0x00,
  0x00,0x1f,0xff,0x80,0x1f,0xff,0x80,0x38,0x0c,0x00,0x30,0x0c,0x00,0x30,0x0c,0x00,0x30,0x1c,0x00,0x38,0x1c,0x00,0x3f,0xff,
  0x80,0x1f,0xf3,0x80,0x38,0x38,0x38,0x38,0x38,0x38,0x30,0x10,0x00,0x00,0x00,0x00,0x00,0x00,0x00,0x00,0x00,0x07,0x00,0x1f,
  0x00,0x1c,0x00,0x38,0x00,0x30,0x00,0x30,0x00,0x30,0x00,0x30,0x00,0x30,0x00,0x30,0x00,0x30,0x00,0x30,0x00,0x30,0x00,0x30,
  0x00,0x30,0x00,0x30,0x00,0x30,0x00,0x30,0x00,0x30,0x00,0x38,0x00,0x1c,0x00,0x1f,0x00,0x07,0x00,0x70,0x00,0x7c,0x00,0x0e,
  0x00,0x06,0x00,0x07,0x00,0x07,0x00,0x07,0x00,0x07,0x00,0x07,0x00,0x07,0x00,0x07,0x00,0x07,0x00,0x07,0x00,0x07,0x00,0x07,
  0x00,0x07,0x00,0x07,0x00,0x07,0x00,0x07,0x00,0x06,0x00,0x0e,0x00,0x7c,0x00,0x70,0x00,0x03,0x00,0x03,0x00,0x02,0x00,0x33,
  0x60,0x3f,0xe0,0x07,0x80,0x07,0x80,0x0d,0x80,0x18,0xc0,0x08,0x80,0x00,0x00,0x00,0x00,0x00,0x00,0x00,0x00,0x00,0x00,0x00,
  0x00,0x00,0x00,0x01,0xc0,0x00,0x01,0xc0,0x00,0x01,0xc0,0x00,0x01,0xc0,0x00,0x01,0xc0,0x00,0x3f,0xfe,0x00,0x3f,0xfe,0x00,
  0x01,0xc0,0x00,0x01,0xc0,0x00,0x01,0xc0,0x00,0x01,0xc0,0x00,0x01,0xc0,0x00,0x01,0xc0,0x00,0x38,0x38,0x38,0x38,0x18,0x18,
  0x10,0x30,0x3f,0x00,0x3f,0x00,0x00,0x00,0x00,0x00,0x00,0x00,0x00,0x00,0x00,0x00,0x00,0x00,0x38,0x38,0x38,0x38,0x01,0x80,
  0x01,0x80,0x03,0x80,0x03,0x00,0x03,0x00,0x07,0x00,0x06,0x00,0x06,0x00,0x0e,0x00,0x0c,0x00,0x0c,0x00,0x1c,0x00,0x18,0x00,
  0x18,0x00,0x38,0x00,0x30,0x00,0x30,0x00,0x70,0x00,0x60,0x00,0x1f,0xfc,0x00,0x3f,0xfe,0x00,0x38,0x06,0x00,0x38,0x06,0x00,
  0x38,0x06,0x00,0x38,0x06,0x00,0x38,0x06,0x00,0x38,0x06,0x00,0x38,0x06,0x00,0x38,0x06,0x00,0x38,0x06,0x00,0x38,0x06,0x00,
  0x38,0x06,0x00,0x38,0x06,0x00,0x38,0x06,0x00,0x3f,0xfe,0x00,0x1f,0xfc,0x00,0x7c,0x7c,0x0c,0x0c,0x0c,0x0c,0x0c,0x0c,0x0c,
  0x0c,0x0c,0x0c,0x0c,0x0c,0x0c,0x0c,0x0c,0x1f,0xf8,0x00,0x3f,0xfc,0x00,0x30,0x0c,0x00,0x30,0x0c,0x00,0x30,0x0c,0x00,0x00,
  0x0c,0x00,0x00,0x3c,0x00,0x00,0xfc,0x00,0x03,0xf0,0x00,0x0f,0xc0,0x00,0x1f,0x00,0x00,0x3c,0x00,0x00,0x38,0x0e,0x00,0x30,
  0x0e,0x00,0x30,0x0e,0x00,0x3f,0xfe,0x00,0x3f,0xfe,0x00,0x1f,0xf0,0x3f,0xf8,0x30,0x1c,0x70,0x0c,0x30,0x0c,0x00,0x0c,0x00,
  0x0c,0x00,0x18,0x07,0xf8,0x07,0xf8,0x00,0x0c,0x00,0x0c,0x60,0x0c,0x70,0x0c,0x70,0x0c,0x3f,0xfc,0x1f,0xf8,0x00,0xf0,0x00,
  0xf0,0x01,0xf0,0x03,0xf0,0x07,0x70,0x06,0x70,0x0e,0x70,0x1c,0x70,0x38,0x70,0x70,0x70,0x70,0x70,0xff,0xfc,0xff,0xfc,0x00,
  0x70,0x00,0x70,0x00,0x70,0x00,0x70,0x3f,0xf8,0x3f,0xf8,0x30,0x00,0x30,0x00,0x30,0x00,0x30,0x00,0x30,0x00,0x3f,0xf0,0x3f,
  0xf8,0x00,0x1c,0x00,0x1c,0x00,0x0c,0x60,0x0c,0x70,0x1c,0x70,0x1c,0x3f,0xf8,0x1f,0xf0,0x1f,0xfc,0x00,0x3f,0xfc,0x00,0x38,
  0x0e,0x00,0x38,0x0e,0x00,0x38,0x0e,0x00,0x38,0x00,0x00,0x38,0x00,0x00,0x38,0x00,0x00,0x3f,0xfc,0x00,0x3f,0xfc,0x00,0x38,
  0x0e,0x00,0x38,0x0e,0x00,0x38,0x0e,0x00,0x38,0x0e,0x00,0x38,0x0e,0x00,0x3f,0xfc,0x00,0x1f,0xfc,0x00,0x7f,0xfc,0x7f,0xfc,
  0x00,0x38,0x00,0x38,0x00,0x70,0x00,0x60,0x00,0xe0,0x00,0xc0,0x01,0xc0,0x01,0x80,0x03,0x80,0x03,0x00,0x07,0x00,0x06,0x00,
  0x0e,0x00,0x0c,0x00,0x1c,0x00,0x0f,0xf8,0x00,0x1f,0xfc,0x00,0x38,0x0c,0x00,0x30,0x0e,0x00,0x30,0x0e,0x00,0x30,0x0e,0x00,
  0x30,0x0c,0x00,0x18,0x0c,0x00,0x1f,0xf8,0x00,0x1f,0xfc,0x00,0x38,0x0c,0x00,0x30,0x0e,0x00,0x30,0x0e,0x00,0x30,0x0e,0x00,
  0x38,0x0e,0x00,0x3f,0xfc,0x00,0x1f,0xf8,0x00,0x1f,0xfc,0x00,0x3f,0xfc,0x00,0x38,0x0e,0x00,0x38,0x0e,0x00,0x38,0x0e,0x00,
  0x38,0x0e,0x00,0x38,0x0e,0x00,0x38,0x0e,0x00,0x3f,0xfe,0x00,0x1f,0xfe,0x00,0x00,0x0e,0x00,0x00,0x0e,0x00,0x38,0x0e,0x00,
  0x38,0x0e,0x00,0x38,0x0e,0x00,0x3f,0xfc,0x00,0x1f,0xfc,0x00,0x38,0x38,0x38,0x38,0x00,0x00,0x00,0x00,0x00,0x38,0x38,0x38,
  0x38,0x38,0x38,0x38,0x38,0x00,0x00,0x00,0x00,0x00,0x38,0x38,0x38,0x38,0x18,0x18,0x10,0x30,0x00,0x04,0x00,0x1c,0x00,0xfc,
  0x03,0xf0,0x0f,0x80,0x3e,0x00,0x78,0x00,0x78,0x00,0x7e,0x00,0x0f,0x80,0x03,0xf0,0x00,0xfc,0x00,0x1c,0x00,0x04,0x3f,0xfe,
  0x00,0x3f,0xfe,0x00,0x00,0x00,0x00,0x00,0x00,0x00,0x00,0x00,0x00,0x00,0x00,0x00,0x3f,0xfe,0x00,0x3f,0xfe,0x00,0x00,0x00,
  0x00,0x00,0x00,0x00,0x00,0x00,0x00,0x20,0x00,0x38,0x00,0x3f,0x00,0x0f,0xc0,0x01,0xf0,0x00,0x7c,0x00,0x1e,0x00,0x1e,0x00,
  0x7e,0x01,0xf0,0x0f,0xc0,0x3f,0x00,0x38,0x00,0x20,0x00,0x1f,0xe0,0x3f,0xf0,0x70,0x30,0x70,0x30,0x70,0x70,0x00,0xf0,0x03,
  0xe0,0x07,0x80,0x06,0x00,0x06,0x00,0x00,0x00,0x00,0x00,0x00,0x00,0x0f,0x00,0x0f,0x00,0x0f,0x00,0x0f,0x00,0x07,0xff,0xf0,
  0x00,0x0f,0xff,0xfc,0x00,0x1c,0x00,0x1c,0x00,0x18,0x00,0x0e,0x00,0x38,0x00,0x06,0x00,0x38,0x7d,0xc6,0x00,0x30,0xff,0xc6,
  0x00,0x30,0xc1,0xc6,0x00,0x30,0xc1,0xc6,0x00,0x30,0xc1,0xc6,0x00,0x30,0xc1,0xc6,0x00,0x30,0xc1,0xc6,0x00,0x30,0xc1,0xc6,
  0x00,0x30,0xc1,0xc6,0x00,0x30,0xc1,0xc6,0x00,0x30,0xff,0xfe,0x00,0x38,0x7c,0xfc,0x00,0x38,0x00,0x00,0x00,0x18,0x00,0x00,
  0x00,0x1c,0x00,0x00,0x00,0x0f,0xff,0xf0,0x00,0x07,0xff,0xf0,0x00,0x01,0xc0,0x00,0x01,0xc0,0x00,0x03,0xe0,0x00,0x03,0xe0,
  0x00,0x07,0x60,0x00,0x07,0x70,0x00,0x06,0x30,0x00,0x0e,0x30,0x00,0x0c,0x38,0x00,0x0c,0x18,0x00,0x1c,0x1c,0x00,0x1f,0xfc,
  0x00,0x3f,0xfc,0x00,0x30,0x0e,0x00,0x30,0x06,0x00,0x70,0x07,0x00,0x60,0x07,0x00,0x3f,0xf8,0x00,0x3f,0xfc,0x00,0x38,0x0e,
  0x00,0x38,0x0e,0x00,0x38,0x06,0x00,0x38,0x06,0x00,0x38,0x06,0x00,0x38,0x0c,0x00,0x3f,0xfc,0x00,0x3f,0xfc,0x00,0x38,0x06,
  0x00,0x38,0x06,0x00,0x38,0x06,0x00,0x38,0x06,0x00,0x38,0x06,0x00,0x3f,0xfe,0x00,0x3f,0xfc,0x00,0x1f,0xfe,0x00,0x3f,0xff,
  0x00,0x38,0x03,0x00,0x38,0x03,0x00,0x38,0x03,0x00,0x38,0x00,0x00,0x38,0x00,0x00,0x38,0x00,0x00,0x38,0x00,0x00,0x38,0x00,
  0x00,0x38,0x00,0x00,0x38,0x00,0x00,0x38,0x03,0x00,0x38,0x03,0x00,0x38,0x03,0x00,0x3f,0xff,0x00,0x1f,0xfe,0x00,0x3f,0xf8,
  0x00,0x3f,0xfe,0x00,0x38,0x07,0x00,0x38,0x03,0x00,0x38,0x03,0x00,0x38,0x03,0x80,0x38,0x03,0x80,0x38,0x03,0x80,0x38,0x03,
  0x80,0x38,0x03,0x80,0x38,0x03,0x80,0x38,0x03,0x80,0x38,0x03,0x00,0x38,0x03,0x00,0x38,0x07,0x00,0x3f,0xfe,0x00,0x3f,0xf8,
  0x00,0x3f,0xfc,0x3f,0xfc,0x38,0x00,0x38,0x00,0x38,0x00,0x38,0x00,0x38,0x00,0x38,0x00,0x3f,0xf8,0x3f,0xf8,0x38,0x00,0x38,
  0x00,0x38,0x00,0x38,0x00,0x38,0x00,0x3f,0xfc,0x3f,0xfc,0x3f,0xfc,0x3f,0xfc,0x38,0x00,0x38,0x00,0x38,0x00,0x38,0x00,0x38,
  0x00,0x38,0x00,0x3f,0xf8,0x3f,0xf8,0x38,0x00,0x38,0x00,0x38,0x00,0x38,0x00,0x38,0x00,0x38,0x00,0x38,0x00,0x1f,0xfe,0x00,
  0x3f,0xff,0x00,0x38,0x03,0x00,0x38,0x03,0x00,0x38,0x03,0x00,0x38,0x00,0x00,0x38,0x00,0x00,0x38,0x00,0x00,0x38,0x7f,0x00,
  0x38,0x7f,0x00,0x38,0x03,0x00,0x38,0x03,0x00,0x38,0x03,0x00,0x38,0x03,0x00,0x38,0x03,0x00,0x3f,0xff,0x00,0x1f,0xfe,0x00,
  0x38,0x03,0x80,0x38,0x03,0x80,0x38,0x03,0x80,0x38,0x03,0x80,0x38,0x03,0x80,0x38,0x03,0x80,0x38,0x03,0x80,0x38,0x03,0x80,
  0x3f,0xff,0x80,0x3f,0xff,0x80,0x38,0x03,0x80,0x38,0x03,0x80,0x38,0x03,0x80,0x38,0x03,0x80,0x38,0x03,0x80,0x38,0x03,0x80,
  0x38,0x03,0x80,0x38,0x38,0x38,0x38,0x38,0x38,0x38,0x38,0x38,0x38,0x38,0x38,0x38,0x38,0x38,0x38,0x38,0x00,0x18,0x00,0x18,
  0x00,0x18,0x00,0x18,0x00,0x18,0x00,0x18,0x00,0x18,0x00,0x18,0x00,0x18,0x00,0x18,0x00,0x18,0x00,0x18,0x30,0x18,0x30,0x18,
  0x30,0x18,0x3f,0xf8,0x1f,0xf0,0x38,0x0e,0x00,0x38,0x1c,0x00,0x38,0x38,0x00,0x38,0x70,0x00,0x38,0xe0,0x00,0x39,0xc0,0x00,
  0x3f,0x80,0x00,0x3f,0x00,0x00,0x3e,0x00,0x00,0x3f,0x00,0x00,0x3b,0x80,0x00,0x39,0xc0,0x00,0x38,0xe0,0x00,0x38,0x78,0x00,
  0x38,0x3c,0x00,0x38,0x1e,0x00,0x38,0x0f,0x00,0x38,0x00,0x38,0x00,0x38,0x00,0x38,0x00,0x38,0x00,0x38,0x00,0x38,0x00,0x38,
  0x00,0x38,0x00,0x38,0x00,0x38,0x00,0x38,0x00,0x38,0x00,0x38,0x00,0x38,0x00,0x3f,0xf8,0x3f,0xf8,0x38,0x00,0x70,0x3c,0x00,
  0x70,0x3c,0x00,0xf0,0x3e,0x00,0xf0,0x3e,0x01,0xf0,0x3f,0x01,0xf0,0x3b,0x03,0xb0,0x3b,0x83,0x30,0x39,0x87,0x30,0x39,0xc6,
  0x30,0x38,0xce,0x30,0x38,0xec,0x30,0x38,0x7c,0x30,0x38,0x78,0x30,0x38,0x38,0x30,0x38,0x30,0x30,0x38,0x10,0x30,0x38,0x01,
  0x80,0x3c,0x01,0x80,0x3c,0x01,0x80,0x3e,0x01,0x80,0x3f,0x01,0x80,0x3b,0x81,0x80,0x39,0xc1,0x80,0x39,0xc1,0x80,0x38,0xe1,
  0x80,0x38,0x71,0x80,0x38,0x39,0x80,0x38,0x39,0x80,0x38,0x1f,0x80,0x38,0x0f,0x80,0x38,0x07,0x80,0x38,0x03,0x80,0x38,0x03,
  0x80,0x1f,0xff,0x00,0x3f,0xff,0x00,0x38,0x03,0x80,0x38,0x03,0x80,0x38,0x03,0x80,0x38,0x03,0x80,0x38,0x03,0x80,0x38,0x03,
  0x80,0x38,0x03,0x80,0x38,0x03,0x80,0x38,0x03,0x80,0x38,0x03,0x80,0x38,0x03,0x80,0x38,0x03,0x80,0x38,0x03,0x80,0x3f,0xff,
  0x00,0x1f,0xff,0x00,0x3f,0xfc,0x00,0x3f,0xfe,0x00,0x38,0x0e,0x00,0x38,0x06,0x00,0x38,0x06,0x00,0x38,0x06,0x00,0x38,0x06,
  0x00,0x38,0x06,0x00,0x38,0x0e,0x00,0x3f,0xfe,0x00,0x3f,0xfc,0x00,0x38,0x00,0x00,0x38,0x00,0x00,0x38,0x00,0x00,0x38,0x00,
  0x00,0x38,0x00,0x00,0x38,0x00,0x00,0x1f,0xff,0x00,0x3f,0xff,0x00,0x38,0x03,0x80,0x38,0x03,0x80,0x38,0x03,0x80,0x38,0x03,
  0x80,0x38,0x03,0x80,0x38,0x03,0x80,0x38,0x03,0x80,0x38,0x03,0x80,0x38,0x03,0x80,0x38,0x03,0x80,0x38,0x03,0x80,0x38,0xe3,
  0x80,0x38,0xe3,0x80,0x3f,0xff,0x00,0x1f,0xff,0x00,0x00,0xe0,0x00,0x00,0xe0,0x00,0x00,0xe0,0x00,0x3f,0xfc,0x00,0x3f,0xfe,
  0x00,0x38,0x06,0x00,0x38,0x06,0x00,0x38,0x06,0x00,0x38,0x06,0x00,0x38,0x06,0x00,0x38,0x06,0x00,0x3f,0xfe,0x00,0x3f,0xfc,
  0x00,0x38,0x38,0x00,0x38,0x38,0x00,0x38,0x1c,0x00,0x38,0x1c,0x00,0x38,0x0c,0x00,0x38,0x0e,0x00,0x38,0x06,0x00,0x1f,0xfc,
  0x00,0x3f,0xfe,0x00,0x38,0x06,0x00,0x38,0x06,0x00,0x38,0x06,0x00,0x38,0x00,0x00,0x38,0x00,0x00,0x38,0x00,0x00,0x3f,0xfc,
  0x00,0x1f,0xfe,0x00,0x00,0x06,0x00,0x00,0x06,0x00,0x30,0x06,0x00,0x30,0x06,0x00,0x30,0x06,0x00,0x3f,0xfe,0x00,0x1f,0xfc,
  0x00,0x7f,0xfc,0x7f,0xfc,0x03,0x80,0x03,0x80,0x03,0x80,0x03,0x80,0x03,0x80,0x03,0x80,0x03,0x80,0x03,0x80,0x03,0x80,0x03,
  0x80,0x03,0x80,0x03,0x80,0x03,0x80,0x03,0x80,0x03,0x80,0x38,0x03,0x80,0x38,0x03,0x80,0x38,0x03,0x80,0x38,0x03,0x80,0x38,
  0x03,0x80,0x38,0x03,0x80,0x38,0x03,0x80,0x38,0x03,0x80,0x38,0x03,0x80,0x38,0x03,0x80,0x38,0x03,0x80,0x38,0x03,0x80,0x38,
  0x03,0x80,0x38,0x03,0x80,0x38,0x03,0x80,0x3f,0xff,0x00,0x1f,0xff,0x00,0x60,0x03,0x00,0x70,0x07,0x00,0x30,0x06,0x00,0x38,
  0x0e,0x00,0x38,0x0e,0x00,0x18,0x0c,0x00,0x1c,0x1c,0x00,0x0c,0x18,0x00,0x0c,0x18,0x00,0x0e,0x38,0x00,0x06,0x30,0x00,0x07,
  0x70,0x00,0x07,0x70,0x00,0x03,0xe0,0x00,0x03,0xe0,0x00,0x01,0xc0,0x00,0x01,0xc0,0x00,0x60,0x38,0x0e,0x70,0x38,0x0c,0x70,
  0x3c,0x0c,0x30,0x3c,0x1c,0x30,0x7c,0x1c,0x38,0x6c,0x18,0x18,0x6e,0x18,0x18,0xe6,0x38,0x18,0xe6,0x30,0x1c,0xc7,0x30,0x0c,
  0xc3,0x30,0x0d,0xc3,0x70,0x0f,0x83,0x60,0x07,0x83,0xe0,0x07,0x81,0xe0,0x07,0x81,0xc0,0x07,0x01,0xc0,0x70,0x0e,0x38,0x0e,
  0x1c,0x1c,0x1c,0x38,0x0e,0x30,0x07,0x70,0x07,0xe0,0x03,0xc0,0x01,0xc0,0x03,0xc0,0x07,0xe0,0x07,0x70,0x0e,0x38,0x1c,0x38,
  0x38,0x1c,0x38,0x0e,0x70,0x06,0x70,0x07,0x70,0x0e,0x38,0x0c,0x18,0x1c,0x1c,0x38,0x0e,0x30,0x06,0x70,0x07,0xe0,0x03,0xc0,
  0x03,0xc0,0x01,0x80,0x01,0x80,0x01,0x80,0x01,0x80,0x01,0x80,0x01,0x80,0x01,0x80,0x3f,0xfe,0x3f,0xfc,0x00,0x1c,0x00,0x38,
  0x00,0x70,0x00,0x70,0x00,0xe0,0x01,0xc0,0x01,0xc0,0x03,0x80,0x07,0x00,0x07,0x00,0x0e,0x00,0x1c,0x00,0x1c,0x00,0x3f,0xfe,
  0x7f,0xfe,0x3f,0x00,0x3f,0x00,0x38,0x00,0x38,0x00,0x38,0x00,0x38,0x00,0x38,0x00,0x38,0x00,0x38,0x00,0x38,0x00,0x38,0x00,
  0x38,0x00,0x38,0x00,0x38,0x00,0x38,0x00,0x38,0x00,0x38,0x00,0x38,0x00,0x38,0x00,0x38,0x00,0x38,0x00,0x3f,0x00,0x3f,0x00,
  0x60,0x00,0x70,0x00,0x30,0x00,0x30,0x00,0x38,0x00,0x18,0x00,0x18,0x00,0x0c,0x00,0x0c,0x00,0x0c,0x00,0x06,0x00,0x06,0x00,
  0x06,0x00,0x03,0x00,0x03,0x00,0x03,0x00,0x01,0x80,0x01,0x80,0x01,0x80,0x7f,0x00,0x7f,0x00,0x07,0x00,0x07,0x00,0x07,0x00,
  0x07,0x00,0x07,0x00,0x07,0x00,0x07,0x00,0x07,0x00,0x07,0x00,0x07,0x00,0x07,0x00,0x07,0x00,0x07,0x00,0x07,0x00,0x07,0x00,
  0x07,0x00,0x07,0x00,0x07,0x00,0x07,0x00,0x7f,0x00,0x7f,0x00,0x07,0x00,0x07,0x80,0x0d,0xc0,0x1c,0xc0,0x18,0xe0,0x30,0x60,
  0x70,0x30,0x00,0x00,0x00,0x00,0x00,0x00,0x00,0x00,0x00,0x00,0x00,0x00,0x00,0x00,0x00,0x00,0x00,0x00,0x00,0x00,0x00,0x00,
  0x00,0x00,0x00,0x00,0x00,0x00,0x00,0x00,0x7f,0xff,0x7f,0xff,0x3c,0x00,0x0e,0x00,0x00,0x00,0x00,0x00,0x00,0x00,0x00,0x00,
  0x00,0x00,0x00,0x00,0x00,0x00,0x00,0x00,0x00,0x00,0x00,0x00,0x00,0x00,0x00,0x00,0x00,0x00,0x00,0x00,0x00,0x00,0x1f,0xf0,
  0x1f,0xf0,0x00,0x30,0x00,0x30,0x1f,0xf0,0x3f,0xf0,0x30,0x30,0x30,0x30,0x30,0x30,0x30,0x30,0x3f,0xf0,0x1f,0xb0,0x30,0x00,
  0x30,0x00,0x30,0x00,0x30,0x00,0x30,0x00,0x37,0xf0,0x3f,0xf8,0x30,0x18,0x30,0x18,0x30,0x18,0x30,0x18,0x30,0x18,0x30,0x18,
  0x30,0x18,0x30,0x18,0x3f,0xf8,0x1f,0xf0,0x1f,0xf0,0x3f,0xf0,0x30,0x30,0x30,0x30,0x30,0x00,0x30,0x00,0x30,0x00,0x30,0x00,
  0x30,0x30,0x30,0x30,0x3f,0xf0,0x1f,0xf0,0x00,0x18,0x00,0x18,0x00,0x18,0x00,0x18,0x00,0x18,0x1f,0xf8,0x3f,0xf8,0x30,0x18,
  0x30,0x18,0x30,0x18,0x30,0x18,0x30,0x18,0x30,0x18,0x30,0x18,0x30,0x18,0x3f,0xf8,0x1f,0xd8,0x1f,0xf0,0x3f,0xf0,0x30,0x30,
  0x30,0x30,0x30,0x30,0x3f,0xf0,0x3f,0xf0,0x30,0x00,0x30,0x00,0x30,0x00,0x3f,0xf0,0x1f,0xf0,0x07,0xe0,0x0f,0xe0,0x0e,0x00,
  0x0e,0x00,0x0e,0x00,0x7f,0xe0,0x7f,0xe0,0x0e,0x00,0x0e,0x00,0x0e,0x00,0x0e,0x00,0x0e,0x00,0x0e,0x00,0x0e,0x00,0x0e,0x00,
  0x0e,0x00,0x0e,0x00,0x1f,0xd8,0x3f,0xf8,0x30,0x18,0x30,0x18,0x30,0x18,0x30,0x18,0x30,0x18,0x30,0x18,0x30,0x18,0x3f,0xf8,
  0x1f,0xf8,0x00,0x18,0x00,0x18,0x00,0x18,0x00,0x18,0x1f,0xf8,0x1f,0xf0,0x30,0x00,0x30,0x00,0x30,0x00,0x30,0x00,0x30,0x00,
  0x37,0xf0,0x3f,0xf8,0x30,0x18,0x30,0x18,0x30,0x18,0x30,0x18,0x30,0x18,0x30,0x18,0x30,0x18,0x30,0x18,0x30,0x18,0x30,0x18,
  0x30,0x30,0x00,0x00,0x00,0x30,0x30,0x30,0x30,0x30,0x30,0x30,0x30,0x30,0x30,0x30,0x30,0x30,0x30,0x00,0x00,0x00,0x30,0x30,
  0x30,0x30,0x30,0x30,0x30,0x30,0x30,0x30,0x30,0x30,0x30,0x30,0x30,0xf0,0xe0,0x30,0x00,0x30,0x00,0x30,0x00,0x30,0x00,0x30,
  0x00,0x30,0x70,0x30,0xe0,0x31,0xc0,0x37,0x80,0x3f,0x00,0x3e,0x00,0x3e,0x00,0x37,0x00,0x33,0x80,0x31,0xe0,0x30,0xf0,0x30,
  0x38,0x30,0x30,0x30,0x30,0x30,0x30,0x30,0x30,0x30,0x30,0x30,0x30,0x30,0x30,0x30,0x30,0x30,0x37,0xe7,0xc0,0x3f,0xff,0xe0,
  0x30,0x70,0x60,0x30,0x70,0x60,0x30,0x70,0x60,0x30,0x70,0x60,0x30,0x70,0x60,0x30,0x70,0x60,0x30,0x70,0x60,0x30,0x70,0x60,
  0x30,0x70,0x60,0x30,0x70,0x60,0x37,0xf0,0x3f,0xf8,0x30,0x18,0x30,0x18,0x30,0x18,0x30,0x18,0x30,0x18,0x30,0x18,0x30,0x18,
  0x30,0x18,0x30,0x18,0x30,0x18,0x1f,0xf0,0x3f,0xf8,0x30,0x38,0x30,0x38,0x30,0x38,0x30,0x38,0x30,0x38,0x30,0x38,0x30,0x38,
  0x30,0x38,0x3f,0xf8,0x1f,0xf0,0x37,0xf0,0x3f,0xf8,0x30,0x18,0x30,0x18,0x30,0x18,0x30,0x18,0x30,0x18,0x30,0x18,0x30,0x18,
  0x30,0x18,0x3f,0xf8,0x3f,0xf0,0x30,0x00,0x30,0x00,0x30,0x00,0x30,0x00,0x30,0x00,0x1f,0xf0,0x3f,0xf8,0x30,0x18,0x30,0x18,
  0x30,0x18,0x30,0x18,0x30,0x18,0x30,0x18,0x30,0x18,0x30,0x18,0x3f,0xf8,0x1f,0xd8,0x00,0x18,0x00,0x18,0x00,0x18,0x00,0x18,
  0x00,0x18,0x37,0xc0,0x3f,0xe0,0x30,0x60,0x30,0x60,0x30,0x00,0x30,0x00,0x30,0x00,0x30,0x00,0x30,0x00,0x30,0x00,0x30,0x00,
  0x30,0x00,0x1f,0xe0,0x3f,0xe0,0x30,0x00,0x30,0x00,0x30,0x00,0x3f,0xe0,0x1f,0xf0,0x00,0x70,0x00,0x70,0x00,0x70,0x3f,0xf0,
  0x3f,0xe0,0x0e,0x00,0x0e,0x00,0x0e,0x00,0x0e,0x00,0x7f,0xe0,0x7f,0xe0,0x0e,0x00,0x0e,0x00,0x0e,0x00,0x0e,0x00,0x0e,0x00,
  0x0e,0x00,0x0e,0x00,0x0e,0x00,0x0f,0xe0,0x07,0xe0,0x30,0x18,0x30,0x18,0x30,0x18,0x30,0x18,0x30,0x18,0x30,0x18,0x30,0x18,
  0x30,0x18,0x30,0x18,0x30,0x18,0x3f,0xf8,0x1f,0xd8,0x60,0x38,0x60,0x30,0x30,0x70,0x30,0x60,0x38,0x60,0x18,0xe0,0x1c,0xc0,
  0x0d,0xc0,0x0d,0x80,0x0f,0x80,0x07,0x00,0x07,0x00,0x60,0xe0,0xe0,0x60,0xe0,0xc0,0x70,0xf0,0xc0,0x31,0xf1,0xc0,0x31,0xb1,
  0x80,0x39,0xb9,0x80,0x19,0x9b,0x80,0x1b,0x1b,0x00,0x1f,0x1f,0x00,0x0f,0x0f,0x00,0x0e,0x0e,0x00,0x0e,0x0e,0x00,0x70,0x30,
  0x38,0x70,0x1c,0xe0,0x0d,0xc0,0x0f,0x80,0x07,0x80,0x07,0x80,0x0f,0xc0,0x1c,0xc0,0x18,0xe0,0x38,0x70,0x70,0x38,0x60,0x30,
  0x70,0x30,0x30,0x70,0x30,0x60,0x38,0xe0,0x18,0xc0,0x1d,0xc0,0x0d,0x80,0x0f,0x80,0x07,0x00,0x07,0x00,0x07,0x00,0x06,0x00,
  0x0e,0x00,0x0c,0x00,0x1c,0x00,0x18,0x00,0x3f,0xf0,0x3f,0xe0,0x00,0xe0,0x01,0xc0,0x03,0x80,0x03,0x80,0x07,0x00,0x0e,0x00,
  0x1c,0x00,0x1c,0x00,0x3f,0xf0,0x7f,0xf0,0x07,0x00,0x0f,0x00,0x1c,0x00,0x18,0x00,0x18,0x00,0x18,0x00,0x18,0x00,0x18,0x00,
  0x18,0x00,0x18,0x00,0x38,0x00,0xf0,0x00,0xf0,0x00,0x38,0x00,0x18,0x00,0x18,0x00,0x18,0x00,0x18,0x00,0x18,0x00,0x18,0x00,
  0x1c,0x00,0x0f,0x00,0x07,0x00,0x38,0x38,0x38,0x38,0x38,0x38,0x38,0x38,0x38,0x38,0x38,0x38,0x38,0x38,0x38,0x38,0x38,0x38,
  0x38,0x38,0x38,0x38,0x38,0x70,0x00,0x7c,0x00,0x1c,0x00,0x0e,0x00,0x0e,0x00,0x0e,0x00,0x0e,0x00,0x0e,0x00,0x0c,0x00,0x0e,
  0x00,0x0e,0x00,0x07,0x80,0x07,0x80,0x0e,0x00,0x0e,0x00,0x0e,0x00,0x0e,0x00,0x0e,0x00,0x0e,0x00,0x0e,0x00,0x1c,0x00,0x7c,
  0x00,0x70,0x00,0x1e,0x38,0x3f,0xf0,0x31,0xe0,0x00,0x00,0x00,0x00,0x00,0x00,0x00,0x00,0x00,0x00,0x00,0x00,0x0e,0x00,0x3f,
  0x00,0x33,0x80,0x61,0x80,0x61,0x80,0x33,0x80,0x3f,0x00,0x0e,0x00,0x00,0x00,0x00,0x00,0x00,0x00,0x00,0x00,0x00,0x00,0x00,
  0x00,0x00,0x00,0x00,0x00,0x00,0x00,
};
const Glyph font24Glyphs[] = {{32,0,18,7,1,7,0},{33,0,1,7,17,7,1},{34,0,1,12,17,12,18},{35,0,1,18,17,18,52},{36,0,-1,17,21,17,103},{37,0,1,23,17,23,166},{38,0,1,18,17,18,217},{39,0,1,7,17,7,268},{40,0,0,9,23,9,285},{41,0,0,9,23,9,331},{42,0,1,13,17,13,377},{43,0,5,17,13,17,411},{44,0,14,7,8,7,450},{45,0,10,9,8,9,458},{46,0,14,7,4,7,474},{47,0,0,11,19,11,478},{48,0,1,18,17,18,516},{49,0,1,8,17,8,567},{50,0,1,17,17,17,584},{51,0,1,16,17,16,635},{52,0,1,15,17,15,669},{53,0,1,15,17,15,703},{54,0,1,17,17,17,737},{55,0,1,14,17,14,788},{56,0,1,17,17,17,822},{57,0,1,17,17,17,873},{58,0,5,7,13,7,924},{59,0,5,7,17,7,937},{60,0,4,16,14,16,954},{61,0,7,17,11,17,982},{62,0,4,16,14,16,1015},{63,0,1,13,17,13,1043},{64,0,1,25,22,25,1077},{65,0,1,17,17,17,1165},{66,0,1,17,17,17,1216},{67,0,1,18,17,18,1267},{68,0,1,18,17,18,1318},{69,0,1,16,17,16,1369},{70,0,1,16,17,16,1403},{71,0,1,18,17,18,1437},{72,0,1,19,17,19,1488},{73,0,1,7,17,7,1539},{74,0,1,15,17,15,1556},{75,0,1,17,17,16,1590},{76,0,1,14,17,14,1641},{77,0,1,22,17,22,1675},{78,0,1,19,17,19,1726},{79,0,1,19,17,19,1777},{80,0,1,17,17,17,1828},{81,0,1,19,20,19,1879},{82,0,1,17,17,17,1939},{83,0,1,17,17,17,1990},{84,0,1,15,17,15,2041},{85,0,1,19,17,19,2075},{86,0,1,17,17,17,2126},{87,0,1,24,17,24,2177},{88,0,1,16,17,16,2228},{89,0,1,16,17,16,2262},{90,0,1,16,17,16,2296},{91,0,0,10,23,10,2330},{92,0,0,11,19,11,2376},{93,0,0,10,23,10,2414},{94,0,1,13,17,13,2460},{95,-1,18,16,7,15,2494},{96,0,1,9,17,9,2508},{97,0,6,14,12,14,2542},{98,0,1,15,17,15,2566},{99,0,6,14,12,14,2600},{100,0,1,15,17,15,2624},{101,0,6,14,12,14,2658},{102,0,1,12,17,12,2682},{103,0,6,15,17,15,2716},{104,0,1,15,17,15,2750},{105,0,1,6,17,6,2784},{106,0,1,6,22,6,2801},{107,0,1,14,17,13,2823},{108,0,1,6,17,6,2857},{109,0,6,21,12,21,2874},{110,0,6,15,12,15,2910},{111,0,6,15,12,15,2934},{112,0,6,15,17,15,2958},{113,0,6,15,17,15,2992},{114,0,6,12,12,12,3026},{115,0,6,13,12,13,3050},{116,0,2,13,16,13,3074},{117,0,6,15,12,15,3106},{118,0,6,13,12,13,3130},{119,0,6,19,12,19,3154},{120,0,6,14,12,14,3190},{121,0,6,13,17,13,3214},{122,0,6,13,12,13,3248},{123,0,0,9,23,9,3272},{124,0,0,7,23,7,3318},{125,0,0,9,23,9,3341},{126,0,9,14,9,14,3387},{176,0,1,11,17,11,3405}};
const BitmapFont font24={font24Bits,font24Glyphs,96};
const uint8_t font28Bits[] = {
  0x00,0x3c,0x3c,0x3c,0x3c,0x18,0x18,0x18,0x18,0x18,0x18,0x18,0x18,0x00,0x00,0x00,0x00,0x3c,0x3c,0x3c,0x3c,0x3c,0xe0,0x3c,
  0xe0,0x3c,0xe0,0x3c,0xe0,0x3c,0xe0,0x1c,0xe0,0x18,0xe0,0x18,0xe0,0x18,0x60,0x18,0x60,0x00,0x00,0x00,0x00,0x00,0x00,0x00,
  0x00,0x00,0x00,0x00,0x00,0x00,0x00,0x00,0x00,0x00,0x00,0x00,0x00,0x01,0xc1,0x80,0x01,0xc3,0x80,0x01,0x83,0x80,0x01,0x83,
  0x80,0x01,0x83,0x00,0x1f,0xff,0xe0,0x1f,0xff,0xe0,0x03,0x83,0x00,0x03,0x07,0x00,0x03,0x07,0x00,0x03,0x07,0x00,0x03,0x06,
  0x00,0x03,0x06,0x00,0x1f,0xff,0xe0,0x1f,0xff,0xe0,0x06,0x0e,0x00,0x06,0x0e,0x00,0x06,0x0e,0x00,0x06,0x0c,0x00,0x06,0x0c,
  0x00,0x00,0x60,0x00,0x00,0x60,0x00,0x0f,0xf8,0x00,0x1f,0xff,0x00,0x3f,0xff,0x80,0x38,0x61,0x80,0x38,0x61,0x80,0x38,0x61,
  0x80,0x38,0x60,0x00,0x38,0x60,0x00,0x38,0x60,0x00,0x3f,0xff,0x00,0x1f,0xff,0x80,0x0f,0xff,0x80,0x00,0x61,0x80,0x00,0x61,
  0x80,0x00,0x61,0x80,0x38,0x61,0x80,0x38,0x61,0x80,0x3f,0xff,0x80,0x3f,0xff,0x80,0x1f,0xff,0x00,0x00,0x60,0x00,0x00,0x60,
  0x00,0x00,0x60,0x00,0x1f,0x80,0x18,0x00,0x3f,0xc0,0x38,0x00,0x30,0xe0,0x70,0x00,0x30,0xe0,0x60,0x00,0x30,0xe0,0xc0,0x00,
  0x30,0xe1,0xc0,0x00,0x30,0xe3,0x80,0x00,0x3f,0xc3,0x00,0x00,0x1f,0x86,0x00,0x00,0x00,0x0e,0x7f,0x00,0x00,0x1c,0x7f,0x80,
  0x00,0x18,0xe3,0x80,0x00,0x38,0xe3,0x80,0x00,0x70,0xe3,0x80,0x00,0xe0,0xe3,0x80,0x00,0xc0,0xe3,0x80,0x01,0xc0,0xe3,0x80,
  0x03,0x80,0x7f,0x80,0x03,0x00,0x7f,0x00,0x07,0xfc,0x00,0x1f,0xfe,0x00,0x1f,0xfe,0x00,0x3c,0x07,0x00,0x38,0x07,0x00,0x38,
  0x07,0x00,0x38,0x00,0x00,0x38,0x00,0x00,0x1c,0x00,0x00,0x0f,0xff,0xf0,0x0f,0xff,0xf0,0x1f,0xff,0xf0,0x38,0x07,0x00,0x38,
  0x07,0x00,0x38,0x07,0x00,0x38,0x07,0x00,0x38,0x07,0x80,0x3f,0xff,0xf0,0x1f,0xff,0xf0,0x0f,0xf8,0xf0,0x3c,0x3c,0x3c,0x3c,
  0x3c,0x1c,0x18,0x18,0x18,0x18,0x00,0x00,0x00,0x00,0x00,0x00,0x00,0x00,0x00,0x00,0x03,0x80,0x0f,0x80,0x1f,0x80,0x1e,0x00,
  0x3c,0x00,0x38,0x00,0x38,0x00,0x38,0x00,0x38,0x00,0x38,0x00,0x38,0x00,0x38,0x00,0x38,0x00,0x38,0x00,0x38,0x00,0x38,0x00,
  0x38,0x00,0x38,0x00,0x38,0x00,0x38,0x00,0x38,0x00,0x38,0x00,0x38,0x00,0x1e,0x00,0x1f,0x80,0x0f,0x80,0x03,0x80,0x38,0x00,
  0x3e,0x00,0x3f,0x00,0x0f,0x00,0x07,0x80,0x03,0x80,0x03,0x80,0x03,0x80,0x03,0x80,0x03,0x80,0x03,0x80,0x03,0x80,0x03,0x80,
  0x03,0x80,0x03,0x80,0x03,0x80,0x03,0x80,0x03,0x80,0x03,0x80,0x03,0x80,0x03,0x80,0x03,0x80,0x07,0x80,0x0f,0x00,0x3f,0x00,
  0x3e,0x00,0x38,0x00,0x01,0x80,0x01,0x80,0x01,0x80,0x01,0x88,0x3f,0xb8,0x3f,0xf8,0x07,0xc0,0x03,0xc0,0x06,0xe0,0x0e,0x60,
  0x0c,0x70,0x08,0x20,0x00,0x00,0x00,0x00,0x00,0x00,0x00,0x00,0x00,0x00,0x00,0x00,0x00,0x00,0x00,0x00,0x00,0x60,0x00,0x00,
  0x60,0x00,0x00,0x60,0x00,0x00,0x60,0x00,0x00,0x60,0x00,0x00,0x60,0x00,0x00,0x60,0x00,0x3f,0xff,0xc0,0x3f,0xff,0xc0,0x3f,
  0xff,0xc0,0x00,0x60,0x00,0x00,0x60,0x00,0x00,0x60,0x00,0x00,0x60,0x00,0x00,0x60,0x00,0x00,0x60,0x00,0x3c,0x00,0x3c,0x00,
  0x3c,0x00,0x3c,0x00,0x0c,0x00,0x1c,0x00,0x18,0x00,0x30,0x00,0x3f,0x80,0x3f,0x80,0x3f,0x80,0x00,0x00,0x00,0x00,0x00,0x00,
  0x00,0x00,0x00,0x00,0x00,0x00,0x3c,0x00,0x3c,0x00,0x3c,0x00,0x3c,0x00,0x00,0xe0,0x00,0xe0,0x00,0xc0,0x01,0xc0,0x01,0xc0,
  0x01,0x80,0x03,0x80,0x03,0x80,0x03,0x00,0x07,0x00,0x07,0x00,0x06,0x00,0x0e,0x00,0x0e,0x00,0x0c,0x00,0x1c,0x00,0x1c,0x00,
  0x18,0x00,0x38,0x00,0x38,0x00,0x30,0x00,0x70,0x00,0x0f,0xff,0x80,0x1f,0xff,0xc0,0x1f,0xff,0xc0,0x18,0x01,0xc0,0x18,0x01,
  0xc0,0x18,0x01,0xc0,0x18,0x01,0xc0,0x18,0x01,0xc0,0x18,0x01,0xc0,0x18,0x01,0xc0,0x18,0x01,0xc0,0x18,0x01,0xc0,0x18,0x01,
  0xc0,0x18,0x01,0xc0,0x18,0x01,0xc0,0x18,0x01,0xc0,0x18,0x01,0xc0,0x1f,0xff,0xc0,0x1f,0xff,0xc0,0x0f,0xff,0x80,0x7e,0x00,
  0x7e,0x00,0x7e,0x00,0x0e,0x00,0x0e,0x00,0x0e,0x00,0x0e,0x00,0x0e,0x00,0x0e,0x00,0x0e,0x00,0x0e,0x00,0x0e,0x00,0x0e,0x00,
  0x0e,0x00,0x0e,0x00,0x0e,0x00,0x0e,0x00,0x0e,0x00,0x0e,0x00,0x0e,0x00,0x0f,0xfe,0x00,0x1f,0xff,0x00,0x3f,0xff,0x80,0x38,
  0x03,0x80,0x38,0x03,0x80,0x00,0x03,0x80,0x00,0x03,0x80,0x00,0x07,0x80,0x00,0x1f,0x00,0x00,0x7e,0x00,0x01,0xf8,0x00,0x07,
  0xe0,0x00,0x1f,0x80,0x00,0x3c,0x00,0x00,0x38,0x00,0x00,0x38,0x03,0x80,0x38,0x03,0x80,0x3f,0xff,0x80,0x3f,0xff,0x80,0x3f,
  0xff,0x80,0x0f,0xfc,0x00,0x1f,0xfe,0x00,0x3f,0xff,0x00,0x38,0x07,0x00,0x38,0x03,0x00,0x30,0x03,0x00,0x00,0x03,0x00,0x00,
  0x03,0x00,0x00,0x07,0x00,0x03,0xfe,0x00,0x03,0xfe,0x00,0x03,0xff,0x00,0x00,0x07,0x00,0x00,0x03,0x80,0x70,0x03,0x80,0x70,
  0x03,0x80,0x38,0x07,0x80,0x3f,0xff,0x00,0x3f,0xff,0x00,0x0f,0xfe,0x00,0x00,0x3c,0x00,0x00,0x7c,0x00,0x00,0xfc,0x00,0x00,
  0xfc,0x00,0x01,0xdc,0x00,0x03,0x9c,0x00,0x07,0x1c,0x00,0x07,0x1c,0x00,0x0e,0x1c,0x00,0x1c,0x1c,0x00,0x1c,0x1c,0x00,0x38,
  0x1c,0x00,0x70,0x1c,0x00,0x7f,0xff,0x00,0x7f,0xff,0x00,0x7f,0xff,0x00,0x00,0x1c,0x00,0x00,0x1c,0x00,0x00,0x1c,0x00,0x00,
  0x1c,0x00,0x3f,0xff,0x00,0x3f,0xff,0x00,0x3f,0xff,0x00,0x38,0x00,0x00,0x38,0x00,0x00,0x38,0x00,0x00,0x38,0x00,0x00,0x3f,
  0xfc,0x00,0x3f,0xfe,0x00,0x3f,0xff,0x00,0x00,0x07,0x00,0x00,0x07,0x00,0x00,0x07,0x00,0x00,0x07,0x00,0x70,0x07,0x00,0x70,
  0x07,0x00,0x38,0x07,0x00,0x3f,0xff,0x00,0x3f,0xfe,0x00,0x0f,0xfc,0x00,0x0f,0xff,0x00,0x1f,0xff,0x80,0x1f,0xff,0x80,0x18,
  0x03,0x80,0x18,0x03,0x80,0x18,0x00,0x00,0x18,0x00,0x00,0x18,0x00,0x00,0x18,0x00,0x00,0x1f,0xff,0x00,0x1f,0xff,0x80,0x1f,
  0xff,0x80,0x18,0x03,0x80,0x18,0x03,0x80,0x18,0x03,0x80,0x18,0x03,0x80,0x18,0x03,0x80,0x1f,0xff,0x80,0x1f,0xff,0x80,0x0f,
  0xff,0x00,0x7f,0xff,0x00,0x7f,0xff,0x00,0x7f,0xfe,0x00,0x00,0x0e,0x00,0x00,0x1c,0x00,0x00,0x1c,0x00,0x00,0x38,0x00,0x00,
  0x38,0x00,0x00,0x70,0x00,0x00,0x70,0x00,0x00,0xe0,0x00,0x00,0xe0,0x00,0x01,0xc0,0x00,0x01,0xc0,0x00,0x03,0x80,0x00,0x03,
  0x80,0x00,0x07,0x00,0x00,0x07,0x00,0x00,0x0e,0x00,0x00,0x0e,0x00,0x00,0x07,0xfe,0x00,0x1f,0xff,0x00,0x1f,0xff,0x80,0x3c,
  0x03,0x80,0x38,0x03,0x80,0x38,0x03,0x80,0x38,0x03,0x80,0x38,0x03,0x80,0x1c,0x03,0x00,0x0f,0xff,0x00,0x0f,0xfe,0x00,0x1f,
  0xff,0x00,0x38,0x03,0x80,0x38,0x01,0x80,0x38,0x01,0x80,0x38,0x01,0x80,0x38,0x03,0x80,0x3f,0xff,0x80,0x1f,0xff,0x00,0x0f,
  0xfe,0x00,0x0f,0xff,0x00,0x1f,0xff,0x80,0x1f,0xff,0x80,0x18,0x03,0x80,0x18,0x03,0x80,0x18,0x03,0x80,0x18,0x03,0x80,0x18,
  0x03,0x80,0x18,0x03,0x80,0x1f,0xff,0x80,0x1f,0xff,0x80,0x0f,0xff,0x80,0x00,0x03,0x80,0x00,0x03,0x80,0x00,0x03,0x80,0x18,
  0x03,0x80,0x18,0x03,0x80,0x1f,0xff,0x80,0x1f,0xff,0x80,0x0f,0xff,0x00,0x3c,0x00,0x3c,0x00,0x3c,0x00,0x3c,0x00,0x00,0x00,
  0x00,0x00,0x00,0x00,0x00,0x00,0x00,0x00,0x00,0x00,0x00,0x00,0x3c,0x00,0x3c,0x00,0x3c,0x00,0x3c,0x00,0x3c,0x00,0x3c,0x00,
  0x3c,0x00,0x3c,0x00,0x00,0x00,0x00,0x00,0x00,0x00,0x00,0x00,0x00,0x00,0x00,0x00,0x00,0x00,0x3c,0x00,0x3c,0x00,0x3c,0x00,
  0x3c,0x00,0x0c,0x00,0x1c,0x00,0x18,0x00,0x30,0x00,0x00,0x01,0x00,0x00,0x07,0x00,0x00,0x1f,0x00,0x00,0xfe,0x00,0x03,0xf0,
  0x00,0x0f,0xc0,0x00,0x7f,0x00,0x00,0x78,0x00,0x00,0x78,0x00,0x00,0x7f,0x00,0x00,0x0f,0xc0,0x00,0x03,0xf0,0x00,0x00,0xfe,
  0x00,0x00,0x1f,0x00,0x00,0x07,0x00,0x00,0x01,0x00,0x3f,0xff,0xc0,0x3f,0xff,0xc0,0x3f,0xff,0xc0,0x00,0x00,0x00,0x00,0x00,
  0x00,0x00,0x00,0x00,0x00,0x00,0x00,0x3f,0xff,0xc0,0x3f,0xff,0xc0,0x3f,0xff,0xc0,0x00,0x00,0x00,0x00,0x00,0x00,0x00,0x00,
  0x00,0x20,0x00,0x00,0x3c,0x00,0x00,0x3f,0x00,0x00,0x0f,0xc0,0x00,0x03,0xf8,0x00,0x00,0x7e,0x00,0x00,0x1f,0x80,0x00,0x07,
  0xc0,0x00,0x07,0xc0,0x00,0x1f,0x80,0x00,0x7e,0x00,0x03,0xf8,0x00,0x0f,0xc0,0x00,0x3f,0x00,0x00,0x3c,0x00,0x00,0x20,0x00,
  0x00,0x1f,0xf8,0x3f,0xfc,0x3f,0xfc,0x30,0x1c,0x30,0x1c,0x00,0x1c,0x00,0x3c,0x00,0xf8,0x03,0xf0,0x03,0xc0,0x03,0x00,0x03,
  0x00,0x03,0x00,0x00,0x00,0x00,0x00,0x00,0x00,0x07,0x80,0x07,0x80,0x07,0x80,0x07,0x80,0x01,0xff,0xfe,0x00,0x07,0xff,0xff,
  0x80,0x0f,0xff,0xff,0xc0,0x1e,0x00,0x01,0xc0,0x1c,0x00,0x00,0xe0,0x18,0x00,0x00,0xe0,0x18,0x3f,0xb8,0xe0,0x18,0x7f,0xf8,
  0xe0,0x18,0x7f,0xf8,0xe0,0x18,0x70,0x38,0xe0,0x18,0x70,0x38,0xe0,0x18,0x70,0x38,0xe0,0x18,0x70,0x38,0xe0,0x18,0x70,0x38,
  0xe0,0x18,0x70,0x38,0xe0,0x18,0x70,0x38,0xe0,0x18,0x70,0x38,0xe0,0x18,0x7f,0xff,0xe0,0x18,0x7f,0xbf,0xe0,0x18,0x3f,0x9f,
  0xc0,0x18,0x00,0x00,0x00,0x1c,0x00,0x00,0x00,0x1e,0x00,0x00,0x00,0x0f,0xff,0xff,0x00,0x07,0xff,0xfe,0x00,0x01,0xff,0xfc,
  0x00,0x00,0xe0,0x00,0x00,0xf0,0x00,0x01,0xf0,0x00,0x01,0xf8,0x00,0x01,0xf8,0x00,0x03,0xb8,0x00,0x03,0x9c,0x00,0x03,0x9c,
  0x00,0x07,0x1c,0x00,0x07,0x0e,0x00,0x0e,0x0e,0x00,0x0e,0x07,0x00,0x0e,0x07,0x00,0x1f,0xff,0x00,0x1f,0xff,0x80,0x1f,0xff,
  0x80,0x38,0x03,0x80,0x38,0x01,0xc0,0x70,0x01,0xc0,0x70,0x00,0xe0,0x1f,0xfe,0x00,0x1f,0xff,0x00,0x1f,0xff,0x80,0x18,0x03,
  0x80,0x18,0x01,0x80,0x18,0x01,0x80,0x18,0x01,0x80,0x18,0x01,0x80,0x18,0x03,0x80,0x1f,0xff,0x00,0x1f,0xff,0x00,0x1f,0xff,
  0x80,0x18,0x01,0xc0,0x18,0x01,0xc0,0x18,0x01,0xc0,0x18,0x01,0xc0,0x18,0x01,0xc0,0x1f,0xff,0xc0,0x1f,0xff,0x80,0x1f,0xff,
  0x00,0x0f,0xff,0x80,0x1f,0xff,0xc0,0x1f,0xff,0xe0,0x18,0x00,0xe0,0x18,0x00,0xe0,0x18,0x00,0x00,0x18,0x00,0x00,0x18,0x00,
  0x00,0x18,0x00,0x00,0x18,0x00,0x00,0x18,0x00,0x00,0x18,0x00,0x00,0x18,0x00,0x00,0x18,0x00,0x00,0x18,0x00,0x00,0x18,0x00,
  0xe0,0x18,0x00,0xe0,0x1f,0xff,0xe0,0x1f,0xff,0xc0,0x0f,0xff,0xc0,0x1f,0xfe,0x00,0x1f,0xff,0x80,0x1f,0xff,0xc0,0x18,0x01,
  0xe0,0x18,0x00,0xe0,0x18,0x00,0xe0,0x18,0x00,0xe0,0x18,0x00,0x60,0x18,0x00,0x60,0x18,0x00,0x60,0x18,0x00,0x60,0x18,0x00,
  0x60,0x18,0x00,0x60,0x18,0x00,0x60,0x18,0x00,0xe0,0x18,0x00,0xe0,0x18,0x01,0xe0,0x1f,0xff,0xc0,0x1f,0xff,0x80,0x1f,0xfe,
  0x00,0x1f,0xff,0x80,0x1f,0xff,0x80,0x1f,0xff,0x80,0x18,0x00,0x00,0x18,0x00,0x00,0x18,0x00,0x00,0x18,0x00,0x00,0x18,0x00,
  0x00,0x18,0x00,0x00,0x1f,0xfe,0x00,0x1f,0xfe,0x00,0x1f,0xfe,0x00,0x18,0x00,0x00,0x18,0x00,0x00,0x18,0x00,0x00,0x18,0x00,
  0x00,0x18,0x00,0x00,0x1f,0xff,0x80,0x1f,0xff,0x80,0x1f,0xff,0x80,0x1f,0xff,0x80,0x1f,0xff,0x80,0x1f,0xff,0x80,0x18,0x00,
  0x00,0x18,0x00,0x00,0x18,0x00,0x00,0x18,0x00,0x00,0x18,0x00,0x00,0x18,0x00,0x00,0x1f,0xfe,0x00,0x1f,0xfe,0x00,0x1f,0xfe,
  0x00,0x18,0x00,0x00,0x18,0x00,0x00,0x18,0x00,0x00,0x18,0x00,0x00,0x18,0x00,0x00,0x18,0x00,0x00,0x18,0x00,0x00,0x18,0x00,
  0x00,0x0f,0xff,0x80,0x1f,0xff,0xc0,0x1f,0xff,0xe0,0x18,0x00,0xe0,0x18,0x00,0xe0,0x18,0x00,0x00,0x18,0x00,0x00,0x18,0x00,
  0x00,0x18,0x00,0x00,0x18,0x00,0x00,0x18,0x1f,0xe0,0x18,0x1f,0xe0,0x18,0x1f,0xe0,0x18,0x00,0xe0,0x18,0x00,0xe0,0x18,0x00,
  0xe0,0x18,0x00,0xe0,0x1f,0xff,0xe0,0x1f,0xff,0xc0,0x0f,0xff,0xc0,0x18,0x00,0x60,0x18,0x00,0x60,0x18,0x00,0x60,0x18,0x00,
  0x60,0x18,0x00,0x60,0x18,0x00,0x60,0x18,0x00,0x60,0x18,0x00,0x60,0x18,0x00,0x60,0x1f,0xff,0xe0,0x1f,0xff,0xe0,0x1f,0xff,
  0xe0,0x18,0x00,0x60,0x18,0x00,0x60,0x18,0x00,0x60,0x18,0x00,0x60,0x18,0x00,0x60,0x18,0x00,0x60,0x18,0x00,0x60,0x18,0x00,
  0x60,0x18,0x18,0x18,0x18,0x18,0x18,0x18,0x18,0x18,0x18,0x18,0x18,0x18,0x18,0x18,0x18,0x18,0x18,0x18,0x18,0x00,0x06,0x00,
  0x00,0x06,0x00,0x00,0x06,0x00,0x00,0x06,0x00,0x00,0x06,0x00,0x00,0x06,0x00,0x00,0x06,0x00,0x00,0x06,0x00,0x00,0x06,0x00,
  0x00,0x06,0x00,0x00,0x06,0x00,0x00,0x06,0x00,0x00,0x06,0x00,0x00,0x06,0x00,0x38,0x06,0x00,0x38,0x06,0x00,0x38,0x06,0x00,
  0x3f,0xfe,0x00,0x3f,0xfe,0x00,0x1f,0xfc,0x00,0x18,0x03,0xc0,0x18,0x07,0x80,0x18,0x0f,0x00,0x18,0x1e,0x00,0x18,0x3c,0x00,
  0x18,0x78,0x00,0x18,0xf0,0x00,0x19,0xe0,0x00,0x1f,0x80,0x00,0x1f,0x00,0x00,0x1f,0x80,0x00,0x1f,0xc0,0x00,0x19,0xe0,0x00,
  0x18,0xf0,0x00,0x18,0x78,0x00,0x18,0x3c,0x00,0x18,0x1e,0x00,0x18,0x0f,0x00,0x18,0x07,0x80,0x18,0x01,0xe0,0x18,0x00,0x18,
  0x00,0x18,0x00,0x18,0x00,0x18,0x00,0x18,0x00,0x18,0x00,0x18,0x00,0x18,0x00,0x18,0x00,0x18,0x00,0x18,0x00,0x18,0x00,0x18,
  0x00,0x18,0x00,0x18,0x00,0x18,0x00,0x1f,0xfe,0x1f,0xfe,0x1f,0xfe,0x1c,0x00,0x0f,0x00,0x1c,0x00,0x0f,0x00,0x1e,0x00,0x1f,
  0x00,0x1e,0x00,0x1f,0x00,0x1f,0x00,0x3f,0x00,0x1f,0x00,0x3f,0x00,0x1b,0x80,0x77,0x00,0x1b,0x80,0x77,0x00,0x19,0xc0,0xe7,
  0x00,0x19,0xc0,0xe7,0x00,0x18,0xe1,0xc7,0x00,0x18,0xe1,0xc7,0x00,0x18,0x73,0x87,0x00,0x18,0x73,0x87,0x00,0x18,0x3f,0x07,
  0x00,0x18,0x3f,0x07,0x00,0x18,0x1e,0x07,0x00,0x18,0x1e,0x07,0x00,0x18,0x0c,0x07,0x00,0x18,0x0c,0x07,0x00,0x1c,0x00,0x70,
  0x1c,0x00,0x70,0x1e,0x00,0x70,0x1f,0x00,0x70,0x1f,0x80,0x70,0x1b,0x80,0x70,0x19,0xc0,0x70,0x18,0xe0,0x70,0x18,0xf0,0x70,
  0x18,0x78,0x70,0x18,0x38,0x70,0x18,0x1c,0x70,0x18,0x1e,0x70,0x18,0x0f,0x70,0x18,0x07,0x70,0x18,0x03,0xf0,0x18,0x03,0xf0,
  0x18,0x01,0xf0,0x18,0x00,0xf0,0x18,0x00,0x70,0x0f,0xff,0xc0,0x1f,0xff,0xe0,0x1f,0xff,0xe0,0x18,0x00,0x60,0x18,0x00,0x60,
  0x18,0x00,0x60,0x18,0x00,0x60,0x18,0x00,0x60,0x18,0x00,0x60,0x18,0x00,0x60,0x18,0x00,0x60,0x18,0x00,0x60,0x18,0x00,0x60,
  0x18,0x00,0x60,0x18,0x00,0x60,0x18,0x00,0x60,0x18,0x00,0x60,0x1f,0xff,0xe0,0x1f,0xff,0xe0,0x0f,0xff,0xc0,0x1f,0xff,0x00,
  0x1f,0xff,0x80,0x1f,0xff,0xc0,0x18,0x01,0xc0,0x18,0x01,0xc0,0x18,0x01,0xc0,0x18,0x01,0xc0,0x18,0x01,0xc0,0x18,0x01,0xc0,
  0x18,0x01,0xc0,0x1f,0xff,0xc0,0x1f,0xff,0x80,0x1f,0xff,0x00,0x18,0x00,0x00,0x18,0x00,0x00,0x18,0x00,0x00,0x18,0x00,0x00,
  0x18,0x00,0x00,0x18,0x00,0x00,0x18,0x00,0x00,0x0f,0xff,0xc0,0x1f,0xff,0xe0,0x1f,0xff,0xe0,0x18,0x00,0x60,0x18,0x00,0x60,
  0x18,0x00,0x60,0x18,0x00,0x60,0x18,0x00,0x60,0x18,0x00,0x60,0x18,0x00,0x60,0x18,0x00,0x60,0x18,0x00,0x60,0x18,0x00,0x60,
  0x18,0x00,0x60,0x18,0x00,0x60,0x18,0x30,0x60,0x18,0x30,0x60,0x1f,0xff,0xe0,0x1f,0xff,0xe0,0x0f,0xff,0xc0,0x00,0x30,0x00,
  0x00,0x30,0x00,0x00,0x30,0x00,0x00,0x30,0x00,0x1f,0xff,0x00,0x1f,0xff,0x80,0x1f,0xff,0xc0,0x18,0x01,0xc0,0x18,0x01,0xc0,
  0x18,0x01,0xc0,0x18,0x01,0xc0,0x18,0x01,0xc0,0x18,0x01,0xc0,0x1f,0xff,0xc0,0x1f,0xff,0x80,0x1f,0xff,0x00,0x18,0x0e,0x00,
  0x18,0x0e,0x00,0x18,0x07,0x00,0x18,0x07,0x00,0x18,0x07,0x80,0x18,0x03,0x80,0x18,0x03,0xc0,0x18,0x01,0xc0,0x0f,0xff,0x00,
  0x1f,0xff,0x80,0x1f,0xff,0xc0,0x18,0x01,0xc0,0x18,0x01,0xc0,0x18,0x00,0x00,0x18,0x00,0x00,0x18,0x00,0x00,0x18,0x00,0x00,
  0x1f,0xff,0x00,0x1f,0xff,0x80,0x0f,0xff,0xc0,0x00,0x01,0xc0,0x00,0x01,0xc0,0x00,0x01,0xc0,0x38,0x01,0xc0,0x38,0x01,0xc0,
  0x3f,0xff,0xc0,0x1f,0xff,0x80,0x1f,0xff,0x00,0x7f,0xff,0x80,0x7f,0xff,0x80,0x7f,0xff,0x80,0x01,0xc0,0x00,0x01,0xc0,0x00,
  0x01,0xc0,0x00,0x01,0xc0,0x00,0x01,0xc0,0x00,0x01,0xc0,0x00,0x01,0xc0,0x00,0x01,0xc0,0x00,0x01,0xc0,0x00,0x01,0xc0,0x00,
  0x01,0xc0,0x00,0x01,0xc0,0x00,0x01,0xc0,0x00,0x01,0xc0,0x00,0x01,0xc0,0x00,0x01,0xc0,0x00,0x01,0xc0,0x00,0x18,0x00,0x60,
  0x18,0x00,0x60,0x18,0x00,0x60,0x18,0x00,0x60,0x18,0x00,0x60,0x18,0x00,0x60,0x18,0x00,0x60,0x18,0x00,0x60,0x18,0x00,0x60,
  0x18,0x00,0x60,0x18,0x00,0x60,0x18,0x00,0x60,0x18,0x00,0x60,0x18,0x00,0x60,0x18,0x00,0x60,0x18,0x00,0x60,0x18,0x00,0x60,
  0x1f,0xff,0xe0,0x1f,0xff,0xe0,0x0f,0xff,0xc0,0x70,0x00,0xe0,0x70,0x01,0xc0,0x38,0x01,0xc0,0x38,0x01,0xc0,0x1c,0x03,0x80,
  0x1c,0x03,0x80,0x1c,0x03,0x80,0x0e,0x07,0x00,0x0e,0x07,0x00,0x0e,0x06,0x00,0x07,0x0e,0x00,0x07,0x0e,0x00,0x03,0x1c,0x00,
  0x03,0x9c,0x00,0x03,0x9c,0x00,0x01,0xf8,0x00,0x01,0xf8,0x00,0x01,0xf0,0x00,0x00,0xf0,0x00,0x00,0xf0,0x00,0x70,0x0e,0x00,
  0xc0,0x70,0x0f,0x01,0xc0,0x30,0x0f,0x01,0xc0,0x38,0x1f,0x01,0xc0,0x38,0x1f,0x01,0x80,0x38,0x1f,0x83,0x80,0x18,0x1b,0x83,
  0x80,0x1c,0x3b,0x83,0x80,0x1c,0x39,0x87,0x00,0x1c,0x31,0xc7,0x00,0x0e,0x71,0xc7,0x00,0x0e,0x70,0xc6,0x00,0x0e,0x70,0xee,
  0x00,0x06,0x60,0xee,0x00,0x07,0xe0,0xee,0x00,0x07,0xe0,0x7c,0x00,0x07,0xc0,0x7c,0x00,0x03,0xc0,0x7c,0x00,0x03,0xc0,0x38,
  0x00,0x03,0xc0,0x38,0x00,0x78,0x01,0xc0,0x38,0x03,0x80,0x1c,0x07,0x80,0x1e,0x0f,0x00,0x0f,0x0e,0x00,0x07,0x1c,0x00,0x03,
  0xbc,0x00,0x03,0xf8,0x00,0x01,0xf0,0x00,0x00,0xf0,0x00,0x00,0xf0,0x00,0x01,0xf0,0x00,0x03,0xf8,0x00,0x07,0xbc,0x00,0x07,
  0x1e,0x00,0x0e,0x0e,0x00,0x1e,0x07,0x00,0x1c,0x07,0x80,0x38,0x03,0x80,0x78,0x01,0xc0,0x70,0x01,0xc0,0x78,0x03,0xc0,0x38,
  0x03,0x80,0x1c,0x07,0x00,0x1e,0x0f,0x00,0x0e,0x0e,0x00,0x07,0x1c,0x00,0x07,0x1c,0x00,0x03,0xb8,0x00,0x01,0xf8,0x00,0x01,
  0xf0,0x00,0x00,0xe0,0x00,0x00,0xe0,0x00,0x00,0xe0,0x00,0x00,0xe0,0x00,0x00,0xe0,0x00,0x00,0xe0,0x00,0x00,0xe0,0x00,0x00,
  0xe0,0x00,0x00,0xe0,0x00,0x3f,0xff,0x80,0x3f,0xff,0x80,0x3f,0xff,0x00,0x00,0x0f,0x00,0x00,0x0e,0x00,0x00,0x1c,0x00,0x00,
  0x3c,0x00,0x00,0x38,0x00,0x00,0x70,0x00,0x00,0xf0,0x00,0x00,0xe0,0x00,0x01,0xc0,0x00,0x03,0x80,0x00,0x03,0x80,0x00,0x07,
  0x00,0x00,0x0e,0x00,0x00,0x0e,0x00,0x00,0x1f,0xff,0x80,0x3f,0xff,0x80,0x3f,0xff,0x80,0x1f,0xc0,0x1f,0xc0,0x1f,0xc0,0x18,
  0x00,0x18,0x00,0x18,0x00,0x18,0x00,0x18,0x00,0x18,0x00,0x18,0x00,0x18,0x00,0x18,0x00,0x18,0x00,0x18,0x00,0x18,0x00,0x18,
  0x00,0x18,0x00,0x18,0x00,0x18,0x00,0x18,0x00,0x18,0x00,0x18,0x00,0x18,0x00,0x18,0x00,0x1f,0xc0,0x1f,0xc0,0x1f,0xc0,0x70,
  0x00,0x30,0x00,0x38,0x00,0x38,0x00,0x18,0x00,0x1c,0x00,0x1c,0x00,0x0c,0x00,0x0e,0x00,0x0e,0x00,0x06,0x00,0x07,0x00,0x07,
  0x00,0x03,0x00,0x03,0x80,0x03,0x80,0x01,0x80,0x01,0xc0,0x01,0xc0,0x00,0xc0,0x00,0xe0,0x00,0x60,0x3f,0x80,0x3f,0x80,0x3f,
  0x80,0x03,0x80,0x03,0x80,0x03,0x80,0x03,0x80,0x03,0x80,0x03,0x80,0x03,0x80,0x03,0x80,0x03,0x80,0x03,0x80,0x03,0x80,0x03,
  0x80,0x03,0x80,0x03,0x80,0x03,0x80,0x03,0x80,0x03,0x80,0x03,0x80,0x03,0x80,0x03,0x80,0x03,0x80,0x3f,0x80,0x3f,0x80,0x3f,
  0x80,0x03,0xc0,0x03,0xc0,0x07,0xe0,0x0e,0x60,0x0c,0x70,0x1c,0x30,0x18,0x38,0x38,0x1c,0x70,0x1c,0x00,0x00,0x00,0x00,0x00,
  0x00,0x00,0x00,0x00,0x00,0x00,0x00,0x00,0x00,0x00,0x00,0x00,0x00,0x00,0x00,0x00,0x00,0x00,0x00,0x00,0x00,0x00,0x00,0x00,
  0x00,0x00,0x00,0x00,0x00,0x00,0x00,0x00,0x00,0x00,0x00,0x7f,0xff,0xc0,0x7f,0xff,0xc0,0x3c,0x00,0x0e,0x00,0x03,0x00,0x00,
  0x00,0x00,0x00,0x00,0x00,0x00,0x00,0x00,0x00,0x00,0x00,0x00,0x00,0x00,0x00,0x00,0x00,0x00,0x00,0x00,0x00,0x00,0x00,0x00,
  0x00,0x00,0x00,0x00,0x00,0x00,0x00,0x00,0x00,0x1f,0xf8,0x00,0x1f,0xfc,0x00,0x1f,0xfc,0x00,0x00,0x0e,0x00,0x00,0x0e,0x00,
  0x00,0x0e,0x00,0x1f,0xfe,0x00,0x1f,0xfe,0x00,0x3f,0xfe,0x00,0x38,0x0e,0x00,0x38,0x0e,0x00,0x38,0x0e,0x00,0x3f,0xfe,0x00,
  0x1f,0xfe,0x00,0x1f,0xee,0x00,0x38,0x00,0x00,0x38,0x00,0x00,0x38,0x00,0x00,0x38,0x00,0x00,0x38,0x00,0x00,0x3b,0xfc,0x00,
  0x3f,0xfe,0x00,0x3f,0xfe,0x00,0x38,0x0e,0x00,0x38,0x0e,0x00,0x38,0x0e,0x00,0x38,0x0e,0x00,0x38,0x0e,0x00,0x38,0x0e,0x00,
  0x38,0x0e,0x00,0x38,0x0e,0x00,0x38,0x0e,0x00,0x3f,0xfe,0x00,0x1f,0xfe,0x00,0x1f,0xfc,0x00,0x1f,0xf8,0x00,0x1f,0xfc,0x00,
  0x3f,0xfe,0x00,0x38,0x0e,0x00,0x38,0x0e,0x00,0x38,0x00,0x00,0x38,0x00,0x00,0x38,0x00,0x00,0x38,0x00,0x00,0x38,0x00,0x00,
  0x38,0x0e,0x00,0x38,0x0e,0x00,0x3f,0xfe,0x00,0x1f,0xfc,0x00,0x1f,0xf8,0x00,0x00,0x0e,0x00,0x00,0x0e,0x00,0x00,0x0e,0x00,
  0x00,0x0e,0x00,0x00,0x0e,0x00,0x1f,0xfe,0x00,0x1f,0xfe,0x00,0x3f,0xfe,0x00,0x38,0x0e,0x00,0x38,0x0e,0x00,0x38,0x0e,0x00,
  0x38,0x0e,0x00,0x38,0x0e,0x00,0x38,0x0e,0x00,0x38,0x0e,0x00,0x38,0x0e,0x00,0x38,0x0e,0x00,0x3f,0xfe,0x00,0x1f,0xfe,0x00,
  0x1f,0xee,0x00,0x1f,0xf8,0x00,0x1f,0xfc,0x00,0x3f,0xfc,0x00,0x38,0x0e,0x00,0x38,0x0e,0x00,0x38,0x0e,0x00,0x3f,0xfe,0x00,
  0x3f,0xfe,0x00,0x3f,0xfe,0x00,0x38,0x00,0x00,0x38,0x00,0x00,0x38,0x00,0x00,0x3f,0xfe,0x00,0x1f,0xfe,0x00,0x1f,0xfe,0x00,
  0x03,0xf0,0x07,0xf0,0x07,0xf0,0x07,0x00,0x07,0x00,0x7f,0xf0,0x7f,0xf0,0x7f,0xf0,0x07,0x00,0x07,0x00,0x07,0x00,0x07,0x00,
  0x07,0x00,0x07,0x00,0x07,0x00,0x07,0x00,0x07,0x00,0x07,0x00,0x07,0x00,0x07,0x00,0x0f,0xee,0x00,0x1f,0xfe,0x00,0x3f,0xfe,
  0x00,0x38,0x0e,0x00,0x38,0x0e,0x00,0x38,0x0e,0x00,0x38,0x0e,0x00,0x38,0x0e,0x00,0x38,0x0e,0x00,0x38,0x0e,0x00,0x38,0x0e,
  0x00,0x38,0x0e,0x00,0x3f,0xfe,0x00,0x1f,0xfe,0x00,0x0f,0xfe,0x00,0x00,0x0e,0x00,0x00,0x0e,0x00,0x00,0x0e,0x00,0x0f,0xfe,
  0x00,0x0f,0xfe,0x00,0x0f,0xfc,0x00,0x38,0x00,0x00,0x38,0x00,0x00,0x38,0x00,0x00,0x38,0x00,0x00,0x38,0x00,0x00,0x3b,0xfc,
  0x00,0x3f,0xfe,0x00,0x3f,0xfe,0x00,0x38,0x0e,0x00,0x38,0x0e,0x00,0x38,0x0e,0x00,0x38,0x0e,0x00,0x38,0x0e,0x00,0x38,0x0e,
  0x00,0x38,0x0e,0x00,0x38,0x0e,0x00,0x38,0x0e,0x00,0x38,0x0e,0x00,0x38,0x0e,0x00,0x38,0x0e,0x00,0x38,0x38,0x38,0x00,0x00,
  0x18,0x38,0x38,0x38,0x38,0x38,0x38,0x38,0x38,0x38,0x38,0x38,0x38,0x38,0x38,0x38,0x38,0x38,0x00,0x00,0x18,0x38,0x38,0x38,
  0x38,0x38,0x38,0x38,0x38,0x38,0x38,0x38,0x38,0x38,0x38,0x38,0x38,0x38,0xf8,0xf8,0xf0,0x38,0x00,0x38,0x00,0x38,0x00,0x38,
  0x00,0x38,0x00,0x38,0x00,0x38,0x3c,0x38,0x78,0x38,0xf0,0x39,0xe0,0x3b,0xc0,0x3f,0x00,0x3f,0x00,0x3f,0x00,0x3b,0x80,0x39,
  0xe0,0x38,0xf0,0x38,0x78,0x38,0x3c,0x38,0x1e,0x38,0x38,0x38,0x38,0x38,0x38,0x38,0x38,0x38,0x38,0x38,0x38,0x38,0x38,0x38,
  0x38,0x38,0x38,0x38,0x38,0x3b,0xf1,0xf8,0x00,0x3f,0xfb,0xfc,0x00,0x3f,0xff,0xfe,0x00,0x38,0x1c,0x0e,0x00,0x38,0x1c,0x0e,
  0x00,0x38,0x1c,0x0e,0x00,0x38,0x1c,0x0e,0x00,0x38,0x1c,0x0e,0x00,0x38,0x1c,0x0e,0x00,0x38,0x1c,0x0e,0x00,0x38,0x1c,0x0e,
  0x00,0x38,0x1c,0x0e,0x00,0x38,0x1c,0x0e,0x00,0x38,0x1c,0x0e,0x00,0x38,0x1c,0x0e,0x00,0x3b,0xfc,0x00,0x3f,0xfe,0x00,0x3f,
  0xfe,0x00,0x38,0x0e,0x00,0x38,0x0e,0x00,0x38,0x0e,0x00,0x38,0x0e,0x00,0x38,0x0e,0x00,0x38,0x0e,0x00,0x38,0x0e,0x00,0x38,
  0x0e,0x00,0x38,0x0e,0x00,0x38,0x0e,0x00,0x38,0x0e,0x00,0x38,0x0e,0x00,0x1f,0xfc,0x00,0x1f,0xfc,0x00,0x3f,0xfe,0x00,0x38,
  0x0e,0x00,0x38,0x0e,0x00,0x38,0x0e,0x00,0x38,0x0e,0x00,0x38,0x0e,0x00,0x38,0x0e,0x00,0x38,0x0e,0x00,0x38,0x0e,0x00,0x38,
  0x0e,0x00,0x3f,0xfe,0x00,0x1f,0xfc,0x00,0x1f,0xfc,0x00,0x3b,0xfc,0x00,0x3f,0xfe,0x00,0x3f,0xfe,0x00,0x38,0x0e,0x00,0x38,
  0x0e,0x00,0x38,0x0e,0x00,0x38,0x0e,0x00,0x38,0x0e,0x00,0x38,0x0e,0x00,0x38,0x0e,0x00,0x38,0x0e,0x00,0x38,0x0e,0x00,0x3f,
  0xfe,0x00,0x3f,0xfe,0x00,0x3f,0xfc,0x00,0x38,0x00,0x00,0x38,0x00,0x00,0x38,0x00,0x00,0x38,0x00,0x00,0x38,0x00,0x00,0x38,
  0x00,0x00,0x1f,0xfc,0x00,0x1f,0xfe,0x00,0x3f,0xfe,0x00,0x38,0x0e,0x00,0x38,0x0e,0x00,0x38,0x0e,0x00,0x38,0x0e,0x00,0x38,
  0x0e,0x00,0x38,0x0e,0x00,0x38,0x0e,0x00,0x38,0x0e,0x00,0x38,0x0e,0x00,0x3f,0xfe,0x00,0x1f,0xfe,0x00,0x1f,0xee,0x00,0x00,
  0x0e,0x00,0x00,0x0e,0x00,0x00,0x0e,0x00,0x00,0x0e,0x00,0x00,0x0e,0x00,0x00,0x0e,0x00,0x3b,0x80,0x3f,0xf0,0x3f,0xf8,0x38,
  0x38,0x38,0x38,0x38,0x38,0x38,0x00,0x38,0x00,0x38,0x00,0x38,0x00,0x38,0x00,0x38,0x00,0x38,0x00,0x38,0x00,0x38,0x00,0x1f,
  0xf8,0x3f,0xf8,0x3f,0xf8,0x38,0x00,0x38,0x00,0x38,0x00,0x3f,0xf0,0x3f,0xf8,0x1f,0xfc,0x00,0x1c,0x00,0x1c,0x00,0x1c,0x3f,
  0xfc,0x3f,0xf8,0x3f,0xf0,0x07,0x00,0x07,0x00,0x07,0x00,0x07,0x00,0x7f,0xf0,0x7f,0xf0,0x7f,0xf0,0x07,0x00,0x07,0x00,0x07,
  0x00,0x07,0x00,0x07,0x00,0x07,0x00,0x07,0x00,0x07,0x00,0x07,0x00,0x07,0xf0,0x07,0xf0,0x03,0xf0,0x38,0x0e,0x00,0x38,0x0e,
  0x00,0x38,0x0e,0x00,0x38,0x0e,0x00,0x38,0x0e,0x00,0x38,0x0e,0x00,0x38,0x0e,0x00,0x38,0x0e,0x00,0x38,0x0e,0x00,0x38,0x0e,
  0x00,0x38,0x0e,0x00,0x38,0x0e,0x00,0x3f,0xfe,0x00,0x1f,0xfe,0x00,0x1f,0xee,0x00,0x70,0x0e,0x70,0x0c,0x30,0x1c,0x38,0x1c,
  0x38,0x38,0x18,0x38,0x1c,0x30,0x1c,0x70,0x0e,0x70,0x0e,0x60,0x06,0xe0,0x07,0xe0,0x07,0xc0,0x03,0xc0,0x03,0x80,0x60,0x38,
  0x1c,0x70,0x38,0x1c,0x70,0x78,0x18,0x30,0x7c,0x38,0x38,0x7c,0x38,0x38,0xec,0x30,0x18,0xee,0x70,0x1c,0xce,0x70,0x1c,0xc6,
  0x60,0x0d,0xc6,0xe0,0x0f,0x87,0xe0,0x0f,0x83,0xc0,0x0f,0x83,0xc0,0x07,0x83,0xc0,0x07,0x03,0xc0,0x78,0x1e,0x38,0x1c,0x1c,
  0x38,0x0e,0x70,0x0f,0xf0,0x07,0xe0,0x03,0xc0,0x03,0xc0,0x03,0xc0,0x07,0xe0,0x0e,0x70,0x1e,0x78,0x1c,0x38,0x38,0x1c,0x70,
  0x0e,0x70,0x0e,0x70,0x1c,0x30,0x1c,0x38,0x38,0x38,0x38,0x1c,0x30,0x1c,0x70,0x0c,0x70,0x0e,0xe0,0x06,0xe0,0x07,0xc0,0x07,
  0xc0,0x03,0x80,0x03,0x80,0x03,0x80,0x07,0x00,0x07,0x00,0x06,0x00,0x0e,0x00,0x0e,0x00,0x1c,0x00,0x3f,0xfc,0x3f,0xf8,0x3f,
  0xf8,0x00,0x70,0x00,0xe0,0x00,0xe0,0x01,0xc0,0x03,0x80,0x03,0x80,0x07,0x00,0x0e,0x00,0x0e,0x00,0x1f,0xfc,0x3f,0xfc,0x3f,
  0xfc,0x03,0x80,0x07,0x80,0x0f,0x80,0x1e,0x00,0x1c,0x00,0x1c,0x00,0x1c,0x00,0x1c,0x00,0x1c,0x00,0x1c,0x00,0x1c,0x00,0x1c,
  0x00,0x78,0x00,0x78,0x00,0x78,0x00,0x1c,0x00,0x1c,0x00,0x1c,0x00,0x1c,0x00,0x1c,0x00,0x1c,0x00,0x1c,0x00,0x1c,0x00,0x1e,
  0x00,0x0f,0x80,0x07,0x80,0x03,0x80,0x18,0x18,0x18,0x18,0x18,0x18,0x18,0x18,0x18,0x18,0x18,0x18,0x18,0x18,0x18,0x18,0x18,
  0x18,0x18,0x18,0x18,0x18,0x18,0x18,0x18,0x18,0x18,0x38,0x00,0x3c,0x00,0x3e,0x00,0x0f,0x00,0x07,0x00,0x07,0x00,0x07,0x00,
  0x07,0x00,0x07,0x00,0x07,0x00,0x07,0x00,0x07,0x00,0x03,0xc0,0x03,0xc0,0x03,0xc0,0x07,0x00,0x07,0x00,0x07,0x00,0x07,0x00,
  0x07,0x00,0x07,0x00,0x07,0x00,0x07,0x00,0x0f,0x00,0x3e,0x00,0x3c,0x00,0x38,0x00,0x0f,0x0e,0x00,0x1f,0x8e,0x00,0x3f,0xfc,
  0x00,0x39,0xfc,0x00,0x30,0x78,0x00,0x00,0x00,0x00,0x00,0x00,0x00,0x00,0x00,0x00,0x00,0x00,0x00,0x00,0x00,0x00,0x00,0x00,
  0x00,0x0f,0x00,0x1f,0x80,0x39,0xc0,0x30,0xc0,0x30,0xe0,0x30,0xc0,0x39,0xc0,0x1f,0x80,0x0f,0x00,0x00,0x00,0x00,0x00,0x00,
  0x00,0x00,0x00,0x00,0x00,0x00,0x00,0x00,0x00,0x00,0x00,0x00,0x00,0x00,0x00,0x00,0x00,
};
const Glyph font28Glyphs[] = {{32,0,21,8,1,8,0},{33,0,1,8,20,8,1},{34,0,1,14,20,14,21},{35,0,1,22,20,22,61},{36,0,-1,19,25,19,121},{37,0,2,27,19,27,196},{38,0,1,21,20,21,272},{39,0,1,8,20,8,332},{40,0,0,11,27,11,352},{41,0,0,11,27,11,406},{42,0,1,15,20,15,460},{43,0,5,20,16,20,500},{44,0,17,9,8,9,548},{45,0,12,11,9,11,564},{46,0,17,9,4,9,582},{47,0,0,12,22,12,590},{48,0,1,20,20,20,634},{49,0,1,10,20,10,694},{50,0,1,19,20,19,734},{51,0,1,18,20,18,794},{52,0,1,17,20,17,854},{53,0,1,18,20,18,914},{54,0,1,20,20,20,974},{55,0,1,17,20,17,1034},{56,0,1,19,20,19,1094},{57,0,1,20,20,20,1154},{58,0,6,9,15,9,1214},{59,0,6,9,19,9,1244},{60,0,5,19,16,19,1282},{61,0,8,20,13,20,1330},{62,0,5,19,16,19,1369},{63,0,1,16,20,16,1417},{64,0,1,30,26,30,1457},{65,0,1,20,20,20,1561},{66,0,1,20,20,20,1621},{67,0,1,21,20,21,1681},{68,0,1,21,20,21,1741},{69,0,1,18,20,18,1801},{70,0,1,18,20,18,1861},{71,0,1,21,20,21,1921},{72,0,1,22,20,22,1981},{73,0,1,8,20,8,2041},{74,0,1,18,20,18,2061},{75,0,1,20,20,19,2121},{76,0,1,16,20,16,2181},{77,0,1,26,20,26,2221},{78,0,1,22,20,22,2301},{79,0,1,22,20,22,2361},{80,0,1,19,20,19,2421},{81,0,1,22,24,22,2481},{82,0,1,20,20,20,2553},{83,0,1,20,20,20,2613},{84,0,1,17,20,17,2673},{85,0,1,22,20,22,2733},{86,0,1,20,20,20,2793},{87,0,1,27,20,27,2853},{88,0,1,19,20,19,2933},{89,0,1,19,20,19,2993},{90,0,1,19,20,19,3053},{91,0,0,11,27,11,3113},{92,0,0,12,22,12,3167},{93,0,0,11,27,11,3211},{94,0,1,16,20,16,3265},{95,-1,21,19,8,17,3305},{96,0,1,11,20,11,3329},{97,0,6,17,15,17,3369},{98,0,1,17,20,17,3414},{99,0,6,17,15,17,3474},{100,0,1,17,20,17,3519},{101,0,6,17,15,17,3579},{102,0,1,14,20,14,3624},{103,0,6,17,21,17,3664},{104,0,1,17,20,17,3727},{105,0,1,7,20,7,3787},{106,0,1,7,26,7,3807},{107,0,1,16,20,15,3833},{108,0,1,7,20,7,3873},{109,0,6,25,15,25,3893},{110,0,6,17,15,17,3953},{111,0,6,17,15,17,3998},{112,0,6,17,21,17,4043},{113,0,6,17,21,17,4106},{114,0,6,14,15,14,4169},{115,0,6,16,15,16,4199},{116,0,2,15,19,15,4229},{117,0,6,17,15,17,4267},{118,0,6,16,15,16,4312},{119,0,6,23,15,23,4342},{120,0,6,16,15,16,4387},{121,0,6,15,21,15,4417},{122,0,6,16,15,16,4459},{123,0,0,11,27,11,4489},{124,0,0,8,27,8,4543},{125,0,0,11,27,11,4570},{126,0,10,17,11,17,4624},{176,0,1,12,20,12,4657}};
const BitmapFont font28={font28Bits,font28Glyphs,96};
const uint8_t font32Bits[] = {
  0x00,0x00,0x3e,0x00,0x1e,0x00,0x1e,0x00,0x1c,0x00,0x1c,0x00,0x1c,0x00,0x1c,0x00,0x1c,0x00,0x1c,0x00,0x1c,0x00,0x1c,0x00,
  0x1c,0x00,0x0c,0x00,0x0c,0x00,0x00,0x00,0x00,0x00,0x00,0x00,0x3e,0x00,0x3e,0x00,0x3e,0x00,0x3e,0x00,0x3e,0x00,0x1e,0x78,
  0x1e,0x78,0x1e,0x78,0x1e,0x78,0x1e,0x78,0x1c,0x78,0x1c,0x78,0x1c,0x30,0x1c,0x30,0x0c,0x30,0x00,0x00,0x00,0x00,0x00,0x00,
  0x00,0x00,0x00,0x00,0x00,0x00,0x00,0x00,0x00,0x00,0x00,0x00,0x00,0x00,0x00,0x00,0x00,0x00,0x00,0xe0,0x60,0x00,0x00,0xe0,
  0x60,0x00,0x00,0xe0,0xe0,0x00,0x00,0xe0,0xe0,0x00,0x00,0xc0,0xe0,0x00,0x1f,0xff,0xfc,0x00,0x1f,0xff,0xfc,0x00,0x1f,0xff,
  0xfc,0x00,0x01,0xc1,0xc0,0x00,0x01,0xc1,0xc0,0x00,0x01,0xc1,0xc0,0x00,0x01,0x81,0xc0,0x00,0x03,0x81,0xc0,0x00,0x03,0x81,
  0x80,0x00,0x1f,0xff,0xfc,0x00,0x1f,0xff,0xfc,0x00,0x1f,0xff,0xfc,0x00,0x03,0x83,0x80,0x00,0x03,0x03,0x80,0x00,0x07,0x03,
  0x80,0x00,0x07,0x03,0x00,0x00,0x07,0x03,0x00,0x00,0x00,0x38,0x00,0x00,0x38,0x00,0x00,0x38,0x00,0x00,0x38,0x00,0x0f,0xff,
  0xc0,0x1f,0xff,0xe0,0x1f,0xff,0xf0,0x1c,0x38,0x70,0x1c,0x38,0x70,0x1c,0x38,0x70,0x1c,0x38,0x00,0x1c,0x38,0x00,0x1c,0x38,
  0x00,0x1f,0xff,0xc0,0x1f,0xff,0xe0,0x0f,0xff,0xf0,0x00,0x38,0x70,0x00,0x38,0x70,0x00,0x38,0x70,0x00,0x38,0x70,0x38,0x38,
  0x70,0x38,0x38,0x70,0x38,0x38,0x70,0x3f,0xff,0xf0,0x1f,0xff,0xe0,0x0f,0xff,0xc0,0x00,0x38,0x00,0x00,0x38,0x00,0x00,0x38,
  0x00,0x0f,0xe0,0x03,0x00,0x1f,0xf0,0x07,0x00,0x3f,0xf0,0x0e,0x00,0x38,0x70,0x1c,0x00,0x38,0x70,0x1c,0x00,0x38,0x70,0x38,
  0x00,0x38,0x70,0x70,0x00,0x38,0x70,0x70,0x00,0x38,0x70,0xe0,0x00,0x3f,0xf1,0xc0,0x00,0x1f,0xf1,0xc0,0x00,0x0f,0xe3,0x8f,
  0xe0,0x00,0x07,0x1f,0xf0,0x00,0x0e,0x1f,0xf0,0x00,0x0e,0x38,0x30,0x00,0x1c,0x38,0x30,0x00,0x38,0x38,0x30,0x00,0x38,0x38,
  0x30,0x00,0x70,0x38,0x30,0x00,0xe0,0x38,0x30,0x00,0xe0,0x1f,0xf0,0x01,0xc0,0x1f,0xf0,0x03,0x80,0x0f,0xe0,0x07,0xff,0x00,
  0x0f,0xff,0x80,0x1f,0xff,0xc0,0x1c,0x03,0xc0,0x1c,0x01,0xc0,0x1c,0x01,0xc0,0x1c,0x01,0xc0,0x1c,0x00,0x00,0x1c,0x00,0x00,
  0x0f,0xff,0xfc,0x07,0xff,0xfc,0x1f,0xff,0xfc,0x1c,0x01,0xe0,0x3c,0x01,0xe0,0x38,0x01,0xe0,0x38,0x01,0xe0,0x38,0x01,0xe0,
  0x3c,0x01,0xe0,0x3c,0x01,0xe0,0x1f,0xff,0xfc,0x0f,0xff,0xfc,0x07,0xfe,0x1c,0x1e,0x00,0x1e,0x00,0x1e,0x00,0x1e,0x00,0x1e,
  0x00,0x1c,0x00,0x1c,0x00,0x1c,0x00,0x1c,0x00,0x0c,0x00,0x00,0x00,0x00,0x00,0x00,0x00,0x00,0x00,0x00,0x00,0x00,0x00,0x00,
  0x00,0x00,0x00,0x00,0x00,0x00,0x00,0x00,0x00,0x00,0x00,0x01,0xe0,0x07,0xe0,0x0f,0xe0,0x1f,0x00,0x1c,0x00,0x1c,0x00,0x3c,
  0x00,0x38,0x00,0x38,0x00,0x38,0x00,0x38,0x00,0x38,0x00,0x38,0x00,0x38,0x00,0x38,0x00,0x38,0x00,0x38,0x00,0x38,0x00,0x38,
  0x00,0x38,0x00,0x38,0x00,0x38,0x00,0x38,0x00,0x38,0x00,0x3c,0x00,0x1c,0x00,0x1c,0x00,0x1f,0x00,0x0f,0xe0,0x07,0xe0,0x01,
  0xe0,0x38,0x00,0x3e,0x00,0x3f,0x00,0x07,0x80,0x03,0xc0,0x01,0xc0,0x01,0xc0,0x01,0xc0,0x01,0xc0,0x01,0xc0,0x01,0xc0,0x01,
  0xc0,0x01,0xc0,0x01,0xc0,0x01,0xc0,0x01,0xc0,0x01,0xc0,0x01,0xc0,0x01,0xc0,0x01,0xc0,0x01,0xc0,0x01,0xc0,0x01,0xc0,0x01,
  0xc0,0x01,0xc0,0x01,0xc0,0x03,0xc0,0x07,0x80,0x3f,0x00,0x3e,0x00,0x38,0x00,0x01,0xc0,0x00,0x00,0xc0,0x00,0x00,0xc0,0x00,
  0x00,0xc0,0x00,0x3c,0xce,0x00,0x3f,0xfe,0x00,0x0f,0xfc,0x00,0x01,0xe0,0x00,0x03,0xf0,0x00,0x07,0x70,0x00,0x0f,0x38,0x00,
  0x0e,0x1c,0x00,0x04,0x10,0x00,0x00,0x00,0x00,0x00,0x00,0x00,0x00,0x00,0x00,0x00,0x00,0x00,0x00,0x00,0x00,0x00,0x00,0x00,
  0x00,0x00,0x00,0x00,0x00,0x00,0x00,0x00,0x00,0x00,0x38,0x00,0x00,0x38,0x00,0x00,0x38,0x00,0x00,0x38,0x00,0x00,0x38,0x00,
  0x00,0x38,0x00,0x00,0x38,0x00,0x1f,0xff,0xf0,0x1f,0xff,0xf0,0x1f,0xff,0xf0,0x00,0x38,0x00,0x00,0x38,0x00,0x00,0x38,0x00,
  0x00,0x38,0x00,0x00,0x38,0x00,0x00,0x38,0x00,0x00,0x38,0x00,0x00,0x38,0x00,0x1e,0x00,0x1e,0x00,0x1e,0x00,0x1e,0x00,0x1e,
  0x00,0x06,0x00,0x0c,0x00,0x0c,0x00,0x1c,0x00,0x18,0x00,0x1f,0xc0,0x1f,0xc0,0x1f,0xc0,0x00,0x00,0x00,0x00,0x00,0x00,0x00,
  0x00,0x00,0x00,0x00,0x00,0x00,0x00,0x00,0x00,0x1e,0x00,0x1e,0x00,0x1e,0x00,0x1e,0x00,0x1e,0x00,0x00,0x38,0x00,0x70,0x00,
  0x70,0x00,0x70,0x00,0xe0,0x00,0xe0,0x00,0xe0,0x01,0xc0,0x01,0xc0,0x01,0xc0,0x03,0x80,0x03,0x80,0x03,0x80,0x07,0x00,0x07,
  0x00,0x07,0x00,0x0e,0x00,0x0e,0x00,0x0e,0x00,0x1c,0x00,0x1c,0x00,0x1c,0x00,0x38,0x00,0x38,0x00,0x38,0x00,0x70,0x00,0x0f,
  0xff,0xe0,0x1f,0xff,0xf0,0x1f,0xff,0xf0,0x1c,0x00,0x70,0x1c,0x00,0x70,0x1c,0x00,0x70,0x1c,0x00,0x70,0x1c,0x00,0x70,0x1c,
  0x00,0x70,0x1c,0x00,0x70,0x1c,0x00,0x70,0x1c,0x00,0x70,0x1c,0x00,0x70,0x1c,0x00,0x70,0x1c,0x00,0x70,0x1c,0x00,0x70,0x1c,
  0x00,0x70,0x1c,0x00,0x70,0x1c,0x00,0x70,0x1f,0xff,0xf0,0x1f,0xff,0xf0,0x0f,0xff,0xe0,0x7f,0x00,0x7f,0x00,0x7f,0x00,0x07,
  0x00,0x07,0x00,0x07,0x00,0x07,0x00,0x07,0x00,0x07,0x00,0x07,0x00,0x07,0x00,0x07,0x00,0x07,0x00,0x07,0x00,0x07,0x00,0x07,
  0x00,0x07,0x00,0x07,0x00,0x07,0x00,0x07,0x00,0x07,0x00,0x07,0x00,0x0f,0xff,0x80,0x1f,0xff,0xe0,0x1f,0xff,0xe0,0x1c,0x00,
  0xe0,0x1c,0x00,0xe0,0x1c,0x00,0xe0,0x00,0x00,0xe0,0x00,0x00,0xe0,0x00,0x03,0xe0,0x00,0x0f,0xc0,0x00,0x3f,0x80,0x01,0xfe,
  0x00,0x07,0xf8,0x00,0x0f,0xe0,0x00,0x1f,0x80,0x00,0x1c,0x00,0x00,0x1c,0x00,0xf0,0x1c,0x00,0xf0,0x1c,0x00,0xf0,0x1f,0xff,
  0xf0,0x1f,0xff,0xf0,0x1f,0xff,0xf0,0x07,0xff,0x00,0x1f,0xff,0xc0,0x3f,0xff,0xc0,0x3c,0x01,0xe0,0x38,0x00,0xe0,0x38,0x00,
  0xe0,0x38,0x00,0xe0,0x00,0x00,0xe0,0x00,0x01,0xc0,0x01,0xff,0x80,0x01,0xff,0x80,0x01,0xff,0xc0,0x00,0x01,0xe0,0x00,0x00,
  0xe0,0x00,0x00,0xe0,0x30,0x00,0xe0,0x38,0x00,0xe0,0x38,0x00,0xe0,0x3c,0x01,0xe0,0x3f,0xff,0xe0,0x1f,0xff,0xc0,0x0f,0xff,
  0x00,0x00,0x1e,0x00,0x00,0x1e,0x00,0x00,0x3e,0x00,0x00,0x7e,0x00,0x00,0xfe,0x00,0x01,0xee,0x00,0x01,0xce,0x00,0x03,0x8e,
  0x00,0x07,0x8e,0x00,0x0f,0x0e,0x00,0x1e,0x0e,0x00,0x1c,0x0e,0x00,0x3c,0x0e,0x00,0x78,0x0e,0x00,0x7f,0xff,0xc0,0x7f,0xff,
  0xc0,0x7f,0xff,0xc0,0x00,0x0e,0x00,0x00,0x0e,0x00,0x00,0x0e,0x00,0x00,0x0e,0x00,0x00,0x0e,0x00,0x3f,0xff,0xc0,0x3f,0xff,
  0xc0,0x3f,0xff,0xc0,0x38,0x00,0x00,0x38,0x00,0x00,0x38,0x00,0x00,0x38,0x00,0x00,0x38,0x00,0x00,0x3f,0xff,0x00,0x3f,0xff,
  0x80,0x3f,0xff,0xc0,0x00,0x01,0xc0,0x00,0x01,0xc0,0x00,0x01,0xc0,0x00,0x01,0xe0,0x30,0x01,0xe0,0x38,0x01,0xc0,0x38,0x01,
  0xc0,0x3c,0x01,0xc0,0x3f,0xff,0xc0,0x1f,0xff,0x80,0x0f,0xff,0x00,0x0f,0xff,0xc0,0x1f,0xff,0xe0,0x1f,0xff,0xe0,0x1c,0x00,
  0xf0,0x1c,0x00,0xf0,0x1c,0x00,0xf0,0x1c,0x00,0x00,0x1c,0x00,0x00,0x1c,0x00,0x00,0x1f,0xff,0xc0,0x1f,0xff,0xe0,0x1f,0xff,
  0xe0,0x1c,0x00,0xf0,0x1c,0x00,0xf0,0x1c,0x00,0xf0,0x1c,0x00,0xf0,0x1c,0x00,0xf0,0x1c,0x00,0xf0,0x1c,0x00,0xf0,0x1f,0xff,
  0xe0,0x1f,0xff,0xe0,0x0f,0xff,0xc0,0x7f,0xff,0xe0,0x7f,0xff,0xc0,0x7f,0xff,0xc0,0x00,0x03,0x80,0x00,0x07,0x80,0x00,0x0f,
  0x00,0x00,0x0f,0x00,0x00,0x1e,0x00,0x00,0x1e,0x00,0x00,0x3c,0x00,0x00,0x3c,0x00,0x00,0x78,0x00,0x00,0x70,0x00,0x00,0xf0,
  0x00,0x00,0xe0,0x00,0x01,0xe0,0x00,0x01,0xc0,0x00,0x03,0xc0,0x00,0x03,0x80,0x00,0x07,0x80,0x00,0x07,0x00,0x00,0x0f,0x00,
  0x00,0x07,0xff,0x80,0x0f,0xff,0xc0,0x1f,0xff,0xe0,0x1c,0x00,0xe0,0x1c,0x00,0xe0,0x1c,0x00,0xe0,0x1c,0x00,0xe0,0x1c,0x00,
  0xe0,0x1c,0x00,0xe0,0x0f,0xff,0xc0,0x07,0xff,0x80,0x1f,0xff,0xe0,0x1c,0x00,0xe0,0x3c,0x00,0xf0,0x38,0x00,0x70,0x38,0x00,
  0x70,0x38,0x00,0x70,0x3c,0x00,0xf0,0x3c,0x00,0xf0,0x1f,0xff,0xe0,0x0f,0xff,0xc0,0x07,0xff,0x80,0x0f,0xff,0xc0,0x1f,0xff,
  0xe0,0x1f,0xff,0xe0,0x1c,0x00,0xf0,0x1c,0x00,0xf0,0x1c,0x00,0xf0,0x1c,0x00,0xf0,0x1c,0x00,0xf0,0x1c,0x00,0xf0,0x1f,0xff,
  0xf0,0x1f,0xff,0xf0,0x0f,0xff,0xf0,0x00,0x00,0xf0,0x00,0x00,0xf0,0x00,0x00,0xf0,0x00,0x00,0xf0,0x1c,0x00,0xf0,0x1c,0x00,
  0xf0,0x1c,0x00,0xf0,0x1f,0xff,0xe0,0x1f,0xff,0xe0,0x0f,0xff,0xc0,0x1e,0x00,0x1e,0x00,0x1e,0x00,0x1e,0x00,0x1e,0x00,0x00,
  0x00,0x00,0x00,0x00,0x00,0x00,0x00,0x00,0x00,0x00,0x00,0x00,0x00,0x1e,0x00,0x1e,0x00,0x1e,0x00,0x1e,0x00,0x1e,0x00,0x1e,
  0x00,0x1e,0x00,0x1e,0x00,0x1e,0x00,0x1e,0x00,0x00,0x00,0x00,0x00,0x00,0x00,0x00,0x00,0x00,0x00,0x00,0x00,0x00,0x00,0x1e,
  0x00,0x1e,0x00,0x1e,0x00,0x1e,0x00,0x1e,0x00,0x06,0x00,0x0c,0x00,0x0c,0x00,0x1c,0x00,0x18,0x00,0x00,0x00,0x20,0x00,0x01,
  0xe0,0x00,0x07,0xe0,0x00,0x3f,0xc0,0x00,0xff,0x00,0x03,0xf8,0x00,0x1f,0xe0,0x00,0x7f,0x00,0x00,0x7c,0x00,0x00,0x7c,0x00,
  0x00,0x7f,0x00,0x00,0x1f,0xe0,0x00,0x03,0xf8,0x00,0x00,0xff,0x00,0x00,0x3f,0xc0,0x00,0x07,0xe0,0x00,0x01,0xe0,0x00,0x00,
  0x20,0x1f,0xff,0xf0,0x1f,0xff,0xf0,0x1f,0xff,0xf0,0x00,0x00,0x00,0x00,0x00,0x00,0x00,0x00,0x00,0x00,0x00,0x00,0x1f,0xff,
  0xf0,0x1f,0xff,0xf0,0x1f,0xff,0xf0,0x00,0x00,0x00,0x00,0x00,0x00,0x00,0x00,0x00,0x00,0x00,0x00,0x10,0x00,0x00,0x1c,0x00,
  0x00,0x1f,0x00,0x00,0x1f,0xe0,0x00,0x03,0xf8,0x00,0x00,0xff,0x00,0x00,0x1f,0xc0,0x00,0x07,0xf0,0x00,0x01,0xf0,0x00,0x01,
  0xf0,0x00,0x07,0xf0,0x00,0x1f,0xc0,0x00,0xff,0x00,0x03,0xf8,0x00,0x1f,0xe0,0x00,0x1f,0x00,0x00,0x1c,0x00,0x00,0x10,0x00,
  0x00,0x0f,0xfc,0x00,0x3f,0xfe,0x00,0x3f,0xff,0x00,0x38,0x07,0x00,0x38,0x07,0x00,0x38,0x07,0x00,0x00,0x0f,0x00,0x00,0x3f,
  0x00,0x00,0xfe,0x00,0x01,0xf8,0x00,0x01,0xe0,0x00,0x03,0xc0,0x00,0x03,0xc0,0x00,0x03,0xc0,0x00,0x00,0x00,0x00,0x00,0x00,
  0x00,0x00,0x00,0x00,0x03,0xc0,0x00,0x03,0xc0,0x00,0x03,0xc0,0x00,0x03,0xc0,0x00,0x03,0xc0,0x00,0x00,0xff,0xff,0xc0,0x00,
  0x03,0xff,0xff,0xf0,0x00,0x07,0xff,0xff,0xf8,0x00,0x0f,0x00,0x00,0x3c,0x00,0x1e,0x00,0x00,0x1c,0x00,0x1c,0x00,0x00,0x0e,
  0x00,0x1c,0x0f,0xef,0x0e,0x00,0x1c,0x1f,0xff,0x0e,0x00,0x1c,0x3f,0xff,0x0e,0x00,0x1c,0x38,0x0f,0x0e,0x00,0x1c,0x38,0x0f,
  0x0e,0x00,0x1c,0x38,0x0f,0x0e,0x00,0x1c,0x38,0x0f,0x0e,0x00,0x1c,0x38,0x0f,0x0e,0x00,0x1c,0x38,0x0f,0x0e,0x00,0x1c,0x38,
  0x0f,0x0e,0x00,0x1c,0x38,0x0f,0x0e,0x00,0x1c,0x38,0x0f,0x0e,0x00,0x1c,0x38,0x0f,0x0e,0x00,0x1c,0x3f,0xff,0xfe,0x00,0x1c,
  0x1f,0xf7,0xfe,0x00,0x1c,0x0f,0xe3,0xfc,0x00,0x1c,0x00,0x00,0x00,0x00,0x1c,0x00,0x00,0x00,0x00,0x1e,0x00,0x00,0x00,0x00,
  0x0f,0x00,0x00,0x00,0x00,0x07,0xff,0xff,0xe0,0x00,0x03,0xff,0xff,0xe0,0x00,0x00,0xff,0xff,0xc0,0x00,0x00,0x78,0x00,0x00,
  0x78,0x00,0x00,0x7c,0x00,0x00,0xfc,0x00,0x00,0xfe,0x00,0x01,0xee,0x00,0x01,0xce,0x00,0x01,0xc7,0x00,0x03,0x87,0x00,0x03,
  0x87,0x80,0x07,0x83,0x80,0x07,0x03,0x80,0x07,0x03,0xc0,0x0f,0x01,0xc0,0x0f,0xff,0xc0,0x0f,0xff,0xe0,0x1f,0xff,0xe0,0x1c,
  0x00,0xf0,0x3c,0x00,0x70,0x38,0x00,0x70,0x38,0x00,0x38,0x70,0x00,0x38,0x1f,0xff,0x80,0x1f,0xff,0xe0,0x1f,0xff,0xe0,0x1c,
  0x00,0xf0,0x1c,0x00,0x70,0x1c,0x00,0x70,0x1c,0x00,0x70,0x1c,0x00,0x70,0x1c,0x00,0xe0,0x1f,0xff,0xc0,0x1f,0xff,0xc0,0x1f,
  0xff,0xe0,0x1c,0x00,0x70,0x1c,0x00,0x70,0x1c,0x00,0x78,0x1c,0x00,0x78,0x1c,0x00,0x78,0x1c,0x00,0x78,0x1c,0x00,0x70,0x1f,
  0xff,0xf0,0x1f,0xff,0xe0,0x1f,0xff,0xc0,0x0f,0xff,0xf0,0x1f,0xff,0xf8,0x1f,0xff,0xf8,0x1c,0x00,0x38,0x1c,0x00,0x38,0x1c,
  0x00,0x38,0x1c,0x00,0x00,0x1c,0x00,0x00,0x1c,0x00,0x00,0x1c,0x00,0x00,0x1c,0x00,0x00,0x1c,0x00,0x00,0x1c,0x00,0x00,0x1c,
  0x00,0x00,0x1c,0x00,0x00,0x1c,0x00,0x00,0x1c,0x00,0x38,0x1c,0x00,0x38,0x1c,0x00,0x38,0x1f,0xff,0xf8,0x1f,0xff,0xf8,0x0f,
  0xff,0xf0,0x1f,0xff,0x80,0x1f,0xff,0xe0,0x1f,0xff,0xf0,0x1c,0x00,0x78,0x1c,0x00,0x3c,0x1c,0x00,0x3c,0x1c,0x00,0x1c,0x1c,
  0x00,0x1c,0x1c,0x00,0x1c,0x1c,0x00,0x1c,0x1c,0x00,0x1c,0x1c,0x00,0x1c,0x1c,0x00,0x1c,0x1c,0x00,0x1c,0x1c,0x00,0x1c,0x1c,
  0x00,0x1c,0x1c,0x00,0x1c,0x1c,0x00,0x3c,0x1c,0x00,0x78,0x1f,0xff,0xf0,0x1f,0xff,0xe0,0x1f,0xff,0x80,0x1f,0xff,0xe0,0x1f,
  0xff,0xe0,0x1f,0xff,0xe0,0x1c,0x00,0x00,0x1c,0x00,0x00,0x1c,0x00,0x00,0x1c,0x00,0x00,0x1c,0x00,0x00,0x1c,0x00,0x00,0x1f,
  0xff,0x80,0x1f,0xff,0x80,0x1f,0xff,0x80,0x1c,0x00,0x00,0x1c,0x00,0x00,0x1c,0x00,0x00,0x1c,0x00,0x00,0x1c,0x00,0x00,0x1c,
  0x00,0x00,0x1c,0x00,0x00,0x1f,0xff,0xe0,0x1f,0xff,0xe0,0x1f,0xff,0xe0,0x1f,0xff,0xe0,0x1f,0xff,0xe0,0x1f,0xff,0xe0,0x1c,
  0x00,0x00,0x1c,0x00,0x00,0x1c,0x00,0x00,0x1c,0x00,0x00,0x1c,0x00,0x00,0x1c,0x00,0x00,0x1f,0xff,0x80,0x1f,0xff,0x80,0x1f,
  0xff,0x80,0x1c,0x00,0x00,0x1c,0x00,0x00,0x1c,0x00,0x00,0x1c,0x00,0x00,0x1c,0x00,0x00,0x1c,0x00,0x00,0x1c,0x00,0x00,0x1c,
  0x00,0x00,0x1c,0x00,0x00,0x1c,0x00,0x00,0x0f,0xff,0xf0,0x1f,0xff,0xf8,0x1f,0xff,0xf8,0x1c,0x00,0x38,0x1c,0x00,0x38,0x1c,
  0x00,0x38,0x1c,0x00,0x00,0x1c,0x00,0x00,0x1c,0x00,0x00,0x1c,0x00,0x00,0x1c,0x0f,0xf8,0x1c,0x0f,0xf8,0x1c,0x0f,0xf8,0x1c,
  0x00,0x38,0x1c,0x00,0x38,0x1c,0x00,0x38,0x1c,0x00,0x38,0x1c,0x00,0x38,0x1c,0x00,0x38,0x1f,0xff,0xf8,0x1f,0xff,0xf8,0x0f,
  0xff,0xf0,0x1c,0x00,0x1c,0x00,0x1c,0x00,0x1c,0x00,0x1c,0x00,0x1c,0x00,0x1c,0x00,0x1c,0x00,0x1c,0x00,0x1c,0x00,0x1c,0x00,
  0x1c,0x00,0x1c,0x00,0x1c,0x00,0x1c,0x00,0x1c,0x00,0x1c,0x00,0x1c,0x00,0x1f,0xff,0xfc,0x00,0x1f,0xff,0xfc,0x00,0x1f,0xff,
  0xfc,0x00,0x1c,0x00,0x1c,0x00,0x1c,0x00,0x1c,0x00,0x1c,0x00,0x1c,0x00,0x1c,0x00,0x1c,0x00,0x1c,0x00,0x1c,0x00,0x1c,0x00,
  0x1c,0x00,0x1c,0x00,0x1c,0x00,0x1c,0x00,0x1c,0x00,0x1c,0x00,0x1c,0x00,0x1c,0x00,0x1c,0x00,0x1c,0x00,0x1c,0x00,0x1c,0x00,
  0x1c,0x00,0x1c,0x00,0x1c,0x00,0x1c,0x00,0x1c,0x00,0x1c,0x00,0x1c,0x00,0x1c,0x00,0x1c,0x00,0x1c,0x00,0x1c,0x00,0x1c,0x00,
  0x1c,0x00,0x1c,0x00,0x1c,0x00,0x1c,0x00,0x1c,0x00,0x1c,0x00,0x1c,0x00,0x00,0x03,0xc0,0x00,0x03,0xc0,0x00,0x03,0xc0,0x00,
  0x03,0xc0,0x00,0x03,0xc0,0x00,0x03,0xc0,0x00,0x03,0xc0,0x00,0x03,0xc0,0x00,0x03,0xc0,0x00,0x03,0xc0,0x00,0x03,0xc0,0x00,
  0x03,0xc0,0x00,0x03,0xc0,0x00,0x03,0xc0,0x00,0x03,0xc0,0x38,0x03,0xc0,0x38,0x03,0xc0,0x38,0x03,0xc0,0x38,0x03,0xc0,0x3f,
  0xff,0xc0,0x1f,0xff,0x80,0x0f,0xff,0x00,0x1c,0x00,0xf8,0x1c,0x01,0xf0,0x1c,0x03,0xc0,0x1c,0x07,0x80,0x1c,0x0f,0x00,0x1c,
  0x1e,0x00,0x1c,0x7c,0x00,0x1c,0xf8,0x00,0x1d,0xf0,0x00,0x1f,0xe0,0x00,0x1f,0xc0,0x00,0x1f,0xc0,0x00,0x1f,0xe0,0x00,0x1c,
  0xf0,0x00,0x1c,0x78,0x00,0x1c,0x3c,0x00,0x1c,0x1f,0x00,0x1c,0x0f,0x80,0x1c,0x07,0xc0,0x1c,0x03,0xe0,0x1c,0x00,0xf0,0x1c,
  0x00,0x78,0x1c,0x00,0x00,0x1c,0x00,0x00,0x1c,0x00,0x00,0x1c,0x00,0x00,0x1c,0x00,0x00,0x1c,0x00,0x00,0x1c,0x00,0x00,0x1c,
  0x00,0x00,0x1c,0x00,0x00,0x1c,0x00,0x00,0x1c,0x00,0x00,0x1c,0x00,0x00,0x1c,0x00,0x00,0x1c,0x00,0x00,0x1c,0x00,0x00,0x1c,
  0x00,0x00,0x1c,0x00,0x00,0x1c,0x00,0x00,0x1c,0x00,0x00,0x1f,0xff,0xc0,0x1f,0xff,0xc0,0x1f,0xff,0xc0,0x1e,0x00,0x01,0xe0,
  0x1e,0x00,0x01,0xe0,0x1f,0x00,0x03,0xe0,0x1f,0x00,0x03,0xe0,0x1f,0x80,0x07,0xe0,0x1f,0x80,0x07,0xe0,0x1f,0xc0,0x0f,0xe0,
  0x1d,0xc0,0x0e,0xe0,0x1d,0xe0,0x1c,0xe0,0x1c,0xe0,0x1c,0xe0,0x1c,0xf0,0x38,0xe0,0x1c,0x70,0x38,0xe0,0x1c,0x38,0x70,0xe0,
  0x1c,0x38,0xf0,0xe0,0x1c,0x1c,0xe0,0xe0,0x1c,0x1d,0xe0,0xe0,0x1c,0x0f,0xc0,0xe0,0x1c,0x0f,0xc0,0xe0,0x1c,0x07,0x80,0xe0,
  0x1c,0x07,0x80,0xe0,0x1c,0x03,0x00,0xe0,0x1c,0x03,0x00,0xe0,0x1c,0x00,0x0e,0x00,0x1e,0x00,0x0e,0x00,0x1f,0x00,0x0e,0x00,
  0x1f,0x80,0x0e,0x00,0x1f,0xc0,0x0e,0x00,0x1f,0xc0,0x0e,0x00,0x1d,0xe0,0x0e,0x00,0x1c,0xf0,0x0e,0x00,0x1c,0x78,0x0e,0x00,
  0x1c,0x3c,0x0e,0x00,0x1c,0x3c,0x0e,0x00,0x1c,0x1e,0x0e,0x00,0x1c,0x0f,0x0e,0x00,0x1c,0x07,0x8e,0x00,0x1c,0x03,0xce,0x00,
  0x1c,0x03,0xce,0x00,0x1c,0x01,0xfe,0x00,0x1c,0x00,0xfe,0x00,0x1c,0x00,0x7e,0x00,0x1c,0x00,0x3e,0x00,0x1c,0x00,0x3e,0x00,
  0x1c,0x00,0x1e,0x00,0x0f,0xff,0xf0,0x00,0x1f,0xff,0xfc,0x00,0x1f,0xff,0xfc,0x00,0x1c,0x00,0x1c,0x00,0x1c,0x00,0x1c,0x00,
  0x1c,0x00,0x1c,0x00,0x1c,0x00,0x1c,0x00,0x1c,0x00,0x1c,0x00,0x1c,0x00,0x1c,0x00,0x1c,0x00,0x1c,0x00,0x1c,0x00,0x1c,0x00,
  0x1c,0x00,0x1c,0x00,0x1c,0x00,0x1c,0x00,0x1c,0x00,0x1c,0x00,0x1c,0x00,0x1c,0x00,0x1c,0x00,0x1c,0x00,0x1c,0x00,0x1c,0x00,
  0x1c,0x00,0x1c,0x00,0x1c,0x00,0x1c,0x00,0x1f,0xff,0xfc,0x00,0x1f,0xff,0xfc,0x00,0x0f,0xff,0xf8,0x00,0x1f,0xff,0xc0,0x1f,
  0xff,0xe0,0x1f,0xff,0xf0,0x1c,0x00,0x70,0x1c,0x00,0x78,0x1c,0x00,0x78,0x1c,0x00,0x78,0x1c,0x00,0x78,0x1c,0x00,0x78,0x1c,
  0x00,0x78,0x1c,0x00,0x70,0x1f,0xff,0xf0,0x1f,0xff,0xe0,0x1f,0xff,0xc0,0x1c,0x00,0x00,0x1c,0x00,0x00,0x1c,0x00,0x00,0x1c,
  0x00,0x00,0x1c,0x00,0x00,0x1c,0x00,0x00,0x1c,0x00,0x00,0x1c,0x00,0x00,0x0f,0xff,0xf0,0x00,0x1f,0xff,0xfc,0x00,0x1f,0xff,
  0xfc,0x00,0x1c,0x00,0x1c,0x00,0x1c,0x00,0x1c,0x00,0x1c,0x00,0x1c,0x00,0x1c,0x00,0x1c,0x00,0x1c,0x00,0x1c,0x00,0x1c,0x00,
  0x1c,0x00,0x1c,0x00,0x1c,0x00,0x1c,0x00,0x1c,0x00,0x1c,0x00,0x1c,0x00,0x1c,0x00,0x1c,0x00,0x1c,0x00,0x1c,0x00,0x1c,0x00,
  0x1c,0x00,0x1c,0x00,0x1c,0x00,0x1c,0x1c,0x1c,0x00,0x1c,0x1c,0x1c,0x00,0x1c,0x1c,0x1c,0x00,0x1f,0xff,0xfc,0x00,0x1f,0xff,
  0xfc,0x00,0x0f,0xff,0xf8,0x00,0x00,0x1c,0x00,0x00,0x00,0x1c,0x00,0x00,0x00,0x1c,0x00,0x00,0x00,0x1c,0x00,0x00,0x1f,0xff,
  0xc0,0x1f,0xff,0xe0,0x1f,0xff,0xf0,0x1c,0x00,0x70,0x1c,0x00,0x78,0x1c,0x00,0x78,0x1c,0x00,0x78,0x1c,0x00,0x78,0x1c,0x00,
  0x70,0x1c,0x00,0x70,0x1f,0xff,0xf0,0x1f,0xff,0xe0,0x1f,0xff,0xc0,0x1c,0x07,0x80,0x1c,0x03,0x80,0x1c,0x03,0xc0,0x1c,0x01,
  0xc0,0x1c,0x01,0xe0,0x1c,0x00,0xe0,0x1c,0x00,0xf0,0x1c,0x00,0x70,0x1c,0x00,0x78,0x0f,0xff,0xe0,0x1f,0xff,0xf0,0x1f,0xff,
  0xf0,0x1c,0x00,0x70,0x1c,0x00,0x70,0x1c,0x00,0x70,0x1c,0x00,0x00,0x1c,0x00,0x00,0x1c,0x00,0x00,0x1f,0xff,0xe0,0x1f,0xff,
  0xf0,0x0f,0xff,0xf0,0x00,0x00,0x70,0x00,0x00,0x70,0x00,0x00,0x70,0x00,0x00,0x70,0x1c,0x00,0x70,0x1c,0x00,0x70,0x1c,0x00,
  0x70,0x1f,0xff,0xf0,0x1f,0xff,0xf0,0x0f,0xff,0xe0,0x7f,0xff,0xe0,0x7f,0xff,0xe0,0x7f,0xff,0xe0,0x00,0xf0,0x00,0x00,0xf0,
  0x00,0x00,0xf0,0x00,0x00,0xf0,0x00,0x00,0xf0,0x00,0x00,0xf0,0x00,0x00,0xf0,0x00,0x00,0xf0,0x00,0x00,0xf0,0x00,0x00,0xf0,
  0x00,0x00,0xf0,0x00,0x00,0xf0,0x00,0x00,0xf0,0x00,0x00,0xf0,0x00,0x00,0xf0,0x00,0x00,0xf0,0x00,0x00,0xf0,0x00,0x00,0xf0,
  0x00,0x00,0xf0,0x00,0x1c,0x00,0x1c,0x00,0x1c,0x00,0x1c,0x00,0x1c,0x00,0x1c,0x00,0x1c,0x00,0x1c,0x00,0x1c,0x00,0x1c,0x00,
  0x1c,0x00,0x1c,0x00,0x1c,0x00,0x1c,0x00,0x1c,0x00,0x1c,0x00,0x1c,0x00,0x1c,0x00,0x1c,0x00,0x1c,0x00,0x1c,0x00,0x1c,0x00,
  0x1c,0x00,0x1c,0x00,0x1c,0x00,0x1c,0x00,0x1c,0x00,0x1c,0x00,0x1c,0x00,0x1c,0x00,0x1c,0x00,0x1c,0x00,0x1c,0x00,0x1c,0x00,
  0x1c,0x00,0x1c,0x00,0x1c,0x00,0x1c,0x00,0x1f,0xff,0xfc,0x00,0x1f,0xff,0xfc,0x00,0x0f,0xff,0xf8,0x00,0x78,0x00,0x3c,0x38,
  0x00,0x38,0x38,0x00,0x78,0x3c,0x00,0x70,0x1c,0x00,0x70,0x1e,0x00,0xf0,0x0e,0x00,0xe0,0x0e,0x01,0xe0,0x0f,0x01,0xc0,0x07,
  0x01,0xc0,0x07,0x03,0xc0,0x07,0x83,0x80,0x03,0x83,0x80,0x03,0xc7,0x00,0x01,0xc7,0x00,0x01,0xcf,0x00,0x01,0xee,0x00,0x00,
  0xfe,0x00,0x00,0xfc,0x00,0x00,0x7c,0x00,0x00,0x7c,0x00,0x00,0x78,0x00,0x70,0x03,0x80,0x1c,0x78,0x03,0xc0,0x1c,0x38,0x07,
  0xc0,0x3c,0x38,0x07,0xc0,0x38,0x38,0x07,0xe0,0x38,0x1c,0x07,0xe0,0x38,0x1c,0x0e,0xe0,0x78,0x1c,0x0e,0xe0,0x70,0x1e,0x0e,
  0x70,0x70,0x0e,0x1e,0x70,0x70,0x0e,0x1c,0x70,0xe0,0x0e,0x1c,0x78,0xe0,0x07,0x1c,0x38,0xe0,0x07,0x38,0x39,0xc0,0x07,0x38,
  0x39,0xc0,0x07,0xb8,0x1d,0xc0,0x03,0xf0,0x1d,0xc0,0x03,0xf0,0x1f,0x80,0x03,0xf0,0x1f,0x80,0x01,0xf0,0x0f,0x80,0x01,0xe0,
  0x0f,0x00,0x01,0xe0,0x0f,0x00,0x78,0x00,0x70,0x3c,0x00,0xf0,0x1e,0x01,0xe0,0x0f,0x03,0xc0,0x0f,0x03,0xc0,0x07,0x87,0x80,
  0x03,0xcf,0x00,0x01,0xce,0x00,0x01,0xfe,0x00,0x00,0xfc,0x00,0x00,0x78,0x00,0x00,0x78,0x00,0x00,0xfc,0x00,0x01,0xfe,0x00,
  0x03,0xcf,0x00,0x03,0xcf,0x00,0x07,0x87,0x80,0x0f,0x03,0xc0,0x0e,0x01,0xc0,0x1e,0x01,0xe0,0x3c,0x00,0xf0,0x78,0x00,0x78,
  0x78,0x00,0x78,0x38,0x00,0xf0,0x3c,0x00,0xe0,0x1e,0x01,0xe0,0x0e,0x01,0xc0,0x0f,0x03,0xc0,0x07,0x07,0x80,0x03,0x87,0x00,
  0x03,0xcf,0x00,0x01,0xde,0x00,0x01,0xfc,0x00,0x00,0xfc,0x00,0x00,0x78,0x00,0x00,0x78,0x00,0x00,0x70,0x00,0x00,0x70,0x00,
  0x00,0x70,0x00,0x00,0x70,0x00,0x00,0x70,0x00,0x00,0x70,0x00,0x00,0x70,0x00,0x00,0x70,0x00,0x3f,0xff,0xf0,0x3f,0xff,0xf0,
  0x3f,0xff,0xe0,0x00,0x03,0xc0,0x00,0x03,0x80,0x00,0x07,0x80,0x00,0x0f,0x00,0x00,0x1e,0x00,0x00,0x1e,0x00,0x00,0x3c,0x00,
  0x00,0x78,0x00,0x00,0x78,0x00,0x00,0xf0,0x00,0x01,0xe0,0x00,0x01,0xc0,0x00,0x03,0xc0,0x00,0x07,0x80,0x00,0x0f,0x00,0x00,
  0x0f,0x00,0x00,0x1f,0xff,0xf0,0x3f,0xff,0xf0,0x3f,0xff,0xf0,0x1f,0xe0,0x1f,0xe0,0x1f,0xe0,0x1c,0x00,0x1c,0x00,0x1c,0x00,
  0x1c,0x00,0x1c,0x00,0x1c,0x00,0x1c,0x00,0x1c,0x00,0x1c,0x00,0x1c,0x00,0x1c,0x00,0x1c,0x00,0x1c,0x00,0x1c,0x00,0x1c,0x00,
  0x1c,0x00,0x1c,0x00,0x1c,0x00,0x1c,0x00,0x1c,0x00,0x1c,0x00,0x1c,0x00,0x1c,0x00,0x1c,0x00,0x1c,0x00,0x1f,0xe0,0x1f,0xe0,
  0x1f,0xe0,0x78,0x00,0x38,0x00,0x38,0x00,0x3c,0x00,0x1c,0x00,0x1c,0x00,0x1e,0x00,0x0e,0x00,0x0e,0x00,0x0e,0x00,0x07,0x00,
  0x07,0x00,0x07,0x00,0x03,0x80,0x03,0x80,0x03,0x80,0x01,0xc0,0x01,0xc0,0x01,0xc0,0x00,0xe0,0x00,0xe0,0x00,0xe0,0x00,0x70,
  0x00,0x70,0x00,0x70,0x00,0x38,0x3f,0xc0,0x3f,0xc0,0x3f,0xc0,0x01,0xc0,0x01,0xc0,0x01,0xc0,0x01,0xc0,0x01,0xc0,0x01,0xc0,
  0x01,0xc0,0x01,0xc0,0x01,0xc0,0x01,0xc0,0x01,0xc0,0x01,0xc0,0x01,0xc0,0x01,0xc0,0x01,0xc0,0x01,0xc0,0x01,0xc0,0x01,0xc0,
  0x01,0xc0,0x01,0xc0,0x01,0xc0,0x01,0xc0,0x01,0xc0,0x01,0xc0,0x01,0xc0,0x3f,0xc0,0x3f,0xc0,0x3f,0xc0,0x01,0xe0,0x00,0x03,
  0xf0,0x00,0x03,0xf0,0x00,0x07,0x38,0x00,0x0e,0x3c,0x00,0x0e,0x1c,0x00,0x1c,0x0e,0x00,0x38,0x0f,0x00,0x38,0x07,0x00,0x00,
  0x00,0x00,0x00,0x00,0x00,0x00,0x00,0x00,0x00,0x00,0x00,0x00,0x00,0x00,0x00,0x00,0x00,0x00,0x00,0x00,0x00,0x00,0x00,0x00,
  0x00,0x00,0x00,0x00,0x00,0x00,0x00,0x00,0x00,0x00,0x00,0x00,0x00,0x00,0x00,0x00,0x00,0x00,0x00,0x00,0x00,0x00,0x00,0x00,
  0x00,0x00,0x00,0x00,0x00,0x00,0x00,0x00,0x00,0x00,0x00,0x7f,0xff,0xf8,0x7f,0xff,0xf8,0x1e,0x00,0x07,0x00,0x03,0xc0,0x00,
  0x00,0x00,0x00,0x00,0x00,0x00,0x00,0x00,0x00,0x00,0x00,0x00,0x00,0x00,0x00,0x00,0x00,0x00,0x00,0x00,0x00,0x00,0x00,0x00,
  0x00,0x00,0x00,0x00,0x00,0x00,0x00,0x00,0x00,0x00,0x00,0x00,0x00,0x00,0x00,0x0f,0xfe,0x00,0x0f,0xff,0x00,0x0f,0xff,0x80,
  0x00,0x03,0x80,0x00,0x03,0x80,0x00,0x03,0x80,0x00,0x03,0x80,0x0f,0xff,0x80,0x1f,0xff,0x80,0x1f,0xff,0x80,0x1c,0x03,0x80,
  0x1c,0x03,0x80,0x1c,0x03,0x80,0x1c,0x03,0x80,0x1f,0xff,0x80,0x1f,0xff,0x80,0x0f,0xf3,0x80,0x1c,0x00,0x00,0x1c,0x00,0x00,
  0x1c,0x00,0x00,0x1c,0x00,0x00,0x1c,0x00,0x00,0x1c,0x00,0x00,0x1d,0xff,0x00,0x1f,0xff,0x80,0x1f,0xff,0x80,0x1c,0x03,0x80,
  0x1c,0x03,0x80,0x1c,0x03,0x80,0x1c,0x03,0x80,0x1c,0x03,0x80,0x1c,0x03,0x80,0x1c,0x03,0x80,0x1c,0x03,0x80,0x1c,0x03,0x80,
  0x1c,0x03,0x80,0x1c,0x03,0x80,0x1f,0xff,0x80,0x1f,0xff,0x80,0x0f,0xff,0x00,0x0f,0xfe,0x00,0x1f,0xff,0x00,0x1f,0xff,0x80,
  0x1c,0x03,0x80,0x1c,0x03,0x80,0x1c,0x03,0x80,0x1c,0x00,0x00,0x1c,0x00,0x00,0x1c,0x00,0x00,0x1c,0x00,0x00,0x1c,0x00,0x00,
  0x1c,0x03,0x80,0x1c,0x03,0x80,0x1c,0x03,0x80,0x1f,0xff,0x80,0x1f,0xff,0x00,0x0f,0xfe,0x00,0x00,0x03,0x80,0x00,0x03,0x80,
  0x00,0x03,0x80,0x00,0x03,0x80,0x00,0x03,0x80,0x00,0x03,0x80,0x0f,0xff,0x80,0x1f,0xff,0x80,0x1f,0xff,0x80,0x1c,0x03,0x80,
  0x1c,0x03,0x80,0x1c,0x03,0x80,0x1c,0x03,0x80,0x1c,0x03,0x80,0x1c,0x03,0x80,0x1c,0x03,0x80,0x1c,0x03,0x80,0x1c,0x03,0x80,
  0x1c,0x03,0x80,0x1c,0x03,0x80,0x1f,0xff,0x80,0x1f,0xff,0x80,0x0f,0xfb,0x80,0x0f,0xfe,0x00,0x1f,0xff,0x00,0x1f,0xff,0x80,
  0x1c,0x03,0x80,0x1c,0x03,0x80,0x1c,0x03,0x80,0x1c,0x03,0x80,0x1f,0xff,0x80,0x1f,0xff,0x80,0x1f,0xff,0x80,0x1c,0x00,0x00,
  0x1c,0x00,0x00,0x1c,0x00,0x00,0x1c,0x00,0x00,0x1f,0xff,0x80,0x1f,0xff,0x80,0x0f,0xff,0x80,0x01,0xfc,0x03,0xfc,0x03,0xfc,
  0x03,0x80,0x03,0x80,0x03,0x80,0x3f,0xfc,0x3f,0xfc,0x3f,0xfc,0x03,0x80,0x03,0x80,0x03,0x80,0x03,0x80,0x03,0x80,0x03,0x80,
  0x03,0x80,0x03,0x80,0x03,0x80,0x03,0x80,0x03,0x80,0x03,0x80,0x03,0x80,0x03,0x80,0x0f,0xfb,0x80,0x1f,0xff,0x80,0x1f,0xff,
  0x80,0x1c,0x03,0x80,0x1c,0x03,0x80,0x1c,0x03,0x80,0x1c,0x03,0x80,0x1c,0x03,0x80,0x1c,0x03,0x80,0x1c,0x03,0x80,0x1c,0x03,
  0x80,0x1c,0x03,0x80,0x1c,0x03,0x80,0x1f,0xff,0x80,0x1f,0xff,0x80,0x0f,0xff,0x80,0x00,0x03,0x80,0x00,0x03,0x80,0x00,0x03,
  0x80,0x00,0x03,0x80,0x00,0x03,0x80,0x0f,0xff,0x80,0x0f,0xff,0x80,0x0f,0xff,0x00,0x1c,0x00,0x00,0x1c,0x00,0x00,0x1c,0x00,
  0x00,0x1c,0x00,0x00,0x1c,0x00,0x00,0x1c,0x00,0x00,0x1d,0xff,0x00,0x1f,0xff,0x80,0x1f,0xff,0x80,0x1c,0x03,0x80,0x1c,0x03,
  0x80,0x1c,0x03,0x80,0x1c,0x03,0x80,0x1c,0x03,0x80,0x1c,0x03,0x80,0x1c,0x03,0x80,0x1c,0x03,0x80,0x1c,0x03,0x80,0x1c,0x03,
  0x80,0x1c,0x03,0x80,0x1c,0x03,0x80,0x1c,0x03,0x80,0x1c,0x03,0x80,0x1c,0x00,0x1c,0x00,0x1c,0x00,0x00,0x00,0x00,0x00,0x00,
  0x00,0x1c,0x00,0x1c,0x00,0x1c,0x00,0x1c,0x00,0x1c,0x00,0x1c,0x00,0x1c,0x00,0x1c,0x00,0x1c,0x00,0x1c,0x00,0x1c,0x00,0x1c,
  0x00,0x1c,0x00,0x1c,0x00,0x1c,0x00,0x1c,0x00,0x1c,0x00,0x1c,0x00,0x1c,0x00,0x1c,0x00,0x00,0x00,0x00,0x00,0x00,0x00,0x00,
  0x00,0x1c,0x00,0x1c,0x00,0x1c,0x00,0x1c,0x00,0x1c,0x00,0x1c,0x00,0x1c,0x00,0x1c,0x00,0x1c,0x00,0x1c,0x00,0x1c,0x00,0x1c,
  0x00,0x1c,0x00,0x1c,0x00,0x1c,0x00,0x1c,0x00,0x1c,0x00,0x1c,0x00,0x1c,0x00,0x1c,0x00,0xfc,0x00,0xf8,0x00,0xf0,0x00,0x1c,
  0x00,0x00,0x1c,0x00,0x00,0x1c,0x00,0x00,0x1c,0x00,0x00,0x1c,0x00,0x00,0x1c,0x00,0x00,0x1c,0x07,0x80,0x1c,0x0f,0x00,0x1c,
  0x1e,0x00,0x1c,0x7c,0x00,0x1c,0xf8,0x00,0x1d,0xf0,0x00,0x1f,0xc0,0x00,0x1f,0x80,0x00,0x1f,0x80,0x00,0x1f,0xc0,0x00,0x1f,
  0xe0,0x00,0x1d,0xf0,0x00,0x1c,0x78,0x00,0x1c,0x3c,0x00,0x1c,0x1e,0x00,0x1c,0x0f,0x00,0x1c,0x07,0x80,0x1c,0x1c,0x1c,0x1c,
  0x1c,0x1c,0x1c,0x1c,0x1c,0x1c,0x1c,0x1c,0x1c,0x1c,0x1c,0x1c,0x1c,0x1c,0x1c,0x1c,0x1c,0x1c,0x1c,0x1d,0xfc,0x7f,0x00,0x1f,
  0xfe,0xff,0x80,0x1f,0xff,0xff,0xc0,0x1c,0x07,0x01,0xc0,0x1c,0x07,0x01,0xc0,0x1c,0x07,0x01,0xc0,0x1c,0x07,0x01,0xc0,0x1c,
  0x07,0x01,0xc0,0x1c,0x07,0x01,0xc0,0x1c,0x07,0x01,0xc0,0x1c,0x07,0x01,0xc0,0x1c,0x07,0x01,0xc0,0x1c,0x07,0x01,0xc0,0x1c,
  0x07,0x01,0xc0,0x1c,0x07,0x01,0xc0,0x1c,0x07,0x01,0xc0,0x1c,0x07,0x01,0xc0,0x1d,0xff,0x00,0x1f,0xff,0x80,0x1f,0xff,0x80,
  0x1c,0x03,0x80,0x1c,0x03,0x80,0x1c,0x03,0x80,0x1c,0x03,0x80,0x1c,0x03,0x80,0x1c,0x03,0x80,0x1c,0x03,0x80,0x1c,0x03,0x80,
  0x1c,0x03,0x80,0x1c,0x03,0x80,0x1c,0x03,0x80,0x1c,0x03,0x80,0x1c,0x03,0x80,0x1c,0x03,0x80,0x0f,0xfe,0x00,0x1f,0xff,0x00,
  0x1f,0xff,0x80,0x1c,0x03,0x80,0x1c,0x03,0x80,0x1c,0x03,0x80,0x1c,0x03,0x80,0x1c,0x03,0x80,0x1c,0x03,0x80,0x1c,0x03,0x80,
  0x1c,0x03,0x80,0x1c,0x03,0x80,0x1c,0x03,0x80,0x1c,0x03,0x80,0x1f,0xff,0x80,0x1f,0xff,0x00,0x0f,0xfe,0x00,0x1d,0xff,0x00,
  0x1f,0xff,0x80,0x1f,0xff,0x80,0x1c,0x03,0x80,0x1c,0x03,0x80,0x1c,0x03,0x80,0x1c,0x03,0x80,0x1c,0x03,0x80,0x1c,0x03,0x80,
  0x1c,0x03,0x80,0x1c,0x03,0x80,0x1c,0x03,0x80,0x1c,0x03,0x80,0x1c,0x03,0x80,0x1f,0xff,0x80,0x1f,0xff,0x80,0x1f,0xff,0x00,
  0x1c,0x00,0x00,0x1c,0x00,0x00,0x1c,0x00,0x00,0x1c,0x00,0x00,0x1c,0x00,0x00,0x1c,0x00,0x00,0x1c,0x00,0x00,0x0f,0xff,0x00,
  0x1f,0xff,0x80,0x1f,0xff,0x80,0x1c,0x03,0x80,0x1c,0x03,0x80,0x1c,0x03,0x80,0x1c,0x03,0x80,0x1c,0x03,0x80,0x1c,0x03,0x80,
  0x1c,0x03,0x80,0x1c,0x03,0x80,0x1c,0x03,0x80,0x1c,0x03,0x80,0x1c,0x03,0x80,0x1f,0xff,0x80,0x1f,0xff,0x80,0x0f,0xfb,0x80,
  0x00,0x03,0x80,0x00,0x03,0x80,0x00,0x03,0x80,0x00,0x03,0x80,0x00,0x03,0x80,0x00,0x03,0x80,0x00,0x03,0x80,0x1d,0xfc,0x1f,
  0xfe,0x1f,0xfe,0x1c,0x0e,0x1c,0x0e,0x1c,0x0e,0x1c,0x00,0x1c,0x00,0x1c,0x00,0x1c,0x00,0x1c,0x00,0x1c,0x00,0x1c,0x00,0x1c,
  0x00,0x1c,0x00,0x1c,0x00,0x1c,0x00,0x0f,0xfe,0x00,0x1f,0xfe,0x00,0x3f,0xfe,0x00,0x38,0x00,0x00,0x38,0x00,0x00,0x38,0x00,
  0x00,0x38,0x00,0x00,0x3f,0xfc,0x00,0x1f,0xfe,0x00,0x0f,0xff,0x00,0x00,0x07,0x00,0x00,0x07,0x00,0x00,0x07,0x00,0x00,0x07,
  0x00,0x3f,0xff,0x00,0x3f,0xfe,0x00,0x3f,0xfc,0x00,0x03,0x80,0x00,0x03,0x80,0x00,0x03,0x80,0x00,0x03,0x80,0x00,0x03,0x80,
  0x00,0x3f,0xfc,0x00,0x3f,0xfc,0x00,0x3f,0xfc,0x00,0x03,0x80,0x00,0x03,0x80,0x00,0x03,0x80,0x00,0x03,0x80,0x00,0x03,0x80,
  0x00,0x03,0x80,0x00,0x03,0x80,0x00,0x03,0x80,0x00,0x03,0x80,0x00,0x03,0x80,0x00,0x03,0x80,0x00,0x03,0xfc,0x00,0x03,0xfc,
  0x00,0x01,0xfc,0x00,0x1c,0x03,0x80,0x1c,0x03,0x80,0x1c,0x03,0x80,0x1c,0x03,0x80,0x1c,0x03,0x80,0x1c,0x03,0x80,0x1c,0x03,
  0x80,0x1c,0x03,0x80,0x1c,0x03,0x80,0x1c,0x03,0x80,0x1c,0x03,0x80,0x1c,0x03,0x80,0x1c,0x03,0x80,0x1c,0x03,0x80,0x1f,0xff,
  0x80,0x1f,0xff,0x80,0x0f,0xfb,0x80,0x70,0x03,0x80,0x70,0x07,0x80,0x38,0x07,0x00,0x38,0x07,0x00,0x3c,0x0e,0x00,0x1c,0x0e,
  0x00,0x1c,0x1e,0x00,0x0e,0x1c,0x00,0x0e,0x1c,0x00,0x0e,0x38,0x00,0x07,0x38,0x00,0x07,0x38,0x00,0x03,0xf0,0x00,0x03,0xf0,
  0x00,0x03,0xe0,0x00,0x01,0xe0,0x00,0x01,0xe0,0x00,0x70,0x1e,0x03,0x80,0x70,0x1e,0x03,0x80,0x78,0x1e,0x07,0x00,0x38,0x3f,
  0x07,0x00,0x38,0x3f,0x07,0x00,0x38,0x3f,0x0e,0x00,0x1c,0x73,0x0e,0x00,0x1c,0x73,0x8e,0x00,0x1c,0x73,0x9e,0x00,0x0e,0x63,
  0x9c,0x00,0x0e,0xe1,0xdc,0x00,0x0e,0xe1,0xdc,0x00,0x07,0xe1,0xf8,0x00,0x07,0xc0,0xf8,0x00,0x07,0xc0,0xf8,0x00,0x03,0xc0,
  0xf0,0x00,0x03,0x80,0xf0,0x00,0x38,0x07,0x80,0x3c,0x0f,0x00,0x1e,0x0e,0x00,0x0f,0x1e,0x00,0x07,0x3c,0x00,0x07,0xf8,0x00,
  0x03,0xf0,0x00,0x01,0xf0,0x00,0x01,0xe0,0x00,0x03,0xf0,0x00,0x03,0xf8,0x00,0x07,0xb8,0x00,0x0f,0x3c,0x00,0x0e,0x1e,0x00,
  0x1c,0x0f,0x00,0x3c,0x07,0x00,0x78,0x07,0x80,0x70,0x07,0x80,0x70,0x07,0x00,0x38,0x07,0x00,0x38,0x0e,0x00,0x1c,0x0e,0x00,
  0x1c,0x1e,0x00,0x1e,0x1c,0x00,0x0e,0x3c,0x00,0x0e,0x38,0x00,0x07,0x38,0x00,0x07,0x70,0x00,0x07,0xf0,0x00,0x03,0xf0,0x00,
  0x03,0xe0,0x00,0x01,0xe0,0x00,0x01,0xc0,0x00,0x01,0xc0,0x00,0x03,0x80,0x00,0x03,0x80,0x00,0x03,0x80,0x00,0x07,0x00,0x00,
  0x07,0x00,0x00,0x0e,0x00,0x00,0x0e,0x00,0x00,0x3f,0xff,0x00,0x3f,0xff,0x00,0x3f,0xfe,0x00,0x00,0x3c,0x00,0x00,0x3c,0x00,
  0x00,0x78,0x00,0x00,0xf0,0x00,0x00,0xf0,0x00,0x01,0xe0,0x00,0x03,0xc0,0x00,0x03,0x80,0x00,0x07,0x80,0x00,0x0f,0x00,0x00,
  0x0e,0x00,0x00,0x1f,0xff,0x00,0x3f,0xff,0x00,0x3f,0xff,0x00,0x01,0xc0,0x03,0xe0,0x07,0xe0,0x0f,0x00,0x0e,0x00,0x0e,0x00,
  0x1e,0x00,0x0e,0x00,0x0e,0x00,0x0e,0x00,0x0e,0x00,0x0e,0x00,0x0e,0x00,0x1c,0x00,0x7c,0x00,0x78,0x00,0x7c,0x00,0x1c,0x00,
  0x0e,0x00,0x0e,0x00,0x0e,0x00,0x0e,0x00,0x0e,0x00,0x0e,0x00,0x1e,0x00,0x0e,0x00,0x0e,0x00,0x0f,0x00,0x07,0xe0,0x07,0xe0,
  0x01,0xe0,0x1c,0x00,0x1c,0x00,0x1c,0x00,0x1c,0x00,0x1c,0x00,0x1c,0x00,0x1c,0x00,0x1c,0x00,0x1c,0x00,0x1c,0x00,0x1c,0x00,
  0x1c,0x00,0x1c,0x00,0x1c,0x00,0x1c,0x00,0x1c,0x00,0x1c,0x00,0x1c,0x00,0x1c,0x00,0x1c,0x00,0x1c,0x00,0x1c,0x00,0x1c,0x00,
  0x1c,0x00,0x1c,0x00,0x1c,0x00,0x1c,0x00,0x1c,0x00,0x1c,0x00,0x1c,0x00,0x1c,0x00,0x38,0x00,0x3e,0x00,0x3f,0x00,0x0f,0x00,
  0x07,0x80,0x03,0x80,0x03,0x80,0x03,0x80,0x03,0x80,0x03,0x80,0x07,0x80,0x07,0x80,0x03,0x80,0x03,0xc0,0x01,0xf0,0x01,0xf0,
  0x01,0xf0,0x03,0xc0,0x03,0x80,0x07,0x80,0x07,0x80,0x03,0x80,0x03,0x80,0x03,0x80,0x03,0x80,0x03,0x80,0x07,0x80,0x0f,0x00,
  0x3f,0x00,0x3e,0x00,0x38,0x00,0x0f,0xc3,0x80,0x1f,0xff,0x80,0x3f,0xff,0x00,0x38,0x7c,0x00,0x00,0x00,0x00,0x00,0x00,0x00,
  0x00,0x00,0x00,0x00,0x00,0x00,0x00,0x00,0x00,0x00,0x00,0x00,0x00,0x00,0x00,0x00,0x00,0x00,0x07,0x80,0x1f,0xe0,0x1c,0xe0,
  0x38,0x70,0x38,0x30,0x38,0x30,0x38,0x70,0x1c,0xe0,0x1f,0xe0,0x07,0x80,0x00,0x00,0x00,0x00,0x00,0x00,0x00,0x00,0x00,0x00,
  0x00,0x00,0x00,0x00,0x00,0x00,0x00,0x00,0x00,0x00,0x00,0x00,0x00,0x00,0x00,0x00,
};
const Glyph font32Glyphs[] = {{32,0,24,10,1,10,0},{33,0,2,9,22,9,2},{34,0,2,16,22,16,46},{35,0,2,25,22,25,90},{36,0,-2,22,29,22,178},{37,0,1,31,23,31,265},{38,0,2,24,22,24,357},{39,0,2,9,22,9,423},{40,0,0,12,31,12,467},{41,0,0,12,31,12,529},{42,0,2,18,22,18,591},{43,0,6,23,18,23,657},{44,0,19,10,10,10,711},{45,0,13,13,11,13,731},{46,0,19,10,5,10,753},{47,0,0,14,26,14,763},{48,0,2,23,22,23,815},{49,0,2,11,22,11,881},{50,0,2,22,22,22,925},{51,0,2,21,22,21,991},{52,0,2,19,22,19,1057},{53,0,2,20,22,20,1123},{54,0,2,22,22,22,1189},{55,0,2,19,22,19,1255},{56,0,2,22,22,22,1321},{57,0,2,22,22,22,1387},{58,0,7,10,17,10,1453},{59,0,7,10,22,10,1487},{60,0,6,21,18,21,1531},{61,0,10,23,14,23,1585},{62,0,6,21,18,21,1627},{63,0,2,18,22,18,1681},{64,0,2,34,29,34,1747},{65,0,2,22,22,22,1892},{66,0,2,23,22,22,1958},{67,0,2,24,22,24,2024},{68,0,2,24,22,24,2090},{69,0,2,21,22,21,2156},{70,0,2,21,22,21,2222},{71,0,2,24,22,24,2288},{72,0,2,25,22,25,2354},{73,0,2,9,22,9,2442},{74,0,2,21,22,21,2486},{75,0,2,22,22,22,2552},{76,0,2,19,22,19,2618},{77,0,2,30,22,30,2684},{78,0,2,26,22,26,2772},{79,0,2,25,22,25,2860},{80,0,2,22,22,22,2948},{81,0,2,25,26,25,3014},{82,0,2,23,22,23,3118},{83,0,2,23,22,23,3184},{84,0,2,20,22,20,3250},{85,0,2,25,22,25,3316},{86,0,2,23,22,23,3404},{87,0,2,31,22,31,3470},{88,0,2,22,22,22,3558},{89,0,2,22,22,22,3624},{90,0,2,22,22,22,3690},{91,0,0,13,31,13,3756},{92,0,0,14,26,14,3818},{93,0,0,13,31,13,3870},{94,0,2,18,22,18,3932},{95,-1,24,21,9,20,3998},{96,0,1,12,23,12,4025},{97,0,7,19,17,19,4071},{98,0,1,20,23,20,4122},{99,0,7,19,17,19,4191},{100,0,1,20,23,20,4242},{101,0,7,19,17,19,4311},{102,0,1,16,23,16,4362},{103,0,7,20,24,20,4408},{104,0,1,20,23,20,4480},{105,0,1,9,23,9,4549},{106,0,1,9,30,9,4595},{107,0,1,18,23,18,4655},{108,0,1,8,23,8,4724},{109,0,7,28,17,28,4747},{110,0,7,20,17,20,4815},{111,0,7,20,17,20,4866},{112,0,7,20,24,20,4917},{113,0,7,20,24,20,4989},{114,0,7,16,17,16,5061},{115,0,7,18,17,18,5095},{116,0,2,17,22,17,5146},{117,0,7,20,17,20,5212},{118,0,7,18,17,18,5263},{119,0,7,26,17,26,5314},{120,0,7,18,17,18,5382},{121,0,7,17,24,17,5433},{122,0,7,18,17,18,5505},{123,0,0,12,31,12,5556},{124,0,0,9,31,9,5618},{125,0,0,12,31,12,5680},{126,0,12,19,12,19,5742},{176,0,1,14,23,14,5778}};
const BitmapFont font32={font32Bits,font32Glyphs,96};
const uint8_t font35Bits[] = {
  0x00,0x00,0x1e,0x00,0x1e,0x00,0x1e,0x00,0x1e,0x00,0x1e,0x00,0x1e,0x00,0x1e,0x00,0x1e,0x00,0x1e,0x00,0x1e,0x00,0x0c,0x00,
  0x0c,0x00,0x0c,0x00,0x0c,0x00,0x0c,0x00,0x00,0x00,0x00,0x00,0x00,0x00,0x00,0x00,0x00,0x00,0x3f,0x00,0x3f,0x00,0x3f,0x00,
  0x3f,0x00,0x3f,0x00,0x1e,0x3c,0x00,0x1e,0x3c,0x00,0x1e,0x3c,0x00,0x1e,0x3c,0x00,0x1e,0x3c,0x00,0x1e,0x3c,0x00,0x1e,0x3c,
  0x00,0x1e,0x3c,0x00,0x1e,0x3c,0x00,0x0e,0x1c,0x00,0x0c,0x18,0x00,0x0c,0x18,0x00,0x00,0x00,0x00,0x00,0x00,0x00,0x00,0x00,
  0x00,0x00,0x00,0x00,0x00,0x00,0x00,0x00,0x00,0x00,0x00,0x00,0x00,0x00,0x00,0x00,0x00,0x00,0x00,0x00,0x00,0x00,0x00,0x00,
  0x00,0x00,0x00,0x00,0x00,0x00,0x00,0x00,0x70,0x38,0x00,0x00,0x70,0x38,0x00,0x00,0x70,0x38,0x00,0x00,0x70,0x38,0x00,0x00,
  0x70,0x38,0x00,0x00,0xe0,0x38,0x00,0x1f,0xff,0xff,0x00,0x1f,0xff,0xff,0x00,0x1f,0xff,0xff,0x00,0x00,0xe0,0x70,0x00,0x00,
  0xe0,0x70,0x00,0x01,0xe0,0x70,0x00,0x01,0xc0,0x70,0x00,0x01,0xc0,0xe0,0x00,0x01,0xc0,0xe0,0x00,0x01,0xc0,0xe0,0x00,0x1f,
  0xff,0xff,0x00,0x1f,0xff,0xff,0x00,0x1f,0xff,0xff,0x00,0x03,0x81,0xe0,0x00,0x03,0x81,0xc0,0x00,0x03,0x81,0xc0,0x00,0x03,
  0x81,0xc0,0x00,0x03,0x81,0xc0,0x00,0x03,0x81,0xc0,0x00,0x00,0x1c,0x00,0x00,0x1c,0x00,0x00,0x1c,0x00,0x07,0xff,0xf0,0x0f,
  0xff,0xf8,0x1f,0xff,0xf8,0x1f,0xff,0xfc,0x1c,0x1c,0x3c,0x1c,0x1c,0x3c,0x1c,0x1c,0x3c,0x1c,0x1c,0x00,0x1c,0x1c,0x00,0x1c,
  0x1c,0x00,0x1c,0x1c,0x00,0x1f,0xff,0xf0,0x1f,0xff,0xf8,0x0f,0xff,0xfc,0x07,0xff,0xfc,0x00,0x1c,0x3c,0x00,0x1c,0x3c,0x00,
  0x1c,0x3c,0x3c,0x1c,0x3c,0x3c,0x1c,0x3c,0x3c,0x1c,0x3c,0x3f,0xff,0xfc,0x1f,0xff,0xfc,0x1f,0xff,0xf8,0x0f,0xff,0xf0,0x00,
  0x1c,0x00,0x00,0x1c,0x00,0x00,0x1c,0x00,0x00,0x1c,0x00,0x0f,0xf0,0x00,0xe0,0x00,0x1f,0xf8,0x01,0xc0,0x00,0x1f,0xf8,0x03,
  0x80,0x00,0x38,0x38,0x07,0x80,0x00,0x38,0x38,0x07,0x00,0x00,0x38,0x38,0x0e,0x00,0x00,0x38,0x38,0x1c,0x00,0x00,0x38,0x38,
  0x3c,0x00,0x00,0x38,0x38,0x38,0x00,0x00,0x1f,0xf8,0x70,0x00,0x00,0x1f,0xf8,0xe0,0x00,0x00,0x0f,0xf0,0xe3,0xf8,0x00,0x00,
  0x01,0xc7,0xfc,0x00,0x00,0x03,0x8f,0xfe,0x00,0x00,0x07,0x8e,0x0e,0x00,0x00,0x07,0x0e,0x0e,0x00,0x00,0x0e,0x0e,0x0e,0x00,
  0x00,0x1c,0x0e,0x0e,0x00,0x00,0x3c,0x0e,0x0e,0x00,0x00,0x38,0x0e,0x0e,0x00,0x00,0x70,0x0e,0x0e,0x00,0x00,0xe0,0x0f,0xfe,
  0x00,0x00,0xe0,0x07,0xfc,0x00,0x01,0xc0,0x03,0xf8,0x00,0x03,0xff,0x80,0x00,0x0f,0xff,0xe0,0x00,0x0f,0xff,0xe0,0x00,0x1e,
  0x00,0xf0,0x00,0x1c,0x00,0xf0,0x00,0x1c,0x00,0xf0,0x00,0x1c,0x00,0xf0,0x00,0x1c,0x00,0x00,0x00,0x1c,0x00,0x00,0x00,0x0e,
  0x00,0x00,0x00,0x07,0xff,0xff,0x80,0x07,0xff,0xff,0x80,0x0f,0xff,0xff,0x80,0x1e,0x00,0x70,0x00,0x1c,0x00,0x70,0x00,0x1c,
  0x00,0x70,0x00,0x3c,0x00,0x70,0x00,0x3c,0x00,0x70,0x00,0x3c,0x00,0x70,0x00,0x1c,0x00,0x70,0x00,0x1e,0x00,0xf8,0x00,0x1f,
  0xff,0xff,0x80,0x0f,0xff,0xdf,0x80,0x03,0xff,0x8f,0x80,0x1e,0x00,0x1e,0x00,0x1e,0x00,0x1e,0x00,0x1e,0x00,0x1e,0x00,0x1e,
  0x00,0x1e,0x00,0x1e,0x00,0x0e,0x00,0x0c,0x00,0x0c,0x00,0x00,0x00,0x00,0x00,0x00,0x00,0x00,0x00,0x00,0x00,0x00,0x00,0x00,
  0x00,0x00,0x00,0x00,0x00,0x00,0x00,0x00,0x00,0x00,0x00,0x00,0x00,0x00,0xf0,0x03,0xf0,0x07,0xf0,0x0f,0x80,0x1e,0x00,0x1e,
  0x00,0x1c,0x00,0x1c,0x00,0x3c,0x00,0x3c,0x00,0x3c,0x00,0x3c,0x00,0x3c,0x00,0x3c,0x00,0x3c,0x00,0x3c,0x00,0x3c,0x00,0x3c,
  0x00,0x3c,0x00,0x3c,0x00,0x3c,0x00,0x3c,0x00,0x3c,0x00,0x3c,0x00,0x3c,0x00,0x1c,0x00,0x1c,0x00,0x1c,0x00,0x1e,0x00,0x0f,
  0x80,0x07,0xf0,0x03,0xf0,0x00,0xf0,0x3c,0x00,0x3f,0x00,0x3f,0x80,0x07,0xc0,0x03,0xc0,0x01,0xe0,0x01,0xe0,0x00,0xe0,0x00,
  0xe0,0x00,0xe0,0x00,0xe0,0x00,0xe0,0x00,0xe0,0x00,0xe0,0x00,0xe0,0x00,0xe0,0x00,0xe0,0x00,0xe0,0x00,0xe0,0x00,0xe0,0x00,
  0xe0,0x00,0xe0,0x00,0xe0,0x00,0xe0,0x00,0xe0,0x00,0xe0,0x01,0xe0,0x01,0xe0,0x03,0xc0,0x07,0xc0,0x3f,0x80,0x3f,0x00,0x3c,
  0x00,0x00,0xe0,0x00,0x00,0xe0,0x00,0x00,0xe0,0x00,0x00,0xe0,0x00,0x10,0xe1,0x00,0x1e,0xef,0x80,0x3f,0xff,0x80,0x0f,0xfe,
  0x00,0x01,0xf0,0x00,0x01,0xf0,0x00,0x03,0xb8,0x00,0x07,0x9c,0x00,0x07,0x1e,0x00,0x06,0x0e,0x00,0x02,0x08,0x00,0x00,0x00,
  0x00,0x00,0x00,0x00,0x00,0x00,0x00,0x00,0x00,0x00,0x00,0x00,0x00,0x00,0x00,0x00,0x00,0x00,0x00,0x00,0x00,0x00,0x00,0x00,
  0x00,0x00,0x00,0x00,0x00,0x1c,0x00,0x00,0x00,0x1c,0x00,0x00,0x00,0x1c,0x00,0x00,0x00,0x1c,0x00,0x00,0x00,0x1c,0x00,0x00,
  0x00,0x1c,0x00,0x00,0x00,0x1c,0x00,0x00,0x00,0x1c,0x00,0x00,0x1f,0xff,0xfc,0x00,0x1f,0xff,0xfc,0x00,0x1f,0xff,0xfc,0x00,
  0x00,0x1c,0x00,0x00,0x00,0x1c,0x00,0x00,0x00,0x1c,0x00,0x00,0x00,0x1c,0x00,0x00,0x00,0x1c,0x00,0x00,0x00,0x1c,0x00,0x00,
  0x00,0x1c,0x00,0x00,0x00,0x1c,0x00,0x00,0x1f,0x00,0x1f,0x00,0x1f,0x00,0x1f,0x00,0x1f,0x00,0x07,0x00,0x06,0x00,0x0e,0x00,
  0x0c,0x00,0x1c,0x00,0x1f,0xe0,0x1f,0xe0,0x1f,0xe0,0x00,0x00,0x00,0x00,0x00,0x00,0x00,0x00,0x00,0x00,0x00,0x00,0x00,0x00,
  0x00,0x00,0x1f,0x00,0x1f,0x00,0x1f,0x00,0x1f,0x00,0x1f,0x00,0x00,0x1c,0x00,0x3c,0x00,0x38,0x00,0x38,0x00,0x78,0x00,0x70,
  0x00,0x70,0x00,0xf0,0x00,0xe0,0x00,0xe0,0x01,0xe0,0x01,0xc0,0x01,0xc0,0x03,0xc0,0x03,0x80,0x03,0x80,0x07,0x00,0x07,0x00,
  0x07,0x00,0x0e,0x00,0x0e,0x00,0x0e,0x00,0x1c,0x00,0x1c,0x00,0x1c,0x00,0x38,0x00,0x38,0x00,0x38,0x00,0x07,0xff,0xf8,0x00,
  0x0f,0xff,0xfc,0x00,0x1f,0xff,0xfc,0x00,0x1f,0xff,0xfc,0x00,0x1e,0x00,0x1c,0x00,0x1e,0x00,0x1c,0x00,0x1e,0x00,0x1c,0x00,
  0x1e,0x00,0x1c,0x00,0x1e,0x00,0x1c,0x00,0x1e,0x00,0x1c,0x00,0x1e,0x00,0x1c,0x00,0x1e,0x00,0x1c,0x00,0x1e,0x00,0x1c,0x00,
  0x1e,0x00,0x1c,0x00,0x1e,0x00,0x1c,0x00,0x1e,0x00,0x1c,0x00,0x1e,0x00,0x1c,0x00,0x1e,0x00,0x1c,0x00,0x1e,0x00,0x1c,0x00,
  0x1e,0x00,0x1c,0x00,0x1e,0x00,0x1c,0x00,0x1f,0xff,0xfc,0x00,0x1f,0xff,0xfc,0x00,0x0f,0xff,0xfc,0x00,0x07,0xff,0xf8,0x00,
  0x7f,0x80,0x7f,0x80,0x7f,0x80,0x7f,0x80,0x07,0x80,0x07,0x80,0x07,0x80,0x07,0x80,0x07,0x80,0x07,0x80,0x07,0x80,0x07,0x80,
  0x07,0x80,0x07,0x80,0x07,0x80,0x07,0x80,0x07,0x80,0x07,0x80,0x07,0x80,0x07,0x80,0x07,0x80,0x07,0x80,0x07,0x80,0x07,0x80,
  0x07,0x80,0x07,0xff,0xe0,0x0f,0xff,0xf0,0x1f,0xff,0xf8,0x1f,0xff,0xf8,0x1c,0x00,0x78,0x1c,0x00,0x78,0x1c,0x00,0x78,0x00,
  0x00,0x78,0x00,0x00,0x78,0x00,0x00,0xf8,0x00,0x03,0xf0,0x00,0x0f,0xe0,0x00,0x3f,0x80,0x00,0xfe,0x00,0x03,0xf8,0x00,0x0f,
  0xe0,0x00,0x1f,0x00,0x00,0x1e,0x00,0x00,0x1c,0x00,0x38,0x1c,0x00,0x38,0x1c,0x00,0x38,0x1f,0xff,0xf8,0x1f,0xff,0xf8,0x1f,
  0xff,0xf8,0x1f,0xff,0xf8,0x07,0xff,0xc0,0x0f,0xff,0xe0,0x1f,0xff,0xf0,0x3c,0x00,0xf0,0x3c,0x00,0x70,0x3c,0x00,0x78,0x3c,
  0x00,0x78,0x00,0x00,0x70,0x00,0x00,0x70,0x00,0x00,0xf0,0x00,0xff,0xe0,0x00,0xff,0xc0,0x00,0xff,0xf0,0x00,0x00,0x70,0x00,
  0x00,0x78,0x00,0x00,0x78,0x00,0x00,0x78,0x38,0x00,0x78,0x38,0x00,0x78,0x38,0x00,0x78,0x3c,0x00,0x78,0x3f,0xff,0xf0,0x1f,
  0xff,0xe0,0x07,0xff,0xc0,0x00,0x0f,0x80,0x00,0x0f,0x80,0x00,0x1f,0x80,0x00,0x3f,0x80,0x00,0x7f,0x80,0x00,0x7f,0x80,0x00,
  0xf7,0x80,0x01,0xe7,0x80,0x01,0xc7,0x80,0x03,0xc7,0x80,0x07,0x87,0x80,0x0f,0x07,0x80,0x0e,0x07,0x80,0x1e,0x07,0x80,0x3c,
  0x07,0x80,0x78,0x07,0x80,0x7c,0x07,0x80,0x7f,0xff,0xf0,0x7f,0xff,0xf0,0x7f,0xff,0xf0,0x00,0x07,0x80,0x00,0x07,0x80,0x00,
  0x07,0x80,0x00,0x07,0x80,0x00,0x07,0x80,0x3f,0xff,0xf0,0x3f,0xff,0xf0,0x3f,0xff,0xf0,0x3f,0xff,0xf0,0x3c,0x00,0x00,0x3c,
  0x00,0x00,0x3c,0x00,0x00,0x3c,0x00,0x00,0x3c,0x00,0x00,0x3c,0x00,0x00,0x3f,0xff,0x80,0x3f,0xff,0xe0,0x3f,0xff,0xf0,0x00,
  0x00,0xf0,0x00,0x00,0x70,0x00,0x00,0x70,0x00,0x00,0x70,0x00,0x00,0x70,0x38,0x00,0x70,0x38,0x00,0x70,0x38,0x00,0x70,0x3c,
  0x00,0xf0,0x3f,0xff,0xe0,0x1f,0xff,0xe0,0x07,0xff,0x80,0x07,0xff,0xe0,0x00,0x0f,0xff,0xf8,0x00,0x1f,0xff,0xf8,0x00,0x1f,
  0xff,0xf8,0x00,0x1e,0x00,0x38,0x00,0x1e,0x00,0x38,0x00,0x1e,0x00,0x38,0x00,0x1e,0x00,0x00,0x00,0x1e,0x00,0x00,0x00,0x1e,
  0x00,0x00,0x00,0x1e,0x00,0x00,0x00,0x1f,0xff,0xf0,0x00,0x1f,0xff,0xf8,0x00,0x1f,0xff,0xf8,0x00,0x1f,0xff,0xf8,0x00,0x1e,
  0x00,0x38,0x00,0x1e,0x00,0x38,0x00,0x1e,0x00,0x38,0x00,0x1e,0x00,0x38,0x00,0x1e,0x00,0x38,0x00,0x1e,0x00,0x38,0x00,0x1f,
  0xff,0xf8,0x00,0x1f,0xff,0xf8,0x00,0x0f,0xff,0xf8,0x00,0x07,0xff,0xf0,0x00,0x7f,0xff,0xf0,0x7f,0xff,0xf0,0x7f,0xff,0xf0,
  0x7f,0xff,0xe0,0x00,0x01,0xe0,0x00,0x03,0xc0,0x00,0x03,0xc0,0x00,0x07,0x80,0x00,0x07,0x80,0x00,0x0f,0x00,0x00,0x0f,0x00,
  0x00,0x1e,0x00,0x00,0x1c,0x00,0x00,0x3c,0x00,0x00,0x38,0x00,0x00,0x78,0x00,0x00,0x70,0x00,0x00,0xf0,0x00,0x00,0xe0,0x00,
  0x01,0xe0,0x00,0x03,0xc0,0x00,0x03,0xc0,0x00,0x07,0x80,0x00,0x07,0x80,0x00,0x0f,0x00,0x00,0x03,0xff,0xc0,0x0f,0xff,0xf0,
  0x0f,0xff,0xf8,0x1e,0x00,0x78,0x1c,0x00,0x38,0x1c,0x00,0x38,0x1c,0x00,0x38,0x1c,0x00,0x38,0x1c,0x00,0x38,0x0e,0x00,0x70,
  0x07,0xff,0xf0,0x07,0xff,0xe0,0x0f,0xff,0xf0,0x1e,0x00,0x78,0x1c,0x00,0x38,0x1c,0x00,0x3c,0x3c,0x00,0x3c,0x3c,0x00,0x3c,
  0x3c,0x00,0x3c,0x1c,0x00,0x3c,0x1e,0x00,0x78,0x1f,0xff,0xf8,0x0f,0xff,0xf0,0x03,0xff,0xe0,0x07,0xff,0xe0,0x00,0x0f,0xff,
  0xf8,0x00,0x1f,0xff,0xf8,0x00,0x1f,0xff,0xf8,0x00,0x1e,0x00,0x38,0x00,0x1e,0x00,0x38,0x00,0x1e,0x00,0x38,0x00,0x1e,0x00,
  0x38,0x00,0x1e,0x00,0x38,0x00,0x1e,0x00,0x38,0x00,0x1e,0x00,0x38,0x00,0x1f,0xff,0xf8,0x00,0x1f,0xff,0xf8,0x00,0x0f,0xff,
  0xf8,0x00,0x07,0xff,0xf8,0x00,0x00,0x00,0x38,0x00,0x00,0x00,0x38,0x00,0x00,0x00,0x38,0x00,0x1e,0x00,0x38,0x00,0x1e,0x00,
  0x38,0x00,0x1e,0x00,0x38,0x00,0x1f,0xff,0xf8,0x00,0x1f,0xff,0xf8,0x00,0x0f,0xff,0xf8,0x00,0x07,0xff,0xf0,0x00,0x1f,0x00,
  0x1f,0x00,0x1f,0x00,0x1f,0x00,0x1f,0x00,0x00,0x00,0x00,0x00,0x00,0x00,0x00,0x00,0x00,0x00,0x00,0x00,0x00,0x00,0x00,0x00,
  0x1f,0x00,0x1f,0x00,0x1f,0x00,0x1f,0x00,0x1f,0x00,0x1f,0x00,0x1f,0x00,0x1f,0x00,0x1f,0x00,0x1f,0x00,0x00,0x00,0x00,0x00,
  0x00,0x00,0x00,0x00,0x00,0x00,0x00,0x00,0x00,0x00,0x00,0x00,0x1f,0x00,0x1f,0x00,0x1f,0x00,0x1f,0x00,0x1f,0x00,0x07,0x00,
  0x06,0x00,0x0e,0x00,0x0c,0x00,0x1c,0x00,0x00,0x00,0x10,0x00,0x00,0x78,0x00,0x01,0xf8,0x00,0x0f,0xf0,0x00,0x3f,0xc0,0x00,
  0xff,0x00,0x07,0xfc,0x00,0x1f,0xe0,0x00,0x7f,0x80,0x00,0x7c,0x00,0x00,0x7c,0x00,0x00,0x7f,0x80,0x00,0x1f,0xe0,0x00,0x07,
  0xfc,0x00,0x00,0xff,0x00,0x00,0x3f,0xc0,0x00,0x0f,0xf0,0x00,0x01,0xf8,0x00,0x00,0x78,0x00,0x00,0x10,0x1f,0xff,0xfc,0x00,
  0x1f,0xff,0xfc,0x00,0x1f,0xff,0xfc,0x00,0x00,0x00,0x00,0x00,0x00,0x00,0x00,0x00,0x00,0x00,0x00,0x00,0x00,0x00,0x00,0x00,
  0x00,0x00,0x00,0x00,0x1f,0xff,0xfc,0x00,0x1f,0xff,0xfc,0x00,0x1f,0xff,0xfc,0x00,0x00,0x00,0x00,0x00,0x00,0x00,0x00,0x00,
  0x00,0x00,0x00,0x00,0x00,0x00,0x00,0x00,0x10,0x00,0x00,0x1c,0x00,0x00,0x1f,0x80,0x00,0x1f,0xe0,0x00,0x07,0xf8,0x00,0x01,
  0xff,0x00,0x00,0x3f,0xc0,0x00,0x0f,0xf0,0x00,0x03,0xfc,0x00,0x00,0x7c,0x00,0x00,0x7c,0x00,0x01,0xfc,0x00,0x0f,0xf0,0x00,
  0x3f,0xc0,0x01,0xff,0x00,0x07,0xf8,0x00,0x1f,0xe0,0x00,0x1f,0x80,0x00,0x1c,0x00,0x00,0x10,0x00,0x00,0x0f,0xff,0x00,0x1f,
  0xff,0x80,0x3f,0xff,0x80,0x3f,0xff,0x80,0x3c,0x03,0xc0,0x3c,0x03,0xc0,0x3c,0x03,0xc0,0x00,0x03,0x80,0x00,0x0f,0x80,0x00,
  0x3f,0x80,0x00,0xff,0x00,0x00,0xfc,0x00,0x01,0xe0,0x00,0x01,0xe0,0x00,0x01,0xe0,0x00,0x01,0xc0,0x00,0x00,0x00,0x00,0x00,
  0x00,0x00,0x00,0x00,0x00,0x00,0x00,0x00,0x03,0xe0,0x00,0x03,0xe0,0x00,0x03,0xe0,0x00,0x03,0xe0,0x00,0x03,0xe0,0x00,0x00,
  0x7f,0xff,0xf8,0x00,0x03,0xff,0xff,0xfe,0x00,0x07,0xff,0xff,0xff,0x00,0x07,0x80,0x00,0x0f,0x80,0x0f,0x00,0x00,0x07,0x80,
  0x0e,0x00,0x00,0x03,0x80,0x1e,0x00,0x00,0x03,0xc0,0x1e,0x07,0xfb,0xc1,0xc0,0x1e,0x0f,0xff,0xc1,0xc0,0x1e,0x1f,0xff,0xc1,
  0xc0,0x1e,0x1c,0x03,0xc1,0xc0,0x1e,0x1c,0x03,0xc1,0xc0,0x1e,0x1c,0x03,0xc1,0xc0,0x1e,0x1c,0x03,0xc1,0xc0,0x1e,0x1c,0x03,
  0xc1,0xc0,0x1e,0x1c,0x03,0xc1,0xc0,0x1e,0x1c,0x03,0xc1,0xc0,0x1e,0x1c,0x03,0xc1,0xc0,0x1e,0x1c,0x03,0xc1,0xc0,0x1e,0x1c,
  0x03,0xc1,0xc0,0x1e,0x1c,0x03,0xc1,0xc0,0x1e,0x1f,0xff,0xff,0xc0,0x1e,0x0f,0xfd,0xff,0x80,0x1e,0x07,0xf8,0xff,0x00,0x1e,
  0x00,0x00,0x00,0x00,0x0e,0x00,0x00,0x00,0x00,0x0f,0x00,0x00,0x00,0x00,0x07,0x80,0x00,0x00,0x00,0x07,0xff,0xff,0xfc,0x00,
  0x03,0xff,0xff,0xf8,0x00,0x00,0x7f,0xff,0xf0,0x00,0x00,0x3c,0x00,0x00,0x00,0x3e,0x00,0x00,0x00,0x3e,0x00,0x00,0x00,0x7e,
  0x00,0x00,0x00,0x7f,0x00,0x00,0x00,0xff,0x00,0x00,0x00,0xf7,0x00,0x00,0x00,0xe7,0x80,0x00,0x01,0xe3,0x80,0x00,0x01,0xe3,
  0xc0,0x00,0x01,0xc3,0xc0,0x00,0x03,0xc1,0xc0,0x00,0x03,0x81,0xe0,0x00,0x07,0x81,0xe0,0x00,0x07,0x80,0xe0,0x00,0x07,0x00,
  0xf0,0x00,0x0f,0xff,0xf0,0x00,0x0f,0xff,0xf8,0x00,0x0f,0xff,0xf8,0x00,0x1f,0xff,0xf8,0x00,0x1c,0x00,0x3c,0x00,0x3c,0x00,
  0x3c,0x00,0x3c,0x00,0x1e,0x00,0x38,0x00,0x1e,0x00,0x78,0x00,0x0e,0x00,0x1f,0xff,0xe0,0x00,0x1f,0xff,0xf0,0x00,0x1f,0xff,
  0xf8,0x00,0x1e,0x00,0x7c,0x00,0x1e,0x00,0x3c,0x00,0x1e,0x00,0x3c,0x00,0x1e,0x00,0x3c,0x00,0x1e,0x00,0x3c,0x00,0x1e,0x00,
  0x38,0x00,0x1e,0x00,0x38,0x00,0x1f,0xff,0xf0,0x00,0x1f,0xff,0xf0,0x00,0x1f,0xff,0xf8,0x00,0x1e,0x00,0x3c,0x00,0x1e,0x00,
  0x1c,0x00,0x1e,0x00,0x1c,0x00,0x1e,0x00,0x1c,0x00,0x1e,0x00,0x1e,0x00,0x1e,0x00,0x1c,0x00,0x1e,0x00,0x1c,0x00,0x1e,0x00,
  0x3c,0x00,0x1f,0xff,0xfc,0x00,0x1f,0xff,0xf8,0x00,0x1f,0xff,0xe0,0x00,0x07,0xff,0xfc,0x00,0x0f,0xff,0xfe,0x00,0x1f,0xff,
  0xfe,0x00,0x1f,0xff,0xfe,0x00,0x1e,0x00,0x0e,0x00,0x1e,0x00,0x0e,0x00,0x1e,0x00,0x0e,0x00,0x1e,0x00,0x00,0x00,0x1e,0x00,
  0x00,0x00,0x1e,0x00,0x00,0x00,0x1e,0x00,0x00,0x00,0x1e,0x00,0x00,0x00,0x1e,0x00,0x00,0x00,0x1e,0x00,0x00,0x00,0x1e,0x00,
  0x00,0x00,0x1e,0x00,0x00,0x00,0x1e,0x00,0x00,0x00,0x1e,0x00,0x00,0x00,0x1e,0x00,0x0e,0x00,0x1e,0x00,0x0e,0x00,0x1e,0x00,
  0x0e,0x00,0x1f,0xff,0xfe,0x00,0x1f,0xff,0xfe,0x00,0x0f,0xff,0xfe,0x00,0x07,0xff,0xfc,0x00,0x1f,0xff,0xe0,0x00,0x1f,0xff,
  0xf8,0x00,0x1f,0xff,0xfc,0x00,0x1f,0xff,0xfe,0x00,0x1e,0x00,0x3e,0x00,0x1e,0x00,0x1f,0x00,0x1e,0x00,0x0f,0x00,0x1e,0x00,
  0x0f,0x00,0x1e,0x00,0x07,0x00,0x1e,0x00,0x07,0x00,0x1e,0x00,0x07,0x00,0x1e,0x00,0x07,0x00,0x1e,0x00,0x07,0x00,0x1e,0x00,
  0x07,0x00,0x1e,0x00,0x07,0x00,0x1e,0x00,0x07,0x00,0x1e,0x00,0x07,0x00,0x1e,0x00,0x07,0x00,0x1e,0x00,0x0f,0x00,0x1e,0x00,
  0x0f,0x00,0x1e,0x00,0x3e,0x00,0x1f,0xff,0xfe,0x00,0x1f,0xff,0xfc,0x00,0x1f,0xff,0xf8,0x00,0x1f,0xff,0xe0,0x00,0x1f,0xff,
  0xf8,0x1f,0xff,0xf8,0x1f,0xff,0xf8,0x1f,0xff,0xf8,0x1e,0x00,0x00,0x1e,0x00,0x00,0x1e,0x00,0x00,0x1e,0x00,0x00,0x1e,0x00,
  0x00,0x1e,0x00,0x00,0x1e,0x00,0x00,0x1f,0xff,0xe0,0x1f,0xff,0xe0,0x1f,0xff,0xe0,0x1f,0xff,0xe0,0x1e,0x00,0x00,0x1e,0x00,
  0x00,0x1e,0x00,0x00,0x1e,0x00,0x00,0x1e,0x00,0x00,0x1e,0x00,0x00,0x1f,0xff,0xf8,0x1f,0xff,0xf8,0x1f,0xff,0xf8,0x1f,0xff,
  0xf8,0x1f,0xff,0xf8,0x1f,0xff,0xf8,0x1f,0xff,0xf8,0x1f,0xff,0xf8,0x1e,0x00,0x00,0x1e,0x00,0x00,0x1e,0x00,0x00,0x1e,0x00,
  0x00,0x1e,0x00,0x00,0x1e,0x00,0x00,0x1e,0x00,0x00,0x1f,0xff,0xe0,0x1f,0xff,0xe0,0x1f,0xff,0xe0,0x1f,0xff,0xe0,0x1e,0x00,
  0x00,0x1e,0x00,0x00,0x1e,0x00,0x00,0x1e,0x00,0x00,0x1e,0x00,0x00,0x1e,0x00,0x00,0x1e,0x00,0x00,0x1e,0x00,0x00,0x1e,0x00,
  0x00,0x1e,0x00,0x00,0x07,0xff,0xfc,0x00,0x0f,0xff,0xfe,0x00,0x1f,0xff,0xfe,0x00,0x1f,0xff,0xfe,0x00,0x1e,0x00,0x0e,0x00,
  0x1e,0x00,0x0e,0x00,0x1e,0x00,0x0e,0x00,0x1e,0x00,0x00,0x00,0x1e,0x00,0x00,0x00,0x1e,0x00,0x00,0x00,0x1e,0x00,0x00,0x00,
  0x1e,0x00,0x00,0x00,0x1e,0x07,0xfe,0x00,0x1e,0x07,0xfe,0x00,0x1e,0x07,0xfe,0x00,0x1e,0x07,0xfe,0x00,0x1e,0x00,0x0e,0x00,
  0x1e,0x00,0x0e,0x00,0x1e,0x00,0x0e,0x00,0x1e,0x00,0x0e,0x00,0x1e,0x00,0x0e,0x00,0x1f,0xff,0xfe,0x00,0x1f,0xff,0xfe,0x00,
  0x0f,0xff,0xfe,0x00,0x07,0xff,0xfc,0x00,0x1e,0x00,0x07,0x00,0x1e,0x00,0x07,0x00,0x1e,0x00,0x07,0x00,0x1e,0x00,0x07,0x00,
  0x1e,0x00,0x07,0x00,0x1e,0x00,0x07,0x00,0x1e,0x00,0x07,0x00,0x1e,0x00,0x07,0x00,0x1e,0x00,0x07,0x00,0x1e,0x00,0x07,0x00,
  0x1e,0x00,0x07,0x00,0x1f,0xff,0xff,0x00,0x1f,0xff,0xff,0x00,0x1f,0xff,0xff,0x00,0x1f,0xff,0xff,0x00,0x1e,0x00,0x07,0x00,
  0x1e,0x00,0x07,0x00,0x1e,0x00,0x07,0x00,0x1e,0x00,0x07,0x00,0x1e,0x00,0x07,0x00,0x1e,0x00,0x07,0x00,0x1e,0x00,0x07,0x00,
  0x1e,0x00,0x07,0x00,0x1e,0x00,0x07,0x00,0x1e,0x00,0x07,0x00,0x1e,0x00,0x1e,0x00,0x1e,0x00,0x1e,0x00,0x1e,0x00,0x1e,0x00,
  0x1e,0x00,0x1e,0x00,0x1e,0x00,0x1e,0x00,0x1e,0x00,0x1e,0x00,0x1e,0x00,0x1e,0x00,0x1e,0x00,0x1e,0x00,0x1e,0x00,0x1e,0x00,
  0x1e,0x00,0x1e,0x00,0x1e,0x00,0x1e,0x00,0x1e,0x00,0x1e,0x00,0x1e,0x00,0x00,0x00,0xe0,0x00,0x00,0xe0,0x00,0x00,0xe0,0x00,
  0x00,0xe0,0x00,0x00,0xe0,0x00,0x00,0xe0,0x00,0x00,0xe0,0x00,0x00,0xe0,0x00,0x00,0xe0,0x00,0x00,0xe0,0x00,0x00,0xe0,0x00,
  0x00,0xe0,0x00,0x00,0xe0,0x00,0x00,0xe0,0x00,0x00,0xe0,0x00,0x00,0xe0,0x00,0x00,0xe0,0x3c,0x00,0xe0,0x3c,0x00,0xe0,0x3c,
  0x00,0xe0,0x3c,0x00,0xe0,0x3f,0xff,0xe0,0x1f,0xff,0xe0,0x1f,0xff,0xe0,0x0f,0xff,0xc0,0x1e,0x00,0x3e,0x1e,0x00,0x7c,0x1e,
  0x00,0xf8,0x1e,0x01,0xe0,0x1e,0x07,0xc0,0x1e,0x0f,0x80,0x1e,0x1f,0x00,0x1e,0x3e,0x00,0x1e,0x7c,0x00,0x1e,0xf8,0x00,0x1f,
  0xf0,0x00,0x1f,0xe0,0x00,0x1f,0xc0,0x00,0x1f,0xe0,0x00,0x1f,0xf0,0x00,0x1e,0x7c,0x00,0x1e,0x3e,0x00,0x1e,0x1f,0x00,0x1e,
  0x0f,0x80,0x1e,0x07,0xc0,0x1e,0x03,0xe0,0x1e,0x01,0xf0,0x1e,0x00,0xf8,0x1e,0x00,0x7c,0x1e,0x00,0x3e,0x1e,0x00,0x00,0x1e,
  0x00,0x00,0x1e,0x00,0x00,0x1e,0x00,0x00,0x1e,0x00,0x00,0x1e,0x00,0x00,0x1e,0x00,0x00,0x1e,0x00,0x00,0x1e,0x00,0x00,0x1e,
  0x00,0x00,0x1e,0x00,0x00,0x1e,0x00,0x00,0x1e,0x00,0x00,0x1e,0x00,0x00,0x1e,0x00,0x00,0x1e,0x00,0x00,0x1e,0x00,0x00,0x1e,
  0x00,0x00,0x1e,0x00,0x00,0x1e,0x00,0x00,0x1e,0x00,0x00,0x1f,0xff,0xe0,0x1f,0xff,0xe0,0x1f,0xff,0xe0,0x1f,0xff,0xe0,0x1e,
  0x00,0x00,0x78,0x00,0x1f,0x00,0x00,0x78,0x00,0x1f,0x00,0x00,0xf8,0x00,0x1f,0x80,0x00,0xf8,0x00,0x1f,0x80,0x01,0xf8,0x00,
  0x1f,0xc0,0x01,0xf8,0x00,0x1f,0xc0,0x03,0xf8,0x00,0x1f,0xe0,0x03,0xf8,0x00,0x1e,0xe0,0x07,0xb8,0x00,0x1e,0xf0,0x07,0xb8,
  0x00,0x1e,0x70,0x0f,0x38,0x00,0x1e,0x78,0x0f,0x38,0x00,0x1e,0x38,0x1e,0x38,0x00,0x1e,0x3c,0x1e,0x38,0x00,0x1e,0x1c,0x3c,
  0x38,0x00,0x1e,0x1e,0x3c,0x38,0x00,0x1e,0x0e,0x78,0x38,0x00,0x1e,0x0f,0x78,0x38,0x00,0x1e,0x07,0xf0,0x38,0x00,0x1e,0x07,
  0xf0,0x38,0x00,0x1e,0x03,0xe0,0x38,0x00,0x1e,0x03,0xe0,0x38,0x00,0x1e,0x01,0xc0,0x38,0x00,0x1e,0x01,0xc0,0x38,0x00,0x1e,
  0x00,0x80,0x38,0x00,0x1e,0x00,0x07,0x80,0x1f,0x00,0x07,0x80,0x1f,0x80,0x07,0x80,0x1f,0x80,0x07,0x80,0x1f,0xc0,0x07,0x80,
  0x1f,0xe0,0x07,0x80,0x1f,0xf0,0x07,0x80,0x1e,0xf0,0x07,0x80,0x1e,0x78,0x07,0x80,0x1e,0x3c,0x07,0x80,0x1e,0x3e,0x07,0x80,
  0x1e,0x1e,0x07,0x80,0x1e,0x0f,0x07,0x80,0x1e,0x07,0x87,0x80,0x1e,0x07,0xc7,0x80,0x1e,0x03,0xc7,0x80,0x1e,0x01,0xe7,0x80,
  0x1e,0x00,0xf7,0x80,0x1e,0x00,0xff,0x80,0x1e,0x00,0x7f,0x80,0x1e,0x00,0x3f,0x80,0x1e,0x00,0x1f,0x80,0x1e,0x00,0x1f,0x80,
  0x1e,0x00,0x0f,0x80,0x1e,0x00,0x07,0x80,0x07,0xff,0xfc,0x00,0x0f,0xff,0xfe,0x00,0x1f,0xff,0xff,0x00,0x1f,0xff,0xff,0x00,
  0x1e,0x00,0x07,0x00,0x1e,0x00,0x07,0x00,0x1e,0x00,0x07,0x00,0x1e,0x00,0x07,0x00,0x1e,0x00,0x07,0x00,0x1e,0x00,0x07,0x00,
  0x1e,0x00,0x07,0x00,0x1e,0x00,0x07,0x00,0x1e,0x00,0x07,0x00,0x1e,0x00,0x07,0x00,0x1e,0x00,0x07,0x00,0x1e,0x00,0x07,0x00,
  0x1e,0x00,0x07,0x00,0x1e,0x00,0x07,0x00,0x1e,0x00,0x07,0x00,0x1e,0x00,0x07,0x00,0x1e,0x00,0x07,0x00,0x1f,0xff,0xff,0x00,
  0x1f,0xff,0xff,0x00,0x0f,0xff,0xfe,0x00,0x07,0xff,0xfc,0x00,0x1f,0xff,0xe0,0x1f,0xff,0xf8,0x1f,0xff,0xfc,0x1f,0xff,0xfc,
  0x1e,0x00,0x3c,0x1e,0x00,0x1c,0x1e,0x00,0x1c,0x1e,0x00,0x1e,0x1e,0x00,0x1e,0x1e,0x00,0x1c,0x1e,0x00,0x1c,0x1e,0x00,0x3c,
  0x1f,0xff,0xfc,0x1f,0xff,0xfc,0x1f,0xff,0xf8,0x1f,0xff,0xe0,0x1e,0x00,0x00,0x1e,0x00,0x00,0x1e,0x00,0x00,0x1e,0x00,0x00,
  0x1e,0x00,0x00,0x1e,0x00,0x00,0x1e,0x00,0x00,0x1e,0x00,0x00,0x1e,0x00,0x00,0x07,0xff,0xfc,0x00,0x0f,0xff,0xfe,0x00,0x1f,
  0xff,0xff,0x00,0x1f,0xff,0xff,0x00,0x1e,0x00,0x07,0x00,0x1e,0x00,0x07,0x00,0x1e,0x00,0x07,0x00,0x1e,0x00,0x07,0x00,0x1e,
  0x00,0x07,0x00,0x1e,0x00,0x07,0x00,0x1e,0x00,0x07,0x00,0x1e,0x00,0x07,0x00,0x1e,0x00,0x07,0x00,0x1e,0x00,0x07,0x00,0x1e,
  0x00,0x07,0x00,0x1e,0x00,0x07,0x00,0x1e,0x00,0x07,0x00,0x1e,0x00,0x07,0x00,0x1e,0x0e,0x07,0x00,0x1e,0x0e,0x07,0x00,0x1e,
  0x0e,0x07,0x00,0x1f,0xff,0xff,0x00,0x1f,0xff,0xff,0x00,0x0f,0xff,0xfe,0x00,0x07,0xff,0xfc,0x00,0x00,0x0e,0x00,0x00,0x00,
  0x0e,0x00,0x00,0x00,0x0e,0x00,0x00,0x00,0x0e,0x00,0x00,0x00,0x0e,0x00,0x00,0x1f,0xff,0xe0,0x00,0x1f,0xff,0xf8,0x00,0x1f,
  0xff,0xfc,0x00,0x1f,0xff,0xfc,0x00,0x1e,0x00,0x3c,0x00,0x1e,0x00,0x1c,0x00,0x1e,0x00,0x1c,0x00,0x1e,0x00,0x1e,0x00,0x1e,
  0x00,0x1e,0x00,0x1e,0x00,0x1c,0x00,0x1e,0x00,0x3c,0x00,0x1f,0xff,0xfc,0x00,0x1f,0xff,0xfc,0x00,0x1f,0xff,0xf8,0x00,0x1f,
  0xff,0xf0,0x00,0x1e,0x01,0xc0,0x00,0x1e,0x01,0xe0,0x00,0x1e,0x01,0xe0,0x00,0x1e,0x00,0xf0,0x00,0x1e,0x00,0xf0,0x00,0x1e,
  0x00,0x78,0x00,0x1e,0x00,0x78,0x00,0x1e,0x00,0x3c,0x00,0x1e,0x00,0x3c,0x00,0x1e,0x00,0x1e,0x00,0x07,0xff,0xf0,0x00,0x0f,
  0xff,0xf8,0x00,0x1f,0xff,0xfc,0x00,0x1f,0xff,0xfc,0x00,0x1e,0x00,0x1c,0x00,0x1e,0x00,0x1c,0x00,0x1e,0x00,0x1c,0x00,0x1e,
  0x00,0x00,0x00,0x1e,0x00,0x00,0x00,0x1e,0x00,0x00,0x00,0x1e,0x00,0x00,0x00,0x1f,0xff,0xf0,0x00,0x1f,0xff,0xf8,0x00,0x0f,
  0xff,0xfc,0x00,0x07,0xff,0xfc,0x00,0x00,0x00,0x1c,0x00,0x00,0x00,0x1c,0x00,0x00,0x00,0x1c,0x00,0x1c,0x00,0x1c,0x00,0x1c,
  0x00,0x1c,0x00,0x1c,0x00,0x1c,0x00,0x1f,0xff,0xfc,0x00,0x1f,0xff,0xfc,0x00,0x0f,0xff,0xf8,0x00,0x07,0xff,0xf0,0x00,0x7f,
  0xff,0xf8,0x7f,0xff,0xf8,0x7f,0xff,0xf8,0x7f,0xff,0xf8,0x00,0x78,0x00,0x00,0x78,0x00,0x00,0x78,0x00,0x00,0x78,0x00,0x00,
  0x78,0x00,0x00,0x78,0x00,0x00,0x78,0x00,0x00,0x78,0x00,0x00,0x78,0x00,0x00,0x78,0x00,0x00,0x78,0x00,0x00,0x78,0x00,0x00,
  0x78,0x00,0x00,0x78,0x00,0x00,0x78,0x00,0x00,0x78,0x00,0x00,0x78,0x00,0x00,0x78,0x00,0x00,0x78,0x00,0x00,0x78,0x00,0x00,
  0x78,0x00,0x1e,0x00,0x07,0x00,0x1e,0x00,0x07,0x00,0x1e,0x00,0x07,0x00,0x1e,0x00,0x07,0x00,0x1e,0x00,0x07,0x00,0x1e,0x00,
  0x07,0x00,0x1e,0x00,0x07,0x00,0x1e,0x00,0x07,0x00,0x1e,0x00,0x07,0x00,0x1e,0x00,0x07,0x00,0x1e,0x00,0x07,0x00,0x1e,0x00,
  0x07,0x00,0x1e,0x00,0x07,0x00,0x1e,0x00,0x07,0x00,0x1e,0x00,0x07,0x00,0x1e,0x00,0x07,0x00,0x1e,0x00,0x07,0x00,0x1e,0x00,
  0x07,0x00,0x1e,0x00,0x07,0x00,0x1e,0x00,0x07,0x00,0x1e,0x00,0x07,0x00,0x1f,0xff,0xff,0x00,0x1f,0xff,0xff,0x00,0x0f,0xff,
  0xfe,0x00,0x07,0xff,0xfc,0x00,0x78,0x00,0x0f,0x00,0x38,0x00,0x0e,0x00,0x3c,0x00,0x1e,0x00,0x3c,0x00,0x1c,0x00,0x1c,0x00,
  0x3c,0x00,0x1e,0x00,0x3c,0x00,0x0e,0x00,0x38,0x00,0x0f,0x00,0x78,0x00,0x0f,0x00,0x78,0x00,0x07,0x00,0x70,0x00,0x07,0x80,
  0xf0,0x00,0x07,0x80,0xe0,0x00,0x03,0x81,0xe0,0x00,0x03,0xc1,0xe0,0x00,0x01,0xc1,0xc0,0x00,0x01,0xe3,0xc0,0x00,0x01,0xe3,
  0xc0,0x00,0x00,0xe3,0x80,0x00,0x00,0xf7,0x80,0x00,0x00,0xf7,0x00,0x00,0x00,0x7f,0x00,0x00,0x00,0x7f,0x00,0x00,0x00,0x3e,
  0x00,0x00,0x00,0x3e,0x00,0x00,0x00,0x3e,0x00,0x00,0x78,0x01,0xe0,0x03,0x80,0x78,0x01,0xe0,0x07,0x80,0x38,0x01,0xf0,0x07,
  0x80,0x3c,0x03,0xf0,0x07,0x00,0x3c,0x03,0xf0,0x07,0x00,0x1c,0x03,0xf0,0x0f,0x00,0x1c,0x03,0xf8,0x0e,0x00,0x1e,0x07,0xf8,
  0x0e,0x00,0x1e,0x07,0xb8,0x1e,0x00,0x0e,0x07,0x38,0x1e,0x00,0x0e,0x07,0x3c,0x1c,0x00,0x0f,0x0f,0x1c,0x1c,0x00,0x07,0x0e,
  0x1c,0x3c,0x00,0x07,0x0e,0x1e,0x38,0x00,0x07,0x9e,0x1e,0x38,0x00,0x07,0x9e,0x0e,0x38,0x00,0x03,0x9c,0x0e,0x78,0x00,0x03,
  0x9c,0x0f,0x70,0x00,0x03,0xfc,0x07,0x70,0x00,0x01,0xf8,0x07,0xf0,0x00,0x01,0xf8,0x07,0xf0,0x00,0x01,0xf8,0x07,0xe0,0x00,
  0x01,0xf8,0x03,0xe0,0x00,0x00,0xf0,0x03,0xe0,0x00,0x00,0xf0,0x03,0xc0,0x00,0x3c,0x00,0x3c,0x3e,0x00,0x3c,0x1e,0x00,0x78,
  0x0f,0x00,0xf0,0x0f,0x81,0xf0,0x07,0x81,0xe0,0x03,0xc3,0xc0,0x03,0xe7,0xc0,0x01,0xe7,0x80,0x00,0xff,0x00,0x00,0x7e,0x00,
  0x00,0x7e,0x00,0x00,0x3c,0x00,0x00,0x7e,0x00,0x00,0xff,0x00,0x00,0xff,0x00,0x01,0xe7,0x80,0x03,0xe7,0xc0,0x03,0xc3,0xc0,
  0x07,0x81,0xe0,0x0f,0x00,0xf0,0x0f,0x00,0xf8,0x1e,0x00,0x78,0x3c,0x00,0x3c,0x7c,0x00,0x3e,0x78,0x00,0x1e,0x3c,0x00,0x3c,
  0x3c,0x00,0x3c,0x1e,0x00,0x78,0x0f,0x00,0xf0,0x0f,0x00,0xf0,0x07,0x81,0xe0,0x07,0x83,0xc0,0x03,0xc3,0xc0,0x01,0xe7,0x80,
  0x01,0xe7,0x80,0x00,0xff,0x00,0x00,0x7e,0x00,0x00,0x7e,0x00,0x00,0x3c,0x00,0x00,0x3c,0x00,0x00,0x3c,0x00,0x00,0x3c,0x00,
  0x00,0x3c,0x00,0x00,0x3c,0x00,0x00,0x3c,0x00,0x00,0x3c,0x00,0x00,0x3c,0x00,0x00,0x3c,0x00,0x00,0x3c,0x00,0x1f,0xff,0xfc,
  0x1f,0xff,0xfc,0x1f,0xff,0xf8,0x1f,0xff,0xf0,0x00,0x00,0xe0,0x00,0x01,0xe0,0x00,0x03,0xc0,0x00,0x03,0x80,0x00,0x07,0x80,
  0x00,0x0f,0x00,0x00,0x1e,0x00,0x00,0x1e,0x00,0x00,0x3c,0x00,0x00,0x78,0x00,0x00,0x70,0x00,0x00,0xf0,0x00,0x01,0xe0,0x00,
  0x01,0xc0,0x00,0x03,0xc0,0x00,0x07,0x80,0x00,0x07,0x00,0x00,0x0f,0xff,0xfc,0x1f,0xff,0xfc,0x3f,0xff,0xfc,0x3f,0xff,0xfc,
  0x1f,0xf0,0x1f,0xf0,0x1f,0xf0,0x1e,0x00,0x1e,0x00,0x1e,0x00,0x1e,0x00,0x1e,0x00,0x1e,0x00,0x1e,0x00,0x1e,0x00,0x1e,0x00,
  0x1e,0x00,0x1e,0x00,0x1e,0x00,0x1e,0x00,0x1e,0x00,0x1e,0x00,0x1e,0x00,0x1e,0x00,0x1e,0x00,0x1e,0x00,0x1e,0x00,0x1e,0x00,
  0x1e,0x00,0x1e,0x00,0x1e,0x00,0x1e,0x00,0x1e,0x00,0x1e,0x00,0x1f,0xf0,0x1f,0xf0,0x1f,0xf0,0x38,0x00,0x38,0x00,0x3c,0x00,
  0x1c,0x00,0x1c,0x00,0x1e,0x00,0x0e,0x00,0x0e,0x00,0x0f,0x00,0x07,0x00,0x07,0x00,0x07,0x80,0x03,0x80,0x03,0x80,0x03,0xc0,
  0x01,0xc0,0x01,0xc0,0x01,0xe0,0x00,0xe0,0x00,0xe0,0x00,0xf0,0x00,0x70,0x00,0x70,0x00,0x78,0x00,0x38,0x00,0x38,0x00,0x3c,
  0x00,0x1c,0x3f,0xe0,0x3f,0xe0,0x3f,0xe0,0x00,0xe0,0x00,0xe0,0x00,0xe0,0x00,0xe0,0x00,0xe0,0x00,0xe0,0x00,0xe0,0x00,0xe0,
  0x00,0xe0,0x00,0xe0,0x00,0xe0,0x00,0xe0,0x00,0xe0,0x00,0xe0,0x00,0xe0,0x00,0xe0,0x00,0xe0,0x00,0xe0,0x00,0xe0,0x00,0xe0,
  0x00,0xe0,0x00,0xe0,0x00,0xe0,0x00,0xe0,0x00,0xe0,0x00,0xe0,0x00,0xe0,0x3f,0xe0,0x3f,0xe0,0x3f,0xe0,0x00,0xf0,0x00,0x01,
  0xf0,0x00,0x01,0xf8,0x00,0x03,0xbc,0x00,0x07,0x9c,0x00,0x07,0x1e,0x00,0x0f,0x0e,0x00,0x0e,0x07,0x00,0x1c,0x07,0x80,0x3c,
  0x03,0x80,0x38,0x03,0xc0,0x00,0x00,0x00,0x00,0x00,0x00,0x00,0x00,0x00,0x00,0x00,0x00,0x00,0x00,0x00,0x00,0x00,0x00,0x00,
  0x00,0x00,0x00,0x00,0x00,0x00,0x00,0x00,0x00,0x00,0x00,0x00,0x00,0x00,0x00,0x00,0x00,0x00,0x00,0x00,0x00,0x00,0x00,0x00,
  0x00,0x00,0x00,0x00,0x00,0x00,0x00,0x00,0x00,0x00,0x00,0x00,0x00,0x00,0x00,0x00,0x00,0x00,0x00,0x00,0x7f,0xff,0xfe,0x7f,
  0xff,0xfe,0x7f,0xff,0xfe,0x1f,0x00,0x0f,0x80,0x03,0xc0,0x01,0xe0,0x00,0x00,0x00,0x00,0x00,0x00,0x00,0x00,0x00,0x00,0x00,
  0x00,0x00,0x00,0x00,0x00,0x00,0x00,0x00,0x00,0x00,0x00,0x00,0x00,0x00,0x00,0x00,0x00,0x00,0x00,0x00,0x00,0x00,0x00,0x00,
  0x00,0x00,0x00,0x00,0x00,0x00,0x00,0x0f,0xff,0x00,0x0f,0xff,0xc0,0x0f,0xff,0xc0,0x00,0x01,0xc0,0x00,0x01,0xc0,0x00,0x01,
  0xc0,0x00,0x01,0xc0,0x0f,0xff,0xc0,0x1f,0xff,0xc0,0x1f,0xff,0xc0,0x1c,0x01,0xc0,0x1c,0x01,0xc0,0x1c,0x01,0xc0,0x1c,0x01,
  0xc0,0x1c,0x01,0xc0,0x1f,0xff,0xc0,0x1f,0xfd,0xc0,0x0f,0xf9,0xc0,0x1c,0x00,0x00,0x1c,0x00,0x00,0x1c,0x00,0x00,0x1c,0x00,
  0x00,0x1c,0x00,0x00,0x1c,0x00,0x00,0x1c,0x00,0x00,0x1c,0xff,0x80,0x1d,0xff,0xc0,0x1f,0xff,0xe0,0x1c,0x00,0xe0,0x1c,0x00,
  0xe0,0x1c,0x00,0xe0,0x1c,0x00,0xe0,0x1c,0x00,0xe0,0x1c,0x00,0xe0,0x1c,0x00,0xe0,0x1c,0x00,0xe0,0x1c,0x00,0xe0,0x1c,0x00,
  0xe0,0x1c,0x00,0xe0,0x1c,0x00,0xe0,0x1f,0xff,0xe0,0x1f,0xff,0xc0,0x0f,0xff,0x80,0x07,0xff,0x80,0x1f,0xff,0xc0,0x1f,0xff,
  0xc0,0x1c,0x01,0xc0,0x1c,0x01,0xc0,0x1c,0x01,0xc0,0x1c,0x00,0x00,0x1c,0x00,0x00,0x1c,0x00,0x00,0x1c,0x00,0x00,0x1c,0x00,
  0x00,0x1c,0x00,0x00,0x1c,0x01,0xc0,0x1c,0x01,0xc0,0x1c,0x01,0xc0,0x1f,0xff,0xc0,0x1f,0xff,0xc0,0x0f,0xff,0x80,0x00,0x00,
  0xe0,0x00,0x00,0xe0,0x00,0x00,0xe0,0x00,0x00,0xe0,0x00,0x00,0xe0,0x00,0x00,0xe0,0x00,0x00,0xe0,0x07,0xff,0xe0,0x1f,0xff,
  0xe0,0x1f,0xff,0xe0,0x1c,0x00,0xe0,0x1c,0x00,0xe0,0x1c,0x00,0xe0,0x1c,0x00,0xe0,0x1c,0x00,0xe0,0x1c,0x00,0xe0,0x1c,0x00,
  0xe0,0x1c,0x00,0xe0,0x1c,0x00,0xe0,0x1c,0x00,0xe0,0x1c,0x00,0xe0,0x1c,0x00,0xe0,0x1f,0xff,0xe0,0x1f,0xff,0xe0,0x0f,0xfc,
  0xe0,0x07,0xff,0x80,0x1f,0xff,0xc0,0x1f,0xff,0xc0,0x1c,0x01,0xc0,0x1c,0x01,0xc0,0x1c,0x01,0xc0,0x1c,0x01,0xc0,0x1f,0xff,
  0xc0,0x1f,0xff,0xc0,0x1f,0xff,0xc0,0x1c,0x00,0x00,0x1c,0x00,0x00,0x1c,0x00,0x00,0x1c,0x00,0x00,0x1c,0x00,0x00,0x1f,0xff,
  0xc0,0x1f,0xff,0xc0,0x0f,0xff,0xc0,0x00,0xff,0x00,0x01,0xff,0x00,0x03,0xff,0x00,0x03,0xc0,0x00,0x03,0xc0,0x00,0x03,0xc0,
  0x00,0x03,0xc0,0x00,0x3f,0xff,0x00,0x3f,0xff,0x00,0x3f,0xff,0x00,0x03,0xc0,0x00,0x03,0xc0,0x00,0x03,0xc0,0x00,0x03,0xc0,
  0x00,0x03,0xc0,0x00,0x03,0xc0,0x00,0x03,0xc0,0x00,0x03,0xc0,0x00,0x03,0xc0,0x00,0x03,0xc0,0x00,0x03,0xc0,0x00,0x03,0xc0,
  0x00,0x03,0xc0,0x00,0x03,0xc0,0x00,0x03,0xc0,0x00,0x0f,0xfc,0xe0,0x1f,0xff,0xe0,0x1f,0xff,0xe0,0x1c,0x00,0xe0,0x1c,0x00,
  0xe0,0x1c,0x00,0xe0,0x1c,0x00,0xe0,0x1c,0x00,0xe0,0x1c,0x00,0xe0,0x1c,0x00,0xe0,0x1c,0x00,0xe0,0x1c,0x00,0xe0,0x1c,0x00,
  0xe0,0x1c,0x00,0xe0,0x1f,0xff,0xe0,0x1f,0xff,0xe0,0x0f,0xff,0xe0,0x00,0x00,0xe0,0x00,0x00,0xe0,0x00,0x00,0xe0,0x00,0x00,
  0xe0,0x00,0x00,0xe0,0x07,0xff,0xe0,0x07,0xff,0xc0,0x07,0xff,0x80,0x1c,0x00,0x00,0x1c,0x00,0x00,0x1c,0x00,0x00,0x1c,0x00,
  0x00,0x1c,0x00,0x00,0x1c,0x00,0x00,0x1c,0x00,0x00,0x1c,0xff,0x80,0x1d,0xff,0xc0,0x1f,0xff,0xe0,0x1c,0x00,0xe0,0x1c,0x00,
  0xe0,0x1c,0x00,0xe0,0x1c,0x00,0xe0,0x1c,0x00,0xe0,0x1c,0x00,0xe0,0x1c,0x00,0xe0,0x1c,0x00,0xe0,0x1c,0x00,0xe0,0x1c,0x00,
  0xe0,0x1c,0x00,0xe0,0x1c,0x00,0xe0,0x1c,0x00,0xe0,0x1c,0x00,0xe0,0x1c,0x00,0xe0,0x1e,0x00,0x1e,0x00,0x1e,0x00,0x1e,0x00,
  0x00,0x00,0x00,0x00,0x00,0x00,0x1c,0x00,0x1c,0x00,0x1c,0x00,0x1c,0x00,0x1c,0x00,0x1c,0x00,0x1c,0x00,0x1c,0x00,0x1c,0x00,
  0x1c,0x00,0x1c,0x00,0x1c,0x00,0x1c,0x00,0x1c,0x00,0x1c,0x00,0x1c,0x00,0x1c,0x00,0x1c,0x00,0x1e,0x00,0x1e,0x00,0x1e,0x00,
  0x1e,0x00,0x00,0x00,0x00,0x00,0x00,0x00,0x1c,0x00,0x1c,0x00,0x1c,0x00,0x1c,0x00,0x1c,0x00,0x1c,0x00,0x1c,0x00,0x1c,0x00,
  0x1c,0x00,0x1c,0x00,0x1c,0x00,0x1c,0x00,0x1c,0x00,0x1c,0x00,0x1c,0x00,0x1c,0x00,0x1c,0x00,0x1c,0x00,0x1c,0x00,0x1c,0x00,
  0x1c,0x00,0x1c,0x00,0xfc,0x00,0xfc,0x00,0xf8,0x00,0x1c,0x00,0x00,0x1c,0x00,0x00,0x1c,0x00,0x00,0x1c,0x00,0x00,0x1c,0x00,
  0x00,0x1c,0x00,0x00,0x1c,0x00,0x00,0x1c,0x03,0xc0,0x1c,0x0f,0x80,0x1c,0x1f,0x00,0x1c,0x3e,0x00,0x1c,0x7c,0x00,0x1c,0xf8,
  0x00,0x1d,0xf0,0x00,0x1f,0xc0,0x00,0x1f,0x80,0x00,0x1f,0xc0,0x00,0x1f,0xe0,0x00,0x1c,0xf0,0x00,0x1c,0x78,0x00,0x1c,0x3e,
  0x00,0x1c,0x1f,0x00,0x1c,0x0f,0x80,0x1c,0x07,0xc0,0x1c,0x03,0xe0,0x1c,0x00,0x1c,0x00,0x1c,0x00,0x1c,0x00,0x1c,0x00,0x1c,
  0x00,0x1c,0x00,0x1c,0x00,0x1c,0x00,0x1c,0x00,0x1c,0x00,0x1c,0x00,0x1c,0x00,0x1c,0x00,0x1c,0x00,0x1c,0x00,0x1c,0x00,0x1c,
  0x00,0x1c,0x00,0x1c,0x00,0x1c,0x00,0x1c,0x00,0x1c,0x00,0x1c,0x00,0x1c,0x00,0x1c,0xff,0x1f,0xe0,0x1d,0xff,0xbf,0xf0,0x1f,
  0xff,0xff,0xf0,0x1c,0x03,0x80,0x70,0x1c,0x03,0x80,0x70,0x1c,0x03,0x80,0x70,0x1c,0x03,0x80,0x70,0x1c,0x03,0x80,0x70,0x1c,
  0x03,0x80,0x70,0x1c,0x03,0x80,0x70,0x1c,0x03,0x80,0x70,0x1c,0x03,0x80,0x70,0x1c,0x03,0x80,0x70,0x1c,0x03,0x80,0x70,0x1c,
  0x03,0x80,0x70,0x1c,0x03,0x80,0x70,0x1c,0x03,0x80,0x70,0x1c,0x03,0x80,0x70,0x1c,0xff,0x80,0x1d,0xff,0xc0,0x1f,0xff,0xe0,
  0x1c,0x00,0xe0,0x1c,0x00,0xe0,0x1c,0x00,0xe0,0x1c,0x00,0xe0,0x1c,0x00,0xe0,0x1c,0x00,0xe0,0x1c,0x00,0xe0,0x1c,0x00,0xe0,
  0x1c,0x00,0xe0,0x1c,0x00,0xe0,0x1c,0x00,0xe0,0x1c,0x00,0xe0,0x1c,0x00,0xe0,0x1c,0x00,0xe0,0x1c,0x00,0xe0,0x07,0xff,0x80,
  0x1f,0xff,0xc0,0x1f,0xff,0xc0,0x1c,0x01,0xe0,0x1c,0x01,0xe0,0x1c,0x01,0xe0,0x1c,0x01,0xe0,0x1c,0x01,0xe0,0x1c,0x01,0xe0,
  0x1c,0x01,0xe0,0x1c,0x01,0xe0,0x1c,0x01,0xe0,0x1c,0x01,0xe0,0x1c,0x01,0xe0,0x1c,0x01,0xe0,0x1f,0xff,0xc0,0x1f,0xff,0xc0,
  0x0f,0xff,0x80,0x1c,0xff,0x80,0x1f,0xff,0xc0,0x1f,0xff,0xe0,0x1c,0x00,0xe0,0x1c,0x00,0xe0,0x1c,0x00,0xe0,0x1c,0x00,0xe0,
  0x1c,0x00,0xe0,0x1c,0x00,0xe0,0x1c,0x00,0xe0,0x1c,0x00,0xe0,0x1c,0x00,0xe0,0x1c,0x00,0xe0,0x1c,0x00,0xe0,0x1c,0x00,0xe0,
  0x1f,0xff,0xe0,0x1f,0xff,0xc0,0x1f,0xff,0x80,0x1c,0x00,0x00,0x1c,0x00,0x00,0x1c,0x00,0x00,0x1c,0x00,0x00,0x1c,0x00,0x00,
  0x1c,0x00,0x00,0x1c,0x00,0x00,0x07,0xff,0x80,0x1f,0xff,0xc0,0x1f,0xff,0xe0,0x1c,0x00,0xe0,0x1c,0x00,0xe0,0x1c,0x00,0xe0,
  0x1c,0x00,0xe0,0x1c,0x00,0xe0,0x1c,0x00,0xe0,0x1c,0x00,0xe0,0x1c,0x00,0xe0,0x1c,0x00,0xe0,0x1c,0x00,0xe0,0x1c,0x00,0xe0,
  0x1c,0x00,0xe0,0x1f,0xff,0xe0,0x1f,0xff,0xe0,0x0f,0xfc,0xe0,0x00,0x00,0xe0,0x00,0x00,0xe0,0x00,0x00,0xe0,0x00,0x00,0xe0,
  0x00,0x00,0xe0,0x00,0x00,0xe0,0x00,0x00,0xe0,0x1c,0xfe,0x00,0x1d,0xff,0x00,0x1f,0xff,0x00,0x1c,0x07,0x00,0x1c,0x07,0x00,
  0x1c,0x07,0x00,0x1c,0x00,0x00,0x1c,0x00,0x00,0x1c,0x00,0x00,0x1c,0x00,0x00,0x1c,0x00,0x00,0x1c,0x00,0x00,0x1c,0x00,0x00,
  0x1c,0x00,0x00,0x1c,0x00,0x00,0x1c,0x00,0x00,0x1c,0x00,0x00,0x1c,0x00,0x00,0x0f,0xff,0x00,0x1f,0xff,0x00,0x1f,0xff,0x00,
  0x3c,0x00,0x00,0x3c,0x00,0x00,0x3c,0x00,0x00,0x3c,0x00,0x00,0x1f,0xfe,0x00,0x1f,0xff,0x80,0x0f,0xff,0x80,0x00,0x03,0x80,
  0x00,0x03,0x80,0x00,0x03,0x80,0x00,0x03,0x80,0x00,0x03,0x80,0x3f,0xff,0x80,0x3f,0xff,0x80,0x3f,0xfe,0x00,0x03,0xc0,0x00,
  0x03,0xc0,0x00,0x03,0xc0,0x00,0x03,0xc0,0x00,0x03,0xc0,0x00,0x03,0xc0,0x00,0x3f,0xff,0x00,0x3f,0xff,0x00,0x3f,0xff,0x00,
  0x03,0xc0,0x00,0x03,0xc0,0x00,0x03,0xc0,0x00,0x03,0xc0,0x00,0x03,0xc0,0x00,0x03,0xc0,0x00,0x03,0xc0,0x00,0x03,0xc0,0x00,
  0x03,0xc0,0x00,0x03,0xc0,0x00,0x03,0xc0,0x00,0x03,0xc0,0x00,0x03,0xff,0x00,0x01,0xff,0x00,0x00,0xff,0x00,0x1c,0x00,0xe0,
  0x1c,0x00,0xe0,0x1c,0x00,0xe0,0x1c,0x00,0xe0,0x1c,0x00,0xe0,0x1c,0x00,0xe0,0x1c,0x00,0xe0,0x1c,0x00,0xe0,0x1c,0x00,0xe0,
  0x1c,0x00,0xe0,0x1c,0x00,0xe0,0x1c,0x00,0xe0,0x1c,0x00,0xe0,0x1c,0x00,0xe0,0x1c,0x00,0xe0,0x1f,0xff,0xe0,0x1f,0xff,0xe0,
  0x0f,0xfc,0xe0,0x70,0x01,0xe0,0x78,0x01,0xc0,0x38,0x03,0xc0,0x3c,0x03,0x80,0x1c,0x07,0x80,0x1c,0x07,0x80,0x1e,0x07,0x00,
  0x0e,0x0f,0x00,0x0f,0x0e,0x00,0x07,0x0e,0x00,0x07,0x1e,0x00,0x07,0x9c,0x00,0x03,0xbc,0x00,0x03,0xf8,0x00,0x01,0xf8,0x00,
  0x01,0xf0,0x00,0x01,0xf0,0x00,0x00,0xf0,0x00,0x70,0x0f,0x00,0xe0,0x78,0x0f,0x00,0xe0,0x38,0x0f,0x81,0xe0,0x38,0x1f,0x81,
  0xc0,0x3c,0x1f,0x81,0xc0,0x3c,0x1f,0x83,0xc0,0x1c,0x3d,0xc3,0x80,0x1c,0x39,0xc3,0x80,0x1e,0x39,0xc7,0x80,0x0e,0x38,0xe7,
  0x00,0x0e,0x70,0xe7,0x00,0x0f,0x70,0xe7,0x00,0x07,0x70,0x7e,0x00,0x07,0xe0,0x7e,0x00,0x07,0xe0,0x7e,0x00,0x03,0xe0,0x7e,
  0x00,0x03,0xe0,0x3c,0x00,0x03,0xc0,0x3c,0x00,0x3c,0x03,0xc0,0x1e,0x07,0xc0,0x1e,0x07,0x80,0x0f,0x0f,0x00,0x07,0x9e,0x00,
  0x03,0xfe,0x00,0x03,0xfc,0x00,0x01,0xf8,0x00,0x00,0xf0,0x00,0x01,0xf8,0x00,0x01,0xf8,0x00,0x03,0xfc,0x00,0x07,0x9e,0x00,
  0x0f,0x8f,0x00,0x0f,0x0f,0x00,0x1e,0x07,0x80,0x3c,0x03,0xc0,0x78,0x01,0xe0,0x70,0x01,0xc0,0x78,0x03,0xc0,0x38,0x03,0x80,
  0x3c,0x07,0x80,0x1c,0x07,0x00,0x1e,0x0f,0x00,0x0e,0x0f,0x00,0x0e,0x0e,0x00,0x0f,0x1e,0x00,0x07,0x1c,0x00,0x07,0xbc,0x00,
  0x03,0xb8,0x00,0x03,0xf8,0x00,0x01,0xf0,0x00,0x01,0xf0,0x00,0x00,0xf0,0x00,0x00,0xe0,0x00,0x01,0xe0,0x00,0x01,0xc0,0x00,
  0x03,0xc0,0x00,0x03,0x80,0x00,0x03,0x80,0x00,0x07,0x00,0x00,0x07,0x00,0x00,0x0f,0x00,0x00,0x3f,0xff,0x80,0x3f,0xff,0x80,
  0x3f,0xff,0x00,0x00,0x1f,0x00,0x00,0x1e,0x00,0x00,0x3c,0x00,0x00,0x7c,0x00,0x00,0x78,0x00,0x00,0xf0,0x00,0x01,0xf0,0x00,
  0x01,0xe0,0x00,0x03,0xc0,0x00,0x07,0xc0,0x00,0x07,0x80,0x00,0x0f,0x00,0x00,0x1f,0xff,0xc0,0x1f,0xff,0xc0,0x3f,0xff,0xc0,
  0x00,0xe0,0x03,0xe0,0x07,0xe0,0x07,0x80,0x0f,0x00,0x0e,0x00,0x0e,0x00,0x0e,0x00,0x0e,0x00,0x0f,0x00,0x0f,0x00,0x0f,0x00,
  0x0f,0x00,0x0e,0x00,0x1e,0x00,0x7c,0x00,0x7c,0x00,0x7c,0x00,0x1e,0x00,0x0e,0x00,0x0f,0x00,0x0f,0x00,0x0f,0x00,0x0f,0x00,
  0x0e,0x00,0x0e,0x00,0x0e,0x00,0x0e,0x00,0x0f,0x00,0x07,0x80,0x07,0xe0,0x03,0xe0,0x00,0xe0,0x1e,0x00,0x1e,0x00,0x1e,0x00,
  0x1e,0x00,0x1e,0x00,0x1e,0x00,0x1e,0x00,0x1e,0x00,0x1e,0x00,0x1e,0x00,0x1e,0x00,0x1e,0x00,0x1e,0x00,0x1e,0x00,0x1e,0x00,
  0x1e,0x00,0x1e,0x00,0x1e,0x00,0x1e,0x00,0x1e,0x00,0x1e,0x00,0x1e,0x00,0x1e,0x00,0x1e,0x00,0x1e,0x00,0x1e,0x00,0x1e,0x00,
  0x1e,0x00,0x1e,0x00,0x1e,0x00,0x1e,0x00,0x1e,0x00,0x1e,0x00,0x3c,0x00,0x3e,0x00,0x3f,0x00,0x07,0x80,0x03,0x80,0x03,0xc0,
  0x03,0xc0,0x03,0xc0,0x03,0xc0,0x03,0xc0,0x03,0xc0,0x03,0x80,0x03,0x80,0x03,0xc0,0x01,0xe0,0x01,0xf8,0x00,0xf8,0x01,0xf8,
  0x01,0xe0,0x03,0xc0,0x03,0x80,0x03,0x80,0x03,0xc0,0x03,0xc0,0x03,0xc0,0x03,0xc0,0x03,0xc0,0x03,0xc0,0x03,0x80,0x07,0x80,
  0x3f,0x00,0x3e,0x00,0x3c,0x00,0x07,0x80,0xe0,0x0f,0xe1,0xc0,0x1f,0xf1,0xc0,0x1c,0x7f,0xc0,0x38,0x3f,0x80,0x38,0x1f,0x00,
  0x00,0x00,0x00,0x00,0x00,0x00,0x00,0x00,0x00,0x00,0x00,0x00,0x00,0x00,0x00,0x00,0x00,0x00,0x00,0x00,0x00,0x00,0x00,0x00,
  0x07,0xc0,0x0f,0xe0,0x1f,0xf0,0x1c,0x78,0x38,0x38,0x38,0x38,0x38,0x38,0x1c,0x78,0x1f,0xf0,0x0f,0xe0,0x07,0xc0,0x00,0x00,
  0x00,0x00,0x00,0x00,0x00,0x00,0x00,0x00,0x00,0x00,0x00,0x00,0x00,0x00,0x00,0x00,0x00,0x00,0x00,0x00,0x00,0x00,0x00,0x00,
  0x00,0x00,
};
const Glyph font35Glyphs[] = {{32,0,26,11,1,10,0},{33,0,1,10,25,10,2},{34,0,1,17,25,17,52},{35,0,1,27,25,27,127},{36,0,-2,24,32,24,227},{37,0,2,34,24,34,323},{38,0,2,26,24,26,443},{39,0,1,10,25,10,539},{40,0,0,14,33,14,589},{41,0,0,14,33,14,655},{42,0,1,19,25,19,721},{43,0,7,25,19,25,796},{44,0,21,11,10,11,872},{45,0,15,14,11,14,892},{46,0,21,11,5,11,914},{47,0,0,15,28,15,924},{48,0,1,26,25,26,980},{49,0,1,12,25,12,1080},{50,0,1,24,25,24,1130},{51,0,2,23,24,23,1205},{52,0,1,21,25,21,1277},{53,0,1,22,25,22,1352},{54,0,1,25,25,24,1427},{55,0,1,21,25,21,1527},{56,0,2,24,24,24,1602},{57,0,1,25,25,24,1674},{58,0,8,11,18,11,1774},{59,0,8,11,23,11,1810},{60,0,6,23,20,23,1856},{61,0,11,25,15,25,1916},{62,0,6,23,20,23,1976},{63,0,1,20,25,20,2036},{64,0,2,37,31,37,2111},{65,0,1,25,25,24,2266},{66,0,2,25,24,25,2366},{67,0,1,26,25,26,2462},{68,0,1,27,25,27,2562},{69,0,1,23,25,23,2662},{70,0,1,23,25,23,2737},{71,0,1,27,25,27,2812},{72,0,1,27,25,27,2912},{73,0,1,10,25,10,3012},{74,0,1,23,25,22,3062},{75,0,1,24,25,24,3137},{76,0,1,20,25,20,3212},{77,0,1,33,25,33,3287},{78,0,1,28,25,28,3412},{79,0,1,27,25,27,3512},{80,0,1,24,25,24,3612},{81,0,1,27,30,27,3687},{82,0,1,25,25,25,3807},{83,0,1,25,25,25,3907},{84,0,1,22,25,22,4007},{85,0,1,27,25,27,4082},{86,0,1,25,25,25,4182},{87,0,1,34,25,34,4282},{88,0,1,24,25,24,4407},{89,0,1,24,25,24,4482},{90,0,1,24,25,24,4557},{91,0,0,14,33,14,4632},{92,0,0,15,28,15,4698},{93,0,0,14,33,14,4754},{94,0,1,20,25,20,4820},{95,-1,26,23,10,22,4895},{96,0,1,13,25,13,4925},{97,0,8,21,18,21,4975},{98,0,1,22,25,22,5029},{99,0,8,21,18,21,5104},{100,0,1,22,25,22,5158},{101,0,8,21,18,21,5233},{102,0,1,17,25,17,5287},{103,0,8,22,25,22,5362},{104,0,1,22,25,22,5437},{105,0,1,9,25,9,5512},{106,0,1,9,32,9,5562},{107,0,1,20,25,19,5626},{108,0,1,9,25,9,5701},{109,0,8,31,18,31,5751},{110,0,8,22,18,22,5823},{111,0,8,21,18,21,5877},{112,0,8,22,25,22,5931},{113,0,8,22,25,22,6006},{114,0,8,18,18,18,6081},{115,0,8,20,18,20,6135},{116,0,2,18,24,18,6189},{117,0,8,22,18,22,6261},{118,0,8,19,18,19,6315},{119,0,8,28,18,28,6369},{120,0,8,20,18,20,6441},{121,0,8,19,25,19,6495},{122,0,8,20,18,20,6570},{123,0,0,14,33,14,6624},{124,0,0,10,33,10,6690},{125,0,0,14,33,14,6756},{126,0,12,21,14,21,6822},{176,0,1,15,25,15,6864}};
const BitmapFont font35={font35Bits,font35Glyphs,96};
const uint8_t font60Bits[] = {
  0x00,0x00,0x00,0x07,0xf8,0x00,0x07,0xf8,0x00,0x07,0xf0,0x00,0x07,0xf0,0x00,0x07,0xf0,0x00,0x07,0xf0,0x00,0x07,0xf0,0x00,
  0x07,0xf0,0x00,0x07,0xf0,0x00,0x07,0xf0,0x00,0x07,0xf0,0x00,0x03,0xf0,0x00,0x03,0xf0,0x00,0x03,0xe0,0x00,0x03,0xe0,0x00,
  0x03,0xe0,0x00,0x03,0xe0,0x00,0x03,0xe0,0x00,0x03,0xe0,0x00,0x03,0xe0,0x00,0x03,0xe0,0x00,0x03,0xe0,0x00,0x01,0xe0,0x00,
  0x01,0xe0,0x00,0x01,0xc0,0x00,0x01,0xc0,0x00,0x00,0x00,0x00,0x00,0x00,0x00,0x00,0x00,0x00,0x00,0x00,0x00,0x00,0x00,0x00,
  0x00,0x00,0x00,0x00,0x00,0x00,0x0f,0xf8,0x00,0x0f,0xf8,0x00,0x0f,0xf8,0x00,0x0f,0xf8,0x00,0x0f,0xf8,0x00,0x0f,0xf8,0x00,
  0x0f,0xf8,0x00,0x0f,0xf8,0x00,0x0f,0xf8,0x00,0x07,0xf8,0x7f,0x80,0x07,0xf8,0x7f,0x80,0x07,0xf8,0x7f,0x80,0x07,0xf8,0x7f,
  0x80,0x07,0xf8,0x7f,0x80,0x07,0xf8,0x7f,0x80,0x07,0xf8,0x7f,0x80,0x07,0xf0,0x7f,0x00,0x07,0xf0,0x7f,0x00,0x07,0xf0,0x7f,
  0x00,0x07,0xf0,0x7f,0x00,0x03,0xf0,0x3f,0x00,0x03,0xf0,0x3f,0x00,0x03,0xf0,0x3f,0x00,0x03,0xe0,0x3e,0x00,0x03,0xe0,0x3e,
  0x00,0x03,0xe0,0x3e,0x00,0x03,0xe0,0x3e,0x00,0x01,0xe0,0x1e,0x00,0x01,0xe0,0x1e,0x00,0x00,0x00,0x00,0x00,0x00,0x00,0x00,
  0x00,0x00,0x00,0x00,0x00,0x00,0x00,0x00,0x00,0x00,0x00,0x00,0x00,0x00,0x00,0x00,0x00,0x00,0x00,0x00,0x00,0x00,0x00,0x00,
  0x00,0x00,0x00,0x00,0x00,0x00,0x00,0x00,0x00,0x00,0x00,0x00,0x00,0x00,0x00,0x00,0x00,0x00,0x00,0x00,0x00,0x00,0x00,0x00,
  0x00,0x00,0x00,0x00,0x00,0x00,0x00,0x00,0x00,0x00,0x00,0x00,0x00,0x00,0x00,0x00,0x00,0x00,0x00,0x00,0x00,0x00,0x00,0x00,
  0x00,0x00,0x00,0x00,0x00,0x00,0x00,0x00,0x00,0x00,0x00,0xf8,0x01,0xf8,0x00,0x00,0x00,0xf8,0x01,0xf0,0x00,0x00,0x01,0xf8,
  0x01,0xf0,0x00,0x00,0x01,0xf0,0x01,0xf0,0x00,0x00,0x01,0xf0,0x01,0xf0,0x00,0x00,0x01,0xf0,0x01,0xf0,0x00,0x00,0x01,0xf0,
  0x03,0xf0,0x00,0x00,0x01,0xf0,0x03,0xe0,0x00,0x00,0x03,0xf0,0x03,0xe0,0x00,0x00,0x03,0xe0,0x03,0xe0,0x00,0x07,0xff,0xff,
  0xff,0xff,0x80,0x07,0xff,0xff,0xff,0xff,0x80,0x07,0xff,0xff,0xff,0xff,0x80,0x07,0xff,0xff,0xff,0xff,0x80,0x07,0xff,0xff,
  0xff,0xff,0x80,0x00,0x07,0xe0,0x07,0xc0,0x00,0x00,0x07,0xc0,0x07,0xc0,0x00,0x00,0x07,0xc0,0x07,0xc0,0x00,0x00,0x07,0xc0,
  0x07,0xc0,0x00,0x00,0x07,0xc0,0x07,0xc0,0x00,0x00,0x07,0xc0,0x0f,0xc0,0x00,0x00,0x07,0xc0,0x0f,0x80,0x00,0x00,0x0f,0xc0,
  0x0f,0x80,0x00,0x00,0x0f,0x80,0x0f,0x80,0x00,0x00,0x0f,0x80,0x0f,0x80,0x00,0x00,0x0f,0x80,0x0f,0x80,0x00,0x00,0x0f,0x80,
  0x0f,0x80,0x00,0x07,0xff,0xff,0xff,0xff,0x80,0x07,0xff,0xff,0xff,0xff,0x80,0x07,0xff,0xff,0xff,0xff,0x80,0x07,0xff,0xff,
  0xff,0xff,0x80,0x07,0xff,0xff,0xff,0xff,0x80,0x00,0x1f,0x00,0x1f,0x00,0x00,0x00,0x1f,0x00,0x3f,0x00,0x00,0x00,0x1f,0x00,
  0x3e,0x00,0x00,0x00,0x3f,0x00,0x3e,0x00,0x00,0x00,0x3e,0x00,0x3e,0x00,0x00,0x00,0x3e,0x00,0x3e,0x00,0x00,0x00,0x3e,0x00,
  0x3e,0x00,0x00,0x00,0x3e,0x00,0x3e,0x00,0x00,0x00,0x3e,0x00,0x7e,0x00,0x00,0x00,0x3e,0x00,0x7c,0x00,0x00,0x00,0x00,0x3f,
  0x00,0x00,0x00,0x00,0x00,0x3f,0x00,0x00,0x00,0x00,0x00,0x3f,0x00,0x00,0x00,0x00,0x00,0x3f,0x00,0x00,0x00,0x00,0x00,0x3f,
  0x00,0x00,0x00,0x00,0x00,0x3f,0x00,0x00,0x00,0x00,0x7f,0xff,0xff,0xc0,0x00,0x01,0xff,0xff,0xff,0xe0,0x00,0x03,0xff,0xff,
  0xff,0xf0,0x00,0x07,0xff,0xff,0xff,0xf8,0x00,0x07,0xff,0xff,0xff,0xf8,0x00,0x07,0xff,0xff,0xff,0xf8,0x00,0x07,0xe0,0x3f,
  0x01,0xf8,0x00,0x07,0xe0,0x3f,0x01,0xf8,0x00,0x07,0xe0,0x3f,0x01,0xf8,0x00,0x07,0xe0,0x3f,0x01,0xf8,0x00,0x07,0xe0,0x3f,
  0x01,0xf8,0x00,0x07,0xe0,0x3f,0x00,0x00,0x00,0x07,0xe0,0x3f,0x00,0x00,0x00,0x07,0xe0,0x3f,0x00,0x00,0x00,0x07,0xe0,0x3f,
  0x00,0x00,0x00,0x07,0xe0,0x3f,0x00,0x00,0x00,0x07,0xe0,0x3f,0x00,0x00,0x00,0x07,0xe0,0x3f,0x00,0x00,0x00,0x07,0xff,0xff,
  0xff,0xc0,0x00,0x07,0xff,0xff,0xff,0xe0,0x00,0x07,0xff,0xff,0xff,0xf0,0x00,0x03,0xff,0xff,0xff,0xf8,0x00,0x01,0xff,0xff,
  0xff,0xf8,0x00,0x00,0x7f,0xff,0xff,0xf8,0x00,0x00,0x00,0x3f,0x01,0xf8,0x00,0x00,0x00,0x3f,0x01,0xf8,0x00,0x00,0x00,0x3f,
  0x01,0xf8,0x00,0x00,0x00,0x3f,0x01,0xf8,0x00,0x00,0x00,0x3f,0x01,0xf8,0x00,0x00,0x00,0x3f,0x01,0xf8,0x00,0x00,0x00,0x3f,
  0x01,0xf8,0x00,0x0f,0xc0,0x3f,0x01,0xf8,0x00,0x0f,0xc0,0x3f,0x01,0xf8,0x00,0x0f,0xc0,0x3f,0x01,0xf8,0x00,0x0f,0xc0,0x3f,
  0x01,0xf8,0x00,0x0f,0xc0,0x3f,0x01,0xf8,0x00,0x0f,0xff,0xff,0xff,0xf8,0x00,0x0f,0xff,0xff,0xff,0xf8,0x00,0x07,0xff,0xff,
  0xff,0xf8,0x00,0x07,0xff,0xff,0xff,0xf0,0x00,0x03,0xff,0xff,0xff,0xe0,0x00,0x00,0xff,0xff,0xff,0xc0,0x00,0x00,0x00,0x3f,
  0x00,0x00,0x00,0x00,0x00,0x3f,0x00,0x00,0x00,0x00,0x00,0x3f,0x00,0x00,0x00,0x00,0x00,0x3f,0x00,0x00,0x00,0x00,0x00,0x3f,
  0x00,0x00,0x00,0x00,0x00,0x3f,0x00,0x00,0x00,0x00,0xff,0xe0,0x00,0x00,0x7c,0x00,0x00,0x03,0xff,0xf8,0x00,0x00,0xf8,0x00,
  0x00,0x07,0xff,0xfc,0x00,0x01,0xf8,0x00,0x00,0x07,0xff,0xfc,0x00,0x03,0xf0,0x00,0x00,0x0f,0xff,0xfe,0x00,0x03,0xe0,0x00,
  0x00,0x0f,0x80,0x3e,0x00,0x07,0xe0,0x00,0x00,0x0f,0x80,0x3e,0x00,0x0f,0xc0,0x00,0x00,0x0f,0x80,0x3e,0x00,0x0f,0x80,0x00,
  0x00,0x0f,0x80,0x3e,0x00,0x1f,0x00,0x00,0x00,0x0f,0x80,0x3e,0x00,0x3f,0x00,0x00,0x00,0x0f,0x80,0x3e,0x00,0x7e,0x00,0x00,
  0x00,0x0f,0x80,0x3e,0x00,0x7c,0x00,0x00,0x00,0x0f,0x80,0x3e,0x00,0xfc,0x00,0x00,0x00,0x0f,0x80,0x3e,0x01,0xf8,0x00,0x00,
  0x00,0x0f,0x80,0x3e,0x01,0xf0,0x00,0x00,0x00,0x0f,0x80,0x3e,0x03,0xe0,0x00,0x00,0x00,0x0f,0x80,0x3e,0x07,0xe0,0x00,0x00,
  0x00,0x0f,0xff,0xfe,0x07,0xc0,0x00,0x00,0x00,0x07,0xff,0xfc,0x0f,0x80,0x00,0x00,0x00,0x07,0xff,0xfc,0x1f,0x80,0x00,0x00,
  0x00,0x03,0xff,0xf8,0x3f,0x03,0xff,0xc0,0x00,0x00,0xff,0xe0,0x3e,0x07,0xff,0xe0,0x00,0x00,0x00,0x00,0x7c,0x0f,0xff,0xf0,
  0x00,0x00,0x00,0x00,0xfc,0x1f,0xff,0xf8,0x00,0x00,0x00,0x00,0xf8,0x1f,0xff,0xf8,0x00,0x00,0x00,0x01,0xf0,0x1f,0x00,0xf8,
  0x00,0x00,0x00,0x03,0xf0,0x1f,0x00,0xf8,0x00,0x00,0x00,0x07,0xe0,0x1f,0x00,0xf8,0x00,0x00,0x00,0x07,0xc0,0x1f,0x00,0xf8,
  0x00,0x00,0x00,0x0f,0x80,0x1f,0x00,0xf8,0x00,0x00,0x00,0x1f,0x80,0x1f,0x00,0xf8,0x00,0x00,0x00,0x1f,0x00,0x1f,0x00,0xf8,
  0x00,0x00,0x00,0x3e,0x00,0x1f,0x00,0xf8,0x00,0x00,0x00,0x7e,0x00,0x1f,0x00,0xf8,0x00,0x00,0x00,0xfc,0x00,0x1f,0x00,0xf8,
  0x00,0x00,0x00,0xf8,0x00,0x1f,0x00,0xf8,0x00,0x00,0x01,0xf0,0x00,0x1f,0x00,0xf8,0x00,0x00,0x03,0xf0,0x00,0x1f,0xff,0xf8,
  0x00,0x00,0x03,0xe0,0x00,0x1f,0xff,0xf8,0x00,0x00,0x07,0xc0,0x00,0x0f,0xff,0xf0,0x00,0x00,0x0f,0xc0,0x00,0x07,0xff,0xe0,
  0x00,0x00,0x1f,0x80,0x00,0x03,0xff,0xc0,0x00,0x00,0x1f,0xff,0xf0,0x00,0x00,0x00,0x7f,0xff,0xfc,0x00,0x00,0x00,0xff,0xff,
  0xfe,0x00,0x00,0x01,0xff,0xff,0xff,0x00,0x00,0x03,0xff,0xff,0xff,0x80,0x00,0x03,0xff,0xff,0xff,0x80,0x00,0x07,0xf8,0x00,
  0x3f,0xc0,0x00,0x07,0xe0,0x00,0x1f,0xc0,0x00,0x07,0xe0,0x00,0x0f,0xc0,0x00,0x07,0xe0,0x00,0x0f,0xc0,0x00,0x07,0xe0,0x00,
  0x0f,0xc0,0x00,0x07,0xe0,0x00,0x0f,0xc0,0x00,0x07,0xe0,0x00,0x0f,0xc0,0x00,0x07,0xe0,0x00,0x00,0x00,0x00,0x07,0xe0,0x00,
  0x00,0x00,0x00,0x07,0xe0,0x00,0x00,0x00,0x00,0x03,0xe0,0x00,0x00,0x00,0x00,0x03,0xf8,0x00,0x00,0x00,0x00,0x01,0xff,0xff,
  0xff,0xff,0xc0,0x00,0xff,0xff,0xff,0xff,0xc0,0x00,0x7f,0xff,0xff,0xff,0xc0,0x00,0xff,0xff,0xff,0xff,0xc0,0x03,0xff,0xff,
  0xff,0xff,0xc0,0x03,0xff,0xff,0xff,0xff,0xc0,0x07,0xf0,0x00,0x07,0xe0,0x00,0x07,0xe0,0x00,0x07,0xe0,0x00,0x07,0xc0,0x00,
  0x07,0xe0,0x00,0x0f,0xc0,0x00,0x07,0xe0,0x00,0x0f,0xc0,0x00,0x07,0xe0,0x00,0x0f,0xc0,0x00,0x07,0xe0,0x00,0x0f,0xc0,0x00,
  0x07,0xe0,0x00,0x0f,0xc0,0x00,0x07,0xe0,0x00,0x0f,0xc0,0x00,0x07,0xe0,0x00,0x0f,0xc0,0x00,0x07,0xe0,0x00,0x0f,0xe0,0x00,
  0x0f,0xe0,0x00,0x07,0xf0,0x00,0x1f,0xf8,0x00,0x07,0xff,0xff,0xff,0xff,0xc0,0x07,0xff,0xff,0xff,0xff,0xc0,0x03,0xff,0xff,
  0xff,0xff,0xc0,0x01,0xff,0xff,0xfe,0x7f,0xc0,0x00,0xff,0xff,0xf8,0x3f,0xc0,0x00,0x3f,0xff,0xe0,0x0f,0xc0,0x07,0xf8,0x00,
  0x07,0xf8,0x00,0x07,0xf8,0x00,0x07,0xf8,0x00,0x07,0xf8,0x00,0x07,0xf8,0x00,0x07,0xf8,0x00,0x07,0xf0,0x00,0x07,0xf0,0x00,
  0x07,0xf0,0x00,0x07,0xf0,0x00,0x03,0xf0,0x00,0x03,0xf0,0x00,0x03,0xf0,0x00,0x03,0xe0,0x00,0x03,0xe0,0x00,0x03,0xe0,0x00,
  0x03,0xe0,0x00,0x01,0xe0,0x00,0x01,0xe0,0x00,0x00,0x00,0x00,0x00,0x00,0x00,0x00,0x00,0x00,0x00,0x00,0x00,0x00,0x00,0x00,
  0x00,0x00,0x00,0x00,0x00,0x00,0x00,0x00,0x00,0x00,0x00,0x00,0x00,0x00,0x00,0x00,0x00,0x00,0x00,0x00,0x00,0x00,0x00,0x00,
  0x00,0x00,0x00,0x00,0x00,0x00,0x00,0x00,0x00,0x00,0x00,0x00,0x00,0x00,0x00,0x00,0x00,0x00,0x00,0x00,0x00,0x00,0x00,0x00,
  0x00,0x00,0x00,0x00,0x01,0xf0,0x00,0x0f,0xf0,0x00,0x3f,0xf0,0x00,0x7f,0xf0,0x00,0xff,0xf0,0x01,0xff,0xf0,0x03,0xff,0x00,
  0x03,0xfc,0x00,0x07,0xf0,0x00,0x07,0xf0,0x00,0x07,0xe0,0x00,0x0f,0xe0,0x00,0x0f,0xc0,0x00,0x0f,0xc0,0x00,0x0f,0xc0,0x00,
  0x0f,0xc0,0x00,0x0f,0xc0,0x00,0x0f,0xc0,0x00,0x0f,0xc0,0x00,0x0f,0xc0,0x00,0x0f,0xc0,0x00,0x0f,0xc0,0x00,0x0f,0xc0,0x00,
  0x0f,0xc0,0x00,0x0f,0xc0,0x00,0x0f,0xc0,0x00,0x0f,0xc0,0x00,0x0f,0xc0,0x00,0x0f,0xc0,0x00,0x0f,0xc0,0x00,0x0f,0xc0,0x00,
  0x0f,0xc0,0x00,0x0f,0xc0,0x00,0x0f,0xc0,0x00,0x0f,0xc0,0x00,0x0f,0xc0,0x00,0x0f,0xc0,0x00,0x0f,0xc0,0x00,0x0f,0xc0,0x00,
  0x0f,0xc0,0x00,0x0f,0xc0,0x00,0x0f,0xc0,0x00,0x0f,0xc0,0x00,0x0f,0xc0,0x00,0x0f,0xc0,0x00,0x0f,0xc0,0x00,0x0f,0xe0,0x00,
  0x07,0xe0,0x00,0x07,0xf0,0x00,0x07,0xf0,0x00,0x03,0xf8,0x00,0x03,0xfe,0x00,0x01,0xff,0xf0,0x00,0xff,0xf0,0x00,0x7f,0xf0,
  0x00,0x3f,0xf0,0x00,0x0f,0xf0,0x00,0x01,0xf0,0x0f,0x80,0x00,0x0f,0xe0,0x00,0x0f,0xf8,0x00,0x0f,0xfc,0x00,0x0f,0xff,0x00,
  0x0f,0xff,0x00,0x00,0xff,0x80,0x00,0x3f,0x80,0x00,0x1f,0xc0,0x00,0x0f,0xc0,0x00,0x0f,0xe0,0x00,0x07,0xe0,0x00,0x07,0xe0,
  0x00,0x07,0xe0,0x00,0x07,0xe0,0x00,0x07,0xe0,0x00,0x07,0xe0,0x00,0x07,0xe0,0x00,0x07,0xe0,0x00,0x07,0xe0,0x00,0x07,0xe0,
  0x00,0x07,0xe0,0x00,0x07,0xe0,0x00,0x07,0xe0,0x00,0x07,0xe0,0x00,0x07,0xe0,0x00,0x07,0xe0,0x00,0x07,0xe0,0x00,0x07,0xe0,
  0x00,0x07,0xe0,0x00,0x07,0xe0,0x00,0x07,0xe0,0x00,0x07,0xe0,0x00,0x07,0xe0,0x00,0x07,0xe0,0x00,0x07,0xe0,0x00,0x07,0xe0,
  0x00,0x07,0xe0,0x00,0x07,0xe0,0x00,0x07,0xe0,0x00,0x07,0xe0,0x00,0x07,0xe0,0x00,0x07,0xe0,0x00,0x07,0xe0,0x00,0x07,0xe0,
  0x00,0x07,0xe0,0x00,0x07,0xe0,0x00,0x0f,0xe0,0x00,0x0f,0xc0,0x00,0x1f,0xc0,0x00,0x3f,0x80,0x00,0xff,0x80,0x0f,0xff,0x00,
  0x0f,0xff,0x00,0x0f,0xfe,0x00,0x0f,0xf8,0x00,0x0f,0xe0,0x00,0x0f,0x80,0x00,0x00,0x03,0xe0,0x00,0x00,0x00,0x03,0xe0,0x00,
  0x00,0x00,0x03,0xe0,0x00,0x00,0x00,0x03,0xe0,0x00,0x00,0x00,0x03,0xe0,0x00,0x00,0x00,0x03,0xe0,0x00,0x00,0x04,0x03,0xe0,
  0x10,0x00,0x07,0x83,0xe0,0xf0,0x00,0x0f,0xe3,0xe3,0xf8,0x00,0x0f,0xff,0xff,0xf8,0x00,0x0f,0xff,0xff,0xf8,0x00,0x03,0xff,
  0xff,0xe0,0x00,0x00,0x7f,0xff,0x00,0x00,0x00,0x07,0xf0,0x00,0x00,0x00,0x0f,0xf8,0x00,0x00,0x00,0x1f,0xf8,0x00,0x00,0x00,
  0x1f,0x7c,0x00,0x00,0x00,0x3e,0x7e,0x00,0x00,0x00,0x7e,0x3f,0x00,0x00,0x00,0xfc,0x1f,0x80,0x00,0x00,0xf8,0x0f,0x80,0x00,
  0x00,0xf8,0x0f,0x80,0x00,0x00,0x70,0x07,0x00,0x00,0x00,0x20,0x02,0x00,0x00,0x00,0x00,0x00,0x00,0x00,0x00,0x00,0x00,0x00,
  0x00,0x00,0x00,0x00,0x00,0x00,0x00,0x00,0x00,0x00,0x00,0x00,0x00,0x00,0x00,0x00,0x00,0x00,0x00,0x00,0x00,0x00,0x00,0x00,
  0x00,0x00,0x00,0x00,0x00,0x00,0x00,0x00,0x00,0x00,0x00,0x00,0x00,0x00,0x00,0x00,0x00,0x00,0x00,0x00,0x00,0x00,0x00,0x00,
  0x00,0x00,0x00,0x00,0x00,0x00,0x00,0x00,0x00,0x00,0x00,0x00,0x00,0x00,0x00,0x00,0x00,0x00,0x00,0x00,0x00,0x00,0x00,0x00,
  0x00,0x00,0x00,0x00,0x00,0x00,0x00,0x00,0x00,0x00,0x00,0x3f,0x00,0x00,0x00,0x00,0x00,0x3f,0x00,0x00,0x00,0x00,0x00,0x3f,
  0x00,0x00,0x00,0x00,0x00,0x3f,0x00,0x00,0x00,0x00,0x00,0x3f,0x00,0x00,0x00,0x00,0x00,0x3f,0x00,0x00,0x00,0x00,0x00,0x3f,
  0x00,0x00,0x00,0x00,0x00,0x3f,0x00,0x00,0x00,0x00,0x00,0x3f,0x00,0x00,0x00,0x00,0x00,0x3f,0x00,0x00,0x00,0x00,0x00,0x3f,
  0x00,0x00,0x00,0x00,0x00,0x3f,0x00,0x00,0x00,0x00,0x00,0x3f,0x00,0x00,0x00,0x07,0xff,0xff,0xff,0xfc,0x00,0x07,0xff,0xff,
  0xff,0xfc,0x00,0x07,0xff,0xff,0xff,0xfc,0x00,0x07,0xff,0xff,0xff,0xfc,0x00,0x07,0xff,0xff,0xff,0xfc,0x00,0x07,0xff,0xff,
  0xff,0xfc,0x00,0x00,0x00,0x3f,0x00,0x00,0x00,0x00,0x00,0x3f,0x00,0x00,0x00,0x00,0x00,0x3f,0x00,0x00,0x00,0x00,0x00,0x3f,
  0x00,0x00,0x00,0x00,0x00,0x3f,0x00,0x00,0x00,0x00,0x00,0x3f,0x00,0x00,0x00,0x00,0x00,0x3f,0x00,0x00,0x00,0x00,0x00,0x3f,
  0x00,0x00,0x00,0x00,0x00,0x3f,0x00,0x00,0x00,0x00,0x00,0x3f,0x00,0x00,0x00,0x00,0x00,0x3f,0x00,0x00,0x00,0x00,0x00,0x3f,
  0x00,0x00,0x00,0x00,0x00,0x3f,0x00,0x00,0x00,0x00,0x00,0x00,0x00,0x00,0x00,0x07,0xfc,0x00,0x07,0xfc,0x00,0x07,0xfc,0x00,
  0x07,0xfc,0x00,0x07,0xfc,0x00,0x07,0xfc,0x00,0x07,0xfc,0x00,0x07,0xfc,0x00,0x07,0xfc,0x00,0x00,0x78,0x00,0x00,0xf8,0x00,
  0x00,0xf0,0x00,0x01,0xf0,0x00,0x01,0xe0,0x00,0x03,0xe0,0x00,0x03,0xc0,0x00,0x03,0xc0,0x00,0x07,0x80,0x00,0x07,0xff,0xe0,
  0x07,0xff,0xe0,0x07,0xff,0xe0,0x07,0xff,0xe0,0x07,0xff,0xe0,0x07,0xff,0xe0,0x00,0x00,0x00,0x00,0x00,0x00,0x00,0x00,0x00,
  0x00,0x00,0x00,0x00,0x00,0x00,0x00,0x00,0x00,0x00,0x00,0x00,0x00,0x00,0x00,0x00,0x00,0x00,0x00,0x00,0x00,0x00,0x00,0x00,
  0x00,0x00,0x00,0x00,0x00,0x00,0x00,0x00,0x00,0x07,0xfc,0x00,0x07,0xfc,0x00,0x07,0xfc,0x00,0x07,0xfc,0x00,0x07,0xfc,0x00,
  0x07,0xfc,0x00,0x07,0xfc,0x00,0x07,0xfc,0x00,0x07,0xfc,0x00,0x00,0x00,0x3f,0x00,0x00,0x00,0x3f,0x00,0x00,0x00,0x7e,0x00,
  0x00,0x00,0x7e,0x00,0x00,0x00,0x7e,0x00,0x00,0x00,0xfc,0x00,0x00,0x00,0xfc,0x00,0x00,0x00,0xfc,0x00,0x00,0x01,0xf8,0x00,
  0x00,0x01,0xf8,0x00,0x00,0x01,0xf8,0x00,0x00,0x03,0xf0,0x00,0x00,0x03,0xf0,0x00,0x00,0x03,0xf0,0x00,0x00,0x03,0xe0,0x00,
  0x00,0x07,0xe0,0x00,0x00,0x07,0xe0,0x00,0x00,0x07,0xc0,0x00,0x00,0x0f,0xc0,0x00,0x00,0x0f,0xc0,0x00,0x00,0x0f,0x80,0x00,
  0x00,0x1f,0x80,0x00,0x00,0x1f,0x80,0x00,0x00,0x1f,0x00,0x00,0x00,0x3f,0x00,0x00,0x00,0x3f,0x00,0x00,0x00,0x3e,0x00,0x00,
  0x00,0x7e,0x00,0x00,0x00,0x7c,0x00,0x00,0x00,0x7c,0x00,0x00,0x00,0xfc,0x00,0x00,0x00,0xf8,0x00,0x00,0x00,0xf8,0x00,0x00,
  0x01,0xf8,0x00,0x00,0x01,0xf0,0x00,0x00,0x01,0xf0,0x00,0x00,0x03,0xf0,0x00,0x00,0x03,0xe0,0x00,0x00,0x03,0xe0,0x00,0x00,
  0x07,0xe0,0x00,0x00,0x07,0xc0,0x00,0x00,0x07,0xc0,0x00,0x00,0x0f,0xc0,0x00,0x00,0x0f,0x80,0x00,0x00,0x0f,0x80,0x00,0x00,
  0x1f,0x80,0x00,0x00,0x1f,0x00,0x00,0x00,0x1f,0x00,0x00,0x00,0x00,0x7f,0xff,0xff,0xe0,0x00,0x01,0xff,0xff,0xff,0xf0,0x00,
  0x01,0xff,0xff,0xff,0xf8,0x00,0x03,0xff,0xff,0xff,0xfc,0x00,0x03,0xff,0xff,0xff,0xfc,0x00,0x07,0xff,0xff,0xff,0xfc,0x00,
  0x07,0xe0,0x00,0x00,0xfc,0x00,0x07,0xe0,0x00,0x00,0xfc,0x00,0x07,0xe0,0x00,0x00,0xfc,0x00,0x07,0xe0,0x00,0x00,0xfc,0x00,
  0x07,0xe0,0x00,0x00,0xfc,0x00,0x07,0xe0,0x00,0x00,0xfc,0x00,0x07,0xe0,0x00,0x00,0xfc,0x00,0x07,0xe0,0x00,0x00,0xfc,0x00,
  0x07,0xe0,0x00,0x00,0xfc,0x00,0x07,0xe0,0x00,0x00,0xfc,0x00,0x07,0xe0,0x00,0x00,0xfc,0x00,0x07,0xe0,0x00,0x00,0xfc,0x00,
  0x07,0xe0,0x00,0x00,0xfc,0x00,0x07,0xe0,0x00,0x00,0xfc,0x00,0x07,0xe0,0x00,0x00,0xfc,0x00,0x07,0xe0,0x00,0x00,0xfc,0x00,
  0x07,0xe0,0x00,0x00,0xfc,0x00,0x07,0xe0,0x00,0x00,0xfc,0x00,0x07,0xe0,0x00,0x00,0xfc,0x00,0x07,0xe0,0x00,0x00,0xfc,0x00,
  0x07,0xe0,0x00,0x00,0xfc,0x00,0x07,0xe0,0x00,0x00,0xfc,0x00,0x07,0xe0,0x00,0x00,0xfc,0x00,0x07,0xe0,0x00,0x00,0xfc,0x00,
  0x07,0xe0,0x00,0x00,0xfc,0x00,0x07,0xe0,0x00,0x00,0xfc,0x00,0x07,0xe0,0x00,0x00,0xfc,0x00,0x07,0xe0,0x00,0x00,0xfc,0x00,
  0x07,0xe0,0x00,0x00,0xfc,0x00,0x07,0xe0,0x00,0x00,0xfc,0x00,0x07,0xff,0xff,0xff,0xfc,0x00,0x03,0xff,0xff,0xff,0xfc,0x00,
  0x03,0xff,0xff,0xff,0xfc,0x00,0x01,0xff,0xff,0xff,0xf8,0x00,0x01,0xff,0xff,0xff,0xf0,0x00,0x00,0x7f,0xff,0xff,0xe0,0x00,
  0x3f,0xfe,0x00,0x3f,0xfe,0x00,0x3f,0xfe,0x00,0x3f,0xfe,0x00,0x3f,0xfe,0x00,0x3f,0xfe,0x00,0x00,0x7e,0x00,0x00,0x7e,0x00,
  0x00,0x7e,0x00,0x00,0x7e,0x00,0x00,0x7e,0x00,0x00,0x7e,0x00,0x00,0x7e,0x00,0x00,0x7e,0x00,0x00,0x7e,0x00,0x00,0x7e,0x00,
  0x00,0x7e,0x00,0x00,0x7e,0x00,0x00,0x7e,0x00,0x00,0x7e,0x00,0x00,0x7e,0x00,0x00,0x7e,0x00,0x00,0x7e,0x00,0x00,0x7e,0x00,
  0x00,0x7e,0x00,0x00,0x7e,0x00,0x00,0x7e,0x00,0x00,0x7e,0x00,0x00,0x7e,0x00,0x00,0x7e,0x00,0x00,0x7e,0x00,0x00,0x7e,0x00,
  0x00,0x7e,0x00,0x00,0x7e,0x00,0x00,0x7e,0x00,0x00,0x7e,0x00,0x00,0x7e,0x00,0x00,0x7e,0x00,0x00,0x7e,0x00,0x00,0x7e,0x00,
  0x00,0x7e,0x00,0x00,0x7e,0x00,0x00,0xff,0xff,0xff,0x00,0x00,0x01,0xff,0xff,0xff,0xc0,0x00,0x03,0xff,0xff,0xff,0xe0,0x00,
  0x07,0xff,0xff,0xff,0xe0,0x00,0x07,0xff,0xff,0xff,0xf0,0x00,0x07,0xff,0xff,0xff,0xf0,0x00,0x07,0xe0,0x00,0x03,0xf0,0x00,
  0x07,0xe0,0x00,0x03,0xf0,0x00,0x07,0xe0,0x00,0x03,0xf0,0x00,0x07,0xe0,0x00,0x03,0xf0,0x00,0x07,0xe0,0x00,0x03,0xf0,0x00,
  0x00,0x00,0x00,0x03,0xf0,0x00,0x00,0x00,0x00,0x03,0xf0,0x00,0x00,0x00,0x00,0x03,0xf0,0x00,0x00,0x00,0x00,0x03,0xf0,0x00,
  0x00,0x00,0x00,0x0f,0xf0,0x00,0x00,0x00,0x00,0x3f,0xe0,0x00,0x00,0x00,0x00,0xff,0xe0,0x00,0x00,0x00,0x03,0xff,0xc0,0x00,
  0x00,0x00,0x0f,0xff,0x80,0x00,0x00,0x00,0x7f,0xfe,0x00,0x00,0x00,0x01,0xff,0xf8,0x00,0x00,0x00,0x07,0xff,0xe0,0x00,0x00,
  0x00,0x1f,0xff,0x80,0x00,0x00,0x00,0x7f,0xfc,0x00,0x00,0x00,0x01,0xff,0xf0,0x00,0x00,0x00,0x03,0xff,0xc0,0x00,0x00,0x00,
  0x03,0xff,0x00,0x00,0x00,0x00,0x07,0xfc,0x00,0x00,0x00,0x00,0x07,0xf0,0x00,0x00,0x00,0x00,0x07,0xe0,0x00,0x00,0x00,0x00,
  0x07,0xe0,0x00,0x01,0xf8,0x00,0x07,0xe0,0x00,0x01,0xf8,0x00,0x07,0xe0,0x00,0x01,0xf8,0x00,0x07,0xe0,0x00,0x01,0xf8,0x00,
  0x07,0xe0,0x00,0x01,0xf8,0x00,0x07,0xff,0xff,0xff,0xf8,0x00,0x07,0xff,0xff,0xff,0xf8,0x00,0x07,0xff,0xff,0xff,0xf8,0x00,
  0x07,0xff,0xff,0xff,0xf8,0x00,0x07,0xff,0xff,0xff,0xf8,0x00,0x07,0xff,0xff,0xff,0xf8,0x00,0x00,0x3f,0xff,0xf8,0x00,0x00,
  0xff,0xff,0xfe,0x00,0x03,0xff,0xff,0xff,0x80,0x07,0xff,0xff,0xff,0x80,0x07,0xff,0xff,0xff,0xc0,0x0f,0xff,0xff,0xff,0xe0,
  0x0f,0xe0,0x00,0x1f,0xe0,0x0f,0xc0,0x00,0x07,0xe0,0x0f,0xc0,0x00,0x07,0xe0,0x0f,0xc0,0x00,0x07,0xe0,0x0f,0xc0,0x00,0x07,
  0xe0,0x0f,0xc0,0x00,0x07,0xe0,0x0f,0x80,0x00,0x07,0xe0,0x00,0x00,0x00,0x07,0xe0,0x00,0x00,0x00,0x07,0xe0,0x00,0x00,0x00,
  0x07,0xe0,0x00,0x00,0x00,0x07,0xc0,0x00,0x00,0x00,0x0f,0xc0,0x00,0x07,0xff,0xff,0x80,0x00,0x07,0xff,0xff,0x00,0x00,0x07,
  0xff,0xfe,0x00,0x00,0x07,0xff,0xff,0x80,0x00,0x07,0xff,0xff,0xc0,0x00,0x07,0xff,0xff,0xc0,0x00,0x00,0x00,0x0f,0xe0,0x00,
  0x00,0x00,0x07,0xe0,0x00,0x00,0x00,0x03,0xf0,0x00,0x00,0x00,0x03,0xf0,0x00,0x00,0x00,0x03,0xf0,0x1f,0x80,0x00,0x03,0xf0,
  0x1f,0x80,0x00,0x03,0xf0,0x1f,0x80,0x00,0x03,0xf0,0x1f,0x80,0x00,0x03,0xf0,0x1f,0x80,0x00,0x03,0xf0,0x1f,0xc0,0x00,0x07,
  0xf0,0x1f,0xe0,0x00,0x0f,0xe0,0x0f,0xff,0xff,0xff,0xe0,0x0f,0xff,0xff,0xff,0xe0,0x07,0xff,0xff,0xff,0xc0,0x03,0xff,0xff,
  0xff,0x80,0x01,0xff,0xff,0xff,0x00,0x00,0x7f,0xff,0xfc,0x00,0x00,0x00,0x03,0xf8,0x00,0x00,0x00,0x07,0xf8,0x00,0x00,0x00,
  0x0f,0xf8,0x00,0x00,0x00,0x1f,0xf8,0x00,0x00,0x00,0x1f,0xf8,0x00,0x00,0x00,0x3f,0xf8,0x00,0x00,0x00,0x7f,0xf8,0x00,0x00,
  0x00,0xff,0xf8,0x00,0x00,0x01,0xfd,0xf8,0x00,0x00,0x01,0xf9,0xf8,0x00,0x00,0x03,0xf9,0xf8,0x00,0x00,0x07,0xf1,0xf8,0x00,
  0x00,0x0f,0xe1,0xf8,0x00,0x00,0x0f,0xc1,0xf8,0x00,0x00,0x1f,0xc1,0xf8,0x00,0x00,0x3f,0x81,0xf8,0x00,0x00,0x7f,0x01,0xf8,
  0x00,0x00,0x7e,0x01,0xf8,0x00,0x00,0xfe,0x01,0xf8,0x00,0x01,0xfc,0x01,0xf8,0x00,0x03,0xf8,0x01,0xf8,0x00,0x03,0xf0,0x01,
  0xf8,0x00,0x07,0xf0,0x01,0xf8,0x00,0x0f,0xe0,0x01,0xf8,0x00,0x1f,0xc0,0x01,0xf8,0x00,0x1f,0x80,0x01,0xf8,0x00,0x3f,0x80,
  0x01,0xf8,0x00,0x7f,0xff,0xff,0xff,0xe0,0x7f,0xff,0xff,0xff,0xe0,0x7f,0xff,0xff,0xff,0xe0,0x7f,0xff,0xff,0xff,0xe0,0x7f,
  0xff,0xff,0xff,0xe0,0x7f,0xff,0xff,0xff,0xe0,0x00,0x00,0x01,0xf8,0x00,0x00,0x00,0x01,0xf8,0x00,0x00,0x00,0x01,0xf8,0x00,
  0x00,0x00,0x01,0xf8,0x00,0x00,0x00,0x01,0xf8,0x00,0x00,0x00,0x01,0xf8,0x00,0x00,0x00,0x01,0xf8,0x00,0x00,0x00,0x01,0xf8,
  0x00,0x00,0x00,0x01,0xf8,0x00,0x0f,0xff,0xff,0xff,0xc0,0x0f,0xff,0xff,0xff,0xc0,0x0f,0xff,0xff,0xff,0xc0,0x0f,0xff,0xff,
  0xff,0xc0,0x0f,0xff,0xff,0xff,0xc0,0x0f,0xff,0xff,0xff,0xc0,0x0f,0xc0,0x00,0x00,0x00,0x0f,0xc0,0x00,0x00,0x00,0x0f,0xc0,
  0x00,0x00,0x00,0x0f,0xc0,0x00,0x00,0x00,0x0f,0xc0,0x00,0x00,0x00,0x0f,0xc0,0x00,0x00,0x00,0x0f,0xc0,0x00,0x00,0x00,0x0f,
  0xc0,0x00,0x00,0x00,0x0f,0xc0,0x00,0x00,0x00,0x0f,0xff,0xff,0xf0,0x00,0x0f,0xff,0xff,0xfe,0x00,0x0f,0xff,0xff,0xff,0x00,
  0x0f,0xff,0xff,0xff,0x80,0x0f,0xff,0xff,0xff,0x80,0x0f,0xff,0xff,0xff,0xc0,0x00,0x00,0x00,0x1f,0xc0,0x00,0x00,0x00,0x0f,
  0xc0,0x00,0x00,0x00,0x0f,0xe0,0x00,0x00,0x00,0x07,0xe0,0x00,0x00,0x00,0x07,0xe0,0x00,0x00,0x00,0x07,0xe0,0x00,0x00,0x00,
  0x07,0xe0,0x00,0x00,0x00,0x07,0xe0,0x1f,0x80,0x00,0x07,0xe0,0x1f,0x80,0x00,0x07,0xe0,0x1f,0x80,0x00,0x07,0xe0,0x1f,0x80,
  0x00,0x07,0xe0,0x1f,0x80,0x00,0x0f,0xe0,0x1f,0xc0,0x00,0x0f,0xc0,0x1f,0xe0,0x00,0x1f,0xc0,0x0f,0xff,0xff,0xff,0xc0,0x0f,
  0xff,0xff,0xff,0x80,0x07,0xff,0xff,0xff,0x80,0x03,0xff,0xff,0xff,0x00,0x01,0xff,0xff,0xfe,0x00,0x00,0x7f,0xff,0xf0,0x00,
  0x00,0x7f,0xff,0xff,0x80,0x00,0x01,0xff,0xff,0xff,0xe0,0x00,0x01,0xff,0xff,0xff,0xe0,0x00,0x03,0xff,0xff,0xff,0xf0,0x00,
  0x03,0xff,0xff,0xff,0xf0,0x00,0x07,0xff,0xff,0xff,0xf8,0x00,0x07,0xe0,0x00,0x01,0xf8,0x00,0x07,0xe0,0x00,0x01,0xf8,0x00,
  0x07,0xe0,0x00,0x01,0xf8,0x00,0x07,0xe0,0x00,0x01,0xf8,0x00,0x07,0xe0,0x00,0x01,0xf8,0x00,0x07,0xe0,0x00,0x00,0x00,0x00,
  0x07,0xe0,0x00,0x00,0x00,0x00,0x07,0xe0,0x00,0x00,0x00,0x00,0x07,0xe0,0x00,0x00,0x00,0x00,0x07,0xe0,0x00,0x00,0x00,0x00,
  0x07,0xe0,0x00,0x00,0x00,0x00,0x07,0xe0,0x00,0x00,0x00,0x00,0x07,0xff,0xff,0xff,0x80,0x00,0x07,0xff,0xff,0xff,0xe0,0x00,
  0x07,0xff,0xff,0xff,0xe0,0x00,0x07,0xff,0xff,0xff,0xf0,0x00,0x07,0xff,0xff,0xff,0xf0,0x00,0x07,0xff,0xff,0xff,0xf8,0x00,
  0x07,0xe0,0x00,0x01,0xf8,0x00,0x07,0xe0,0x00,0x01,0xf8,0x00,0x07,0xe0,0x00,0x01,0xf8,0x00,0x07,0xe0,0x00,0x01,0xf8,0x00,
  0x07,0xe0,0x00,0x01,0xf8,0x00,0x07,0xe0,0x00,0x01,0xf8,0x00,0x07,0xe0,0x00,0x01,0xf8,0x00,0x07,0xe0,0x00,0x01,0xf8,0x00,
  0x07,0xe0,0x00,0x01,0xf8,0x00,0x07,0xe0,0x00,0x01,0xf8,0x00,0x07,0xe0,0x00,0x01,0xf8,0x00,0x07,0xe0,0x00,0x01,0xf8,0x00,
  0x07,0xff,0xff,0xff,0xf8,0x00,0x03,0xff,0xff,0xff,0xf0,0x00,0x03,0xff,0xff,0xff,0xf0,0x00,0x01,0xff,0xff,0xff,0xe0,0x00,
  0x01,0xff,0xff,0xff,0xe0,0x00,0x00,0x7f,0xff,0xff,0x80,0x00,0x3f,0xff,0xff,0xff,0xe0,0x3f,0xff,0xff,0xff,0xe0,0x3f,0xff,
  0xff,0xff,0xc0,0x3f,0xff,0xff,0xff,0xc0,0x3f,0xff,0xff,0xff,0x80,0x3f,0xff,0xff,0xff,0x80,0x00,0x00,0x00,0x3f,0x00,0x00,
  0x00,0x00,0x7f,0x00,0x00,0x00,0x00,0x7e,0x00,0x00,0x00,0x00,0xfe,0x00,0x00,0x00,0x00,0xfc,0x00,0x00,0x00,0x01,0xfc,0x00,
  0x00,0x00,0x03,0xf8,0x00,0x00,0x00,0x03,0xf8,0x00,0x00,0x00,0x07,0xf0,0x00,0x00,0x00,0x07,0xf0,0x00,0x00,0x00,0x0f,0xe0,
  0x00,0x00,0x00,0x0f,0xe0,0x00,0x00,0x00,0x1f,0xc0,0x00,0x00,0x00,0x1f,0xc0,0x00,0x00,0x00,0x3f,0x80,0x00,0x00,0x00,0x3f,
  0x80,0x00,0x00,0x00,0x7f,0x00,0x00,0x00,0x00,0x7f,0x00,0x00,0x00,0x00,0xfe,0x00,0x00,0x00,0x00,0xfe,0x00,0x00,0x00,0x01,
  0xfc,0x00,0x00,0x00,0x01,0xf8,0x00,0x00,0x00,0x03,0xf8,0x00,0x00,0x00,0x03,0xf0,0x00,0x00,0x00,0x07,0xf0,0x00,0x00,0x00,
  0x07,0xe0,0x00,0x00,0x00,0x0f,0xe0,0x00,0x00,0x00,0x1f,0xc0,0x00,0x00,0x00,0x1f,0xc0,0x00,0x00,0x00,0x3f,0x80,0x00,0x00,
  0x00,0x3f,0x80,0x00,0x00,0x00,0x7f,0x00,0x00,0x00,0x00,0x7f,0x00,0x00,0x00,0x00,0xfe,0x00,0x00,0x00,0x00,0xfe,0x00,0x00,
  0x00,0x01,0xfc,0x00,0x00,0x00,0x00,0x1f,0xff,0xfc,0x00,0x00,0x00,0x7f,0xff,0xff,0x00,0x00,0x00,0xff,0xff,0xff,0xc0,0x00,
  0x01,0xff,0xff,0xff,0xe0,0x00,0x03,0xff,0xff,0xff,0xe0,0x00,0x03,0xff,0xff,0xff,0xf0,0x00,0x07,0xf8,0x00,0x07,0xf0,0x00,
  0x07,0xe0,0x00,0x03,0xf0,0x00,0x07,0xe0,0x00,0x03,0xf0,0x00,0x07,0xe0,0x00,0x01,0xf0,0x00,0x07,0xe0,0x00,0x01,0xf0,0x00,
  0x07,0xe0,0x00,0x01,0xf0,0x00,0x07,0xe0,0x00,0x01,0xf0,0x00,0x07,0xe0,0x00,0x01,0xf0,0x00,0x07,0xe0,0x00,0x01,0xf0,0x00,
  0x07,0xe0,0x00,0x03,0xf0,0x00,0x03,0xe0,0x00,0x03,0xe0,0x00,0x03,0xf8,0x00,0x07,0xe0,0x00,0x01,0xff,0xff,0xff,0xc0,0x00,
  0x00,0xff,0xff,0xff,0x80,0x00,0x00,0x7f,0xff,0xff,0x00,0x00,0x00,0xff,0xff,0xff,0xc0,0x00,0x03,0xff,0xff,0xff,0xe0,0x00,
  0x03,0xff,0xff,0xff,0xf0,0x00,0x07,0xf0,0x00,0x07,0xf0,0x00,0x07,0xe0,0x00,0x03,0xf0,0x00,0x07,0xc0,0x00,0x01,0xf8,0x00,
  0x0f,0xc0,0x00,0x01,0xf8,0x00,0x0f,0xc0,0x00,0x01,0xf8,0x00,0x0f,0xc0,0x00,0x01,0xf8,0x00,0x0f,0xc0,0x00,0x01,0xf8,0x00,
  0x0f,0xc0,0x00,0x01,0xf8,0x00,0x0f,0xc0,0x00,0x01,0xf8,0x00,0x0f,0xc0,0x00,0x01,0xf8,0x00,0x0f,0xe0,0x00,0x03,0xf8,0x00,
  0x07,0xf0,0x00,0x07,0xf8,0x00,0x07,0xff,0xff,0xff,0xf0,0x00,0x07,0xff,0xff,0xff,0xf0,0x00,0x03,0xff,0xff,0xff,0xe0,0x00,
  0x01,0xff,0xff,0xff,0xc0,0x00,0x00,0xff,0xff,0xff,0x80,0x00,0x00,0x3f,0xff,0xfe,0x00,0x00,0x00,0x7f,0xff,0xff,0x80,0x00,
  0x01,0xff,0xff,0xff,0xc0,0x00,0x01,0xff,0xff,0xff,0xe0,0x00,0x03,0xff,0xff,0xff,0xf0,0x00,0x03,0xff,0xff,0xff,0xf0,0x00,
  0x07,0xff,0xff,0xff,0xf8,0x00,0x07,0xe0,0x00,0x01,0xf8,0x00,0x07,0xe0,0x00,0x01,0xf8,0x00,0x07,0xe0,0x00,0x01,0xf8,0x00,
  0x07,0xe0,0x00,0x01,0xf8,0x00,0x07,0xe0,0x00,0x01,0xf8,0x00,0x07,0xe0,0x00,0x01,0xf8,0x00,0x07,0xe0,0x00,0x01,0xf8,0x00,
  0x07,0xe0,0x00,0x01,0xf8,0x00,0x07,0xe0,0x00,0x01,0xf8,0x00,0x07,0xe0,0x00,0x01,0xf8,0x00,0x07,0xe0,0x00,0x01,0xf8,0x00,
  0x07,0xe0,0x00,0x01,0xf8,0x00,0x07,0xff,0xff,0xff,0xf8,0x00,0x03,0xff,0xff,0xff,0xf8,0x00,0x03,0xff,0xff,0xff,0xf8,0x00,
  0x01,0xff,0xff,0xff,0xf8,0x00,0x01,0xff,0xff,0xff,0xf8,0x00,0x00,0x7f,0xff,0xff,0xf8,0x00,0x00,0x00,0x00,0x01,0xf8,0x00,
  0x00,0x00,0x00,0x01,0xf8,0x00,0x00,0x00,0x00,0x01,0xf8,0x00,0x00,0x00,0x00,0x01,0xf8,0x00,0x00,0x00,0x00,0x01,0xf8,0x00,
  0x00,0x00,0x00,0x01,0xf8,0x00,0x00,0x00,0x00,0x01,0xf8,0x00,0x07,0xe0,0x00,0x01,0xf8,0x00,0x07,0xe0,0x00,0x01,0xf8,0x00,
  0x07,0xe0,0x00,0x01,0xf8,0x00,0x07,0xe0,0x00,0x01,0xf8,0x00,0x07,0xe0,0x00,0x01,0xf8,0x00,0x07,0xff,0xff,0xff,0xf8,0x00,
  0x03,0xff,0xff,0xff,0xf0,0x00,0x03,0xff,0xff,0xff,0xf0,0x00,0x03,0xff,0xff,0xff,0xe0,0x00,0x01,0xff,0xff,0xff,0xe0,0x00,
  0x00,0x7f,0xff,0xff,0x80,0x00,0x07,0xfc,0x00,0x07,0xfc,0x00,0x07,0xfc,0x00,0x07,0xfc,0x00,0x07,0xfc,0x00,0x07,0xfc,0x00,
  0x07,0xfc,0x00,0x07,0xfc,0x00,0x07,0xfc,0x00,0x00,0x00,0x00,0x00,0x00,0x00,0x00,0x00,0x00,0x00,0x00,0x00,0x00,0x00,0x00,
  0x00,0x00,0x00,0x00,0x00,0x00,0x00,0x00,0x00,0x00,0x00,0x00,0x00,0x00,0x00,0x00,0x00,0x00,0x00,0x00,0x00,0x00,0x00,0x00,
  0x07,0xfc,0x00,0x07,0xfc,0x00,0x07,0xfc,0x00,0x07,0xfc,0x00,0x07,0xfc,0x00,0x07,0xfc,0x00,0x07,0xfc,0x00,0x07,0xfc,0x00,
  0x07,0xfc,0x00,0x07,0xfc,0x00,0x07,0xfc,0x00,0x07,0xfc,0x00,0x07,0xfc,0x00,0x07,0xfc,0x00,0x07,0xfc,0x00,0x07,0xfc,0x00,
  0x07,0xfc,0x00,0x07,0xfc,0x00,0x00,0x00,0x00,0x00,0x00,0x00,0x00,0x00,0x00,0x00,0x00,0x00,0x00,0x00,0x00,0x00,0x00,0x00,
  0x00,0x00,0x00,0x00,0x00,0x00,0x00,0x00,0x00,0x00,0x00,0x00,0x00,0x00,0x00,0x00,0x00,0x00,0x00,0x00,0x00,0x07,0xfc,0x00,
  0x07,0xfc,0x00,0x07,0xfc,0x00,0x07,0xfc,0x00,0x07,0xfc,0x00,0x07,0xfc,0x00,0x07,0xfc,0x00,0x07,0xfc,0x00,0x07,0xfc,0x00,
  0x00,0x78,0x00,0x00,0xf8,0x00,0x00,0xf0,0x00,0x01,0xf0,0x00,0x01,0xe0,0x00,0x03,0xe0,0x00,0x03,0xc0,0x00,0x03,0xc0,0x00,
  0x07,0x80,0x00,0x00,0x00,0x00,0x00,0x20,0x00,0x00,0x00,0x00,0xe0,0x00,0x00,0x00,0x07,0xe0,0x00,0x00,0x00,0x1f,0xe0,0x00,
  0x00,0x00,0x7f,0xe0,0x00,0x00,0x03,0xff,0xe0,0x00,0x00,0x0f,0xff,0xc0,0x00,0x00,0x3f,0xff,0x00,0x00,0x01,0xff,0xf8,0x00,
  0x00,0x07,0xff,0xe0,0x00,0x00,0x3f,0xff,0x00,0x00,0x00,0xff,0xfc,0x00,0x00,0x03,0xff,0xf0,0x00,0x00,0x1f,0xff,0x80,0x00,
  0x00,0x3f,0xfe,0x00,0x00,0x00,0x3f,0xf8,0x00,0x00,0x00,0x3f,0xc0,0x00,0x00,0x00,0x3f,0xc0,0x00,0x00,0x00,0x3f,0xf0,0x00,
  0x00,0x00,0x3f,0xfe,0x00,0x00,0x00,0x1f,0xff,0x80,0x00,0x00,0x03,0xff,0xf0,0x00,0x00,0x00,0xff,0xfc,0x00,0x00,0x00,0x3f,
  0xff,0x00,0x00,0x00,0x07,0xff,0xe0,0x00,0x00,0x01,0xff,0xf8,0x00,0x00,0x00,0x3f,0xff,0x00,0x00,0x00,0x0f,0xff,0xc0,0x00,
  0x00,0x03,0xff,0xe0,0x00,0x00,0x00,0x7f,0xe0,0x00,0x00,0x00,0x1f,0xe0,0x00,0x00,0x00,0x07,0xe0,0x00,0x00,0x00,0x00,0xe0,
  0x00,0x00,0x00,0x00,0x20,0x07,0xff,0xff,0xff,0xfc,0x00,0x07,0xff,0xff,0xff,0xfc,0x00,0x07,0xff,0xff,0xff,0xfc,0x00,0x07,
  0xff,0xff,0xff,0xfc,0x00,0x07,0xff,0xff,0xff,0xfc,0x00,0x07,0xff,0xff,0xff,0xfc,0x00,0x00,0x00,0x00,0x00,0x00,0x00,0x00,
  0x00,0x00,0x00,0x00,0x00,0x00,0x00,0x00,0x00,0x00,0x00,0x00,0x00,0x00,0x00,0x00,0x00,0x00,0x00,0x00,0x00,0x00,0x00,0x00,
  0x00,0x00,0x00,0x00,0x00,0x00,0x00,0x00,0x00,0x00,0x00,0x00,0x00,0x00,0x00,0x00,0x00,0x07,0xff,0xff,0xff,0xfc,0x00,0x07,
  0xff,0xff,0xff,0xfc,0x00,0x07,0xff,0xff,0xff,0xfc,0x00,0x07,0xff,0xff,0xff,0xfc,0x00,0x07,0xff,0xff,0xff,0xfc,0x00,0x07,
  0xff,0xff,0xff,0xfc,0x00,0x00,0x00,0x00,0x00,0x00,0x00,0x00,0x00,0x00,0x00,0x00,0x00,0x00,0x00,0x00,0x00,0x00,0x00,0x00,
  0x00,0x00,0x00,0x00,0x00,0x00,0x00,0x00,0x00,0x00,0x00,0x00,0x00,0x00,0x00,0x00,0x00,0x00,0x00,0x00,0x00,0x00,0x00,0x04,
  0x00,0x00,0x00,0x00,0x07,0x00,0x00,0x00,0x00,0x07,0xe0,0x00,0x00,0x00,0x07,0xf8,0x00,0x00,0x00,0x07,0xfe,0x00,0x00,0x00,
  0x07,0xff,0xc0,0x00,0x00,0x03,0xff,0xf0,0x00,0x00,0x00,0xff,0xfc,0x00,0x00,0x00,0x1f,0xff,0x80,0x00,0x00,0x07,0xff,0xe0,
  0x00,0x00,0x01,0xff,0xf8,0x00,0x00,0x00,0x3f,0xff,0x00,0x00,0x00,0x0f,0xff,0xc0,0x00,0x00,0x01,0xff,0xf8,0x00,0x00,0x00,
  0x7f,0xfc,0x00,0x00,0x00,0x1f,0xfc,0x00,0x00,0x00,0x03,0xfc,0x00,0x00,0x00,0x03,0xfc,0x00,0x00,0x00,0x1f,0xfc,0x00,0x00,
  0x00,0x7f,0xfc,0x00,0x00,0x01,0xff,0xf8,0x00,0x00,0x0f,0xff,0xc0,0x00,0x00,0x3f,0xff,0x00,0x00,0x01,0xff,0xf8,0x00,0x00,
  0x07,0xff,0xe0,0x00,0x00,0x1f,0xff,0x80,0x00,0x00,0xff,0xfc,0x00,0x00,0x03,0xff,0xf0,0x00,0x00,0x07,0xff,0xc0,0x00,0x00,
  0x07,0xfe,0x00,0x00,0x00,0x07,0xf8,0x00,0x00,0x00,0x07,0xe0,0x00,0x00,0x00,0x07,0x00,0x00,0x00,0x00,0x04,0x00,0x00,0x00,
  0x00,0x01,0xff,0xff,0xc0,0x00,0x03,0xff,0xff,0xf0,0x00,0x07,0xff,0xff,0xf8,0x00,0x0f,0xff,0xff,0xf8,0x00,0x0f,0xff,0xff,
  0xfc,0x00,0x0f,0xff,0xff,0xfc,0x00,0x0f,0xc0,0x00,0xfc,0x00,0x0f,0xc0,0x00,0xfc,0x00,0x0f,0xc0,0x00,0xfc,0x00,0x0f,0xc0,
  0x00,0xfc,0x00,0x0f,0xc0,0x00,0xfc,0x00,0x00,0x00,0x00,0xfc,0x00,0x00,0x00,0x01,0xfc,0x00,0x00,0x00,0x07,0xfc,0x00,0x00,
  0x00,0x1f,0xf8,0x00,0x00,0x00,0x7f,0xf8,0x00,0x00,0x01,0xff,0xf0,0x00,0x00,0x03,0xff,0xc0,0x00,0x00,0x07,0xff,0x00,0x00,
  0x00,0x07,0xfc,0x00,0x00,0x00,0x0f,0xf0,0x00,0x00,0x00,0x0f,0xc0,0x00,0x00,0x00,0x0f,0xc0,0x00,0x00,0x00,0x0f,0xc0,0x00,
  0x00,0x00,0x0f,0xc0,0x00,0x00,0x00,0x0f,0xc0,0x00,0x00,0x00,0x00,0x00,0x00,0x00,0x00,0x00,0x00,0x00,0x00,0x00,0x00,0x00,
  0x00,0x00,0x00,0x00,0x00,0x00,0x00,0x00,0x00,0x00,0x00,0x00,0x00,0x00,0x00,0x00,0x00,0x00,0x00,0x00,0x00,0x00,0x00,0x1f,
  0xf0,0x00,0x00,0x00,0x1f,0xf0,0x00,0x00,0x00,0x1f,0xf0,0x00,0x00,0x00,0x1f,0xf0,0x00,0x00,0x00,0x1f,0xf0,0x00,0x00,0x00,
  0x1f,0xf0,0x00,0x00,0x00,0x1f,0xf0,0x00,0x00,0x00,0x1f,0xf0,0x00,0x00,0x00,0x1f,0xf0,0x00,0x00,0x00,0x00,0xff,0xff,0xff,
  0xff,0x00,0x00,0x00,0x07,0xff,0xff,0xff,0xff,0xc0,0x00,0x00,0x1f,0xff,0xff,0xff,0xff,0xf0,0x00,0x00,0x3f,0xff,0xff,0xff,
  0xff,0xfc,0x00,0x00,0x7f,0xff,0xff,0xff,0xff,0xfe,0x00,0x00,0xff,0xff,0xff,0xff,0xff,0xfe,0x00,0x00,0xff,0x80,0x00,0x00,
  0x01,0xff,0x00,0x01,0xfc,0x00,0x00,0x00,0x00,0x7f,0x80,0x01,0xf8,0x00,0x00,0x00,0x00,0x3f,0x80,0x03,0xf8,0x00,0x00,0x00,
  0x00,0x1f,0x80,0x03,0xf0,0x00,0x00,0x00,0x00,0x0f,0xc0,0x03,0xf0,0x00,0x00,0x00,0x00,0x0f,0xc0,0x03,0xe0,0x03,0xff,0xe3,
  0xf0,0x0f,0xc0,0x07,0xe0,0x07,0xff,0xf3,0xf0,0x0f,0xc0,0x07,0xe0,0x0f,0xff,0xfb,0xf0,0x0f,0xc0,0x07,0xe0,0x1f,0xff,0xff,
  0xf0,0x0f,0xc0,0x07,0xe0,0x1f,0xff,0xff,0xf0,0x0f,0xc0,0x07,0xe0,0x1f,0xff,0xff,0xf0,0x0f,0xc0,0x07,0xe0,0x1f,0x80,0x03,
  0xf0,0x0f,0xc0,0x07,0xe0,0x1f,0x80,0x03,0xf0,0x0f,0xc0,0x07,0xe0,0x1f,0x80,0x03,0xf0,0x0f,0xc0,0x07,0xe0,0x1f,0x80,0x03,
  0xf0,0x0f,0xc0,0x07,0xe0,0x1f,0x80,0x03,0xf0,0x0f,0xc0,0x07,0xe0,0x1f,0x80,0x03,0xf0,0x0f,0xc0,0x07,0xe0,0x1f,0x80,0x03,
  0xf0,0x0f,0xc0,0x07,0xe0,0x1f,0x80,0x03,0xf0,0x0f,0xc0,0x07,0xe0,0x1f,0x80,0x03,0xf0,0x0f,0xc0,0x07,0xe0,0x1f,0x80,0x03,
  0xf0,0x0f,0xc0,0x07,0xe0,0x1f,0x80,0x03,0xf0,0x0f,0xc0,0x07,0xe0,0x1f,0x80,0x03,0xf0,0x0f,0xc0,0x07,0xe0,0x1f,0x80,0x03,
  0xf0,0x0f,0xc0,0x07,0xe0,0x1f,0x80,0x03,0xf0,0x0f,0xc0,0x07,0xe0,0x1f,0x80,0x03,0xf0,0x0f,0xc0,0x07,0xe0,0x1f,0x80,0x03,
  0xf0,0x0f,0xc0,0x07,0xe0,0x1f,0x80,0x03,0xf0,0x0f,0xc0,0x07,0xe0,0x1f,0x80,0x03,0xf0,0x0f,0xc0,0x07,0xe0,0x1f,0xff,0xff,
  0xff,0xff,0xc0,0x07,0xe0,0x1f,0xff,0xff,0xff,0xff,0xc0,0x07,0xe0,0x1f,0xff,0xfd,0xff,0xff,0xc0,0x07,0xe0,0x0f,0xff,0xf9,
  0xff,0xff,0x80,0x07,0xe0,0x07,0xff,0xf0,0xff,0xff,0x00,0x07,0xe0,0x03,0xff,0xe0,0x3f,0xfe,0x00,0x03,0xe0,0x00,0x00,0x00,
  0x00,0x00,0x00,0x03,0xf0,0x00,0x00,0x00,0x00,0x00,0x00,0x03,0xf0,0x00,0x00,0x00,0x00,0x00,0x00,0x03,0xf8,0x00,0x00,0x00,
  0x00,0x00,0x00,0x01,0xf8,0x00,0x00,0x00,0x00,0x00,0x00,0x01,0xfe,0x00,0x00,0x00,0x00,0x00,0x00,0x00,0xff,0x80,0x00,0x00,
  0x00,0x00,0x00,0x00,0xff,0xff,0xff,0xff,0xff,0xe0,0x00,0x00,0x7f,0xff,0xff,0xff,0xff,0xe0,0x00,0x00,0x3f,0xff,0xff,0xff,
  0xff,0xc0,0x00,0x00,0x1f,0xff,0xff,0xff,0xff,0xc0,0x00,0x00,0x07,0xff,0xff,0xff,0xff,0x80,0x00,0x00,0x00,0xff,0xff,0xff,
  0xfe,0x00,0x00,0x00,0x00,0x3f,0x00,0x00,0x00,0x00,0x00,0x7f,0x80,0x00,0x00,0x00,0x00,0x7f,0x80,0x00,0x00,0x00,0x00,0x7f,
  0x80,0x00,0x00,0x00,0x00,0xff,0xc0,0x00,0x00,0x00,0x00,0xff,0xc0,0x00,0x00,0x00,0x01,0xff,0xe0,0x00,0x00,0x00,0x01,0xff,
  0xe0,0x00,0x00,0x00,0x01,0xff,0xe0,0x00,0x00,0x00,0x03,0xf3,0xf0,0x00,0x00,0x00,0x03,0xf3,0xf0,0x00,0x00,0x00,0x03,0xe1,
  0xf0,0x00,0x00,0x00,0x07,0xe1,0xf8,0x00,0x00,0x00,0x07,0xe1,0xf8,0x00,0x00,0x00,0x0f,0xc0,0xfc,0x00,0x00,0x00,0x0f,0xc0,
  0xfc,0x00,0x00,0x00,0x0f,0x80,0xfc,0x00,0x00,0x00,0x1f,0x80,0x7e,0x00,0x00,0x00,0x1f,0x80,0x7e,0x00,0x00,0x00,0x3f,0x00,
  0x3f,0x00,0x00,0x00,0x3f,0x00,0x3f,0x00,0x00,0x00,0x3f,0x00,0x3f,0x00,0x00,0x00,0x7e,0x00,0x1f,0x80,0x00,0x00,0x7e,0x00,
  0x1f,0x80,0x00,0x00,0x7c,0x00,0x0f,0x80,0x00,0x00,0xfc,0x00,0x0f,0xc0,0x00,0x00,0xff,0xff,0xff,0xc0,0x00,0x01,0xff,0xff,
  0xff,0xe0,0x00,0x01,0xff,0xff,0xff,0xe0,0x00,0x01,0xff,0xff,0xff,0xe0,0x00,0x03,0xff,0xff,0xff,0xf0,0x00,0x03,0xff,0xff,
  0xff,0xf0,0x00,0x07,0xe0,0x00,0x01,0xf8,0x00,0x07,0xe0,0x00,0x01,0xf8,0x00,0x07,0xe0,0x00,0x01,0xf8,0x00,0x0f,0xc0,0x00,
  0x00,0xfc,0x00,0x0f,0xc0,0x00,0x00,0xfc,0x00,0x0f,0x80,0x00,0x00,0x7c,0x00,0x1f,0x80,0x00,0x00,0x7e,0x00,0x1f,0x80,0x00,
  0x00,0x7e,0x00,0x3f,0x00,0x00,0x00,0x3f,0x00,0x3f,0x00,0x00,0x00,0x3f,0x00,0x07,0xff,0xff,0xfe,0x00,0x00,0x07,0xff,0xff,
  0xff,0x80,0x00,0x07,0xff,0xff,0xff,0xe0,0x00,0x07,0xff,0xff,0xff,0xf0,0x00,0x07,0xff,0xff,0xff,0xf0,0x00,0x07,0xff,0xff,
  0xff,0xf8,0x00,0x07,0xe0,0x00,0x03,0xf8,0x00,0x07,0xe0,0x00,0x01,0xf8,0x00,0x07,0xe0,0x00,0x01,0xf8,0x00,0x07,0xe0,0x00,
  0x01,0xf8,0x00,0x07,0xe0,0x00,0x01,0xf8,0x00,0x07,0xe0,0x00,0x01,0xf8,0x00,0x07,0xe0,0x00,0x01,0xf8,0x00,0x07,0xe0,0x00,
  0x01,0xf8,0x00,0x07,0xe0,0x00,0x01,0xf8,0x00,0x07,0xe0,0x00,0x01,0xf8,0x00,0x07,0xe0,0x00,0x01,0xf0,0x00,0x07,0xe0,0x00,
  0x03,0xf0,0x00,0x07,0xff,0xff,0xff,0xe0,0x00,0x07,0xff,0xff,0xff,0xc0,0x00,0x07,0xff,0xff,0xff,0x80,0x00,0x07,0xff,0xff,
  0xff,0xe0,0x00,0x07,0xff,0xff,0xff,0xf0,0x00,0x07,0xff,0xff,0xff,0xf8,0x00,0x07,0xe0,0x00,0x01,0xfc,0x00,0x07,0xe0,0x00,
  0x00,0xfc,0x00,0x07,0xe0,0x00,0x00,0xfc,0x00,0x07,0xe0,0x00,0x00,0x7c,0x00,0x07,0xe0,0x00,0x00,0x7e,0x00,0x07,0xe0,0x00,
  0x00,0x7e,0x00,0x07,0xe0,0x00,0x00,0x7e,0x00,0x07,0xe0,0x00,0x00,0x7e,0x00,0x07,0xe0,0x00,0x00,0x7e,0x00,0x07,0xe0,0x00,
  0x00,0xfc,0x00,0x07,0xe0,0x00,0x00,0xfc,0x00,0x07,0xe0,0x00,0x01,0xfc,0x00,0x07,0xff,0xff,0xff,0xfc,0x00,0x07,0xff,0xff,
  0xff,0xf8,0x00,0x07,0xff,0xff,0xff,0xf8,0x00,0x07,0xff,0xff,0xff,0xf0,0x00,0x07,0xff,0xff,0xff,0xe0,0x00,0x07,0xff,0xff,
  0xff,0x00,0x00,0x00,0x7f,0xff,0xff,0xf8,0x00,0x01,0xff,0xff,0xff,0xfc,0x00,0x01,0xff,0xff,0xff,0xfe,0x00,0x03,0xff,0xff,
  0xff,0xff,0x00,0x03,0xff,0xff,0xff,0xff,0x00,0x07,0xff,0xff,0xff,0xff,0x00,0x07,0xe0,0x00,0x00,0x3f,0x00,0x07,0xe0,0x00,
  0x00,0x3f,0x00,0x07,0xe0,0x00,0x00,0x3f,0x00,0x07,0xe0,0x00,0x00,0x3f,0x00,0x07,0xe0,0x00,0x00,0x3f,0x00,0x07,0xe0,0x00,
  0x00,0x00,0x00,0x07,0xe0,0x00,0x00,0x00,0x00,0x07,0xe0,0x00,0x00,0x00,0x00,0x07,0xe0,0x00,0x00,0x00,0x00,0x07,0xe0,0x00,
  0x00,0x00,0x00,0x07,0xe0,0x00,0x00,0x00,0x00,0x07,0xe0,0x00,0x00,0x00,0x00,0x07,0xe0,0x00,0x00,0x00,0x00,0x07,0xe0,0x00,
  0x00,0x00,0x00,0x07,0xe0,0x00,0x00,0x00,0x00,0x07,0xe0,0x00,0x00,0x00,0x00,0x07,0xe0,0x00,0x00,0x00,0x00,0x07,0xe0,0x00,
  0x00,0x00,0x00,0x07,0xe0,0x00,0x00,0x00,0x00,0x07,0xe0,0x00,0x00,0x00,0x00,0x07,0xe0,0x00,0x00,0x00,0x00,0x07,0xe0,0x00,
  0x00,0x00,0x00,0x07,0xe0,0x00,0x00,0x00,0x00,0x07,0xe0,0x00,0x00,0x00,0x00,0x07,0xe0,0x00,0x00,0x00,0x00,0x07,0xe0,0x00,
  0x00,0x3f,0x00,0x07,0xe0,0x00,0x00,0x3f,0x00,0x07,0xe0,0x00,0x00,0x3f,0x00,0x07,0xe0,0x00,0x00,0x3f,0x00,0x07,0xe0,0x00,
  0x00,0x3f,0x00,0x07,0xff,0xff,0xff,0xff,0x00,0x03,0xff,0xff,0xff,0xff,0x00,0x03,0xff,0xff,0xff,0xff,0x00,0x01,0xff,0xff,
  0xff,0xfe,0x00,0x01,0xff,0xff,0xff,0xfc,0x00,0x00,0x7f,0xff,0xff,0xf8,0x00,0x07,0xff,0xff,0xfe,0x00,0x00,0x07,0xff,0xff,
  0xff,0xc0,0x00,0x07,0xff,0xff,0xff,0xf0,0x00,0x07,0xff,0xff,0xff,0xf8,0x00,0x07,0xff,0xff,0xff,0xfc,0x00,0x07,0xff,0xff,
  0xff,0xfe,0x00,0x07,0xe0,0x00,0x03,0xfe,0x00,0x07,0xe0,0x00,0x00,0xff,0x00,0x07,0xe0,0x00,0x00,0x7f,0x00,0x07,0xe0,0x00,
  0x00,0x3f,0x80,0x07,0xe0,0x00,0x00,0x1f,0x80,0x07,0xe0,0x00,0x00,0x1f,0x80,0x07,0xe0,0x00,0x00,0x1f,0x80,0x07,0xe0,0x00,
  0x00,0x1f,0x80,0x07,0xe0,0x00,0x00,0x1f,0x80,0x07,0xe0,0x00,0x00,0x1f,0x80,0x07,0xe0,0x00,0x00,0x1f,0x80,0x07,0xe0,0x00,
  0x00,0x1f,0x80,0x07,0xe0,0x00,0x00,0x1f,0x80,0x07,0xe0,0x00,0x00,0x1f,0x80,0x07,0xe0,0x00,0x00,0x1f,0x80,0x07,0xe0,0x00,
  0x00,0x1f,0x80,0x07,0xe0,0x00,0x00,0x1f,0x80,0x07,0xe0,0x00,0x00,0x1f,0x80,0x07,0xe0,0x00,0x00,0x1f,0x80,0x07,0xe0,0x00,
  0x00,0x1f,0x80,0x07,0xe0,0x00,0x00,0x1f,0x80,0x07,0xe0,0x00,0x00,0x1f,0x80,0x07,0xe0,0x00,0x00,0x1f,0x80,0x07,0xe0,0x00,
  0x00,0x1f,0x80,0x07,0xe0,0x00,0x00,0x1f,0x80,0x07,0xe0,0x00,0x00,0x1f,0x80,0x07,0xe0,0x00,0x00,0x3f,0x80,0x07,0xe0,0x00,
  0x00,0x7f,0x00,0x07,0xe0,0x00,0x00,0xff,0x00,0x07,0xe0,0x00,0x03,0xfe,0x00,0x07,0xff,0xff,0xff,0xfe,0x00,0x07,0xff,0xff,
  0xff,0xfc,0x00,0x07,0xff,0xff,0xff,0xf8,0x00,0x07,0xff,0xff,0xff,0xf0,0x00,0x07,0xff,0xff,0xff,0xc0,0x00,0x07,0xff,0xff,
  0xfe,0x00,0x00,0x07,0xff,0xff,0xff,0xf0,0x07,0xff,0xff,0xff,0xf0,0x07,0xff,0xff,0xff,0xf0,0x07,0xff,0xff,0xff,0xf0,0x07,
  0xff,0xff,0xff,0xf0,0x07,0xff,0xff,0xff,0xf0,0x07,0xe0,0x00,0x00,0x00,0x07,0xe0,0x00,0x00,0x00,0x07,0xe0,0x00,0x00,0x00,
  0x07,0xe0,0x00,0x00,0x00,0x07,0xe0,0x00,0x00,0x00,0x07,0xe0,0x00,0x00,0x00,0x07,0xe0,0x00,0x00,0x00,0x07,0xe0,0x00,0x00,
  0x00,0x07,0xe0,0x00,0x00,0x00,0x07,0xe0,0x00,0x00,0x00,0x07,0xe0,0x00,0x00,0x00,0x07,0xe0,0x00,0x00,0x00,0x07,0xff,0xff,
  0xff,0x00,0x07,0xff,0xff,0xff,0x00,0x07,0xff,0xff,0xff,0x00,0x07,0xff,0xff,0xff,0x00,0x07,0xff,0xff,0xff,0x00,0x07,0xff,
  0xff,0xff,0x00,0x07,0xe0,0x00,0x00,0x00,0x07,0xe0,0x00,0x00,0x00,0x07,0xe0,0x00,0x00,0x00,0x07,0xe0,0x00,0x00,0x00,0x07,
  0xe0,0x00,0x00,0x00,0x07,0xe0,0x00,0x00,0x00,0x07,0xe0,0x00,0x00,0x00,0x07,0xe0,0x00,0x00,0x00,0x07,0xe0,0x00,0x00,0x00,
  0x07,0xe0,0x00,0x00,0x00,0x07,0xe0,0x00,0x00,0x00,0x07,0xe0,0x00,0x00,0x00,0x07,0xff,0xff,0xff,0xf0,0x07,0xff,0xff,0xff,
  0xf0,0x07,0xff,0xff,0xff,0xf0,0x07,0xff,0xff,0xff,0xf0,0x07,0xff,0xff,0xff,0xf0,0x07,0xff,0xff,0xff,0xf0,0x07,0xff,0xff,
  0xff,0xf0,0x07,0xff,0xff,0xff,0xf0,0x07,0xff,0xff,0xff,0xf0,0x07,0xff,0xff,0xff,0xf0,0x07,0xff,0xff,0xff,0xf0,0x07,0xff,
  0xff,0xff,0xf0,0x07,0xe0,0x00,0x00,0x00,0x07,0xe0,0x00,0x00,0x00,0x07,0xe0,0x00,0x00,0x00,0x07,0xe0,0x00,0x00,0x00,0x07,
  0xe0,0x00,0x00,0x00,0x07,0xe0,0x00,0x00,0x00,0x07,0xe0,0x00,0x00,0x00,0x07,0xe0,0x00,0x00,0x00,0x07,0xe0,0x00,0x00,0x00,
  0x07,0xe0,0x00,0x00,0x00,0x07,0xe0,0x00,0x00,0x00,0x07,0xe0,0x00,0x00,0x00,0x07,0xff,0xff,0xff,0x00,0x07,0xff,0xff,0xff,
  0x00,0x07,0xff,0xff,0xff,0x00,0x07,0xff,0xff,0xff,0x00,0x07,0xff,0xff,0xff,0x00,0x07,0xff,0xff,0xff,0x00,0x07,0xe0,0x00,
  0x00,0x00,0x07,0xe0,0x00,0x00,0x00,0x07,0xe0,0x00,0x00,0x00,0x07,0xe0,0x00,0x00,0x00,0x07,0xe0,0x00,0x00,0x00,0x07,0xe0,
  0x00,0x00,0x00,0x07,0xe0,0x00,0x00,0x00,0x07,0xe0,0x00,0x00,0x00,0x07,0xe0,0x00,0x00,0x00,0x07,0xe0,0x00,0x00,0x00,0x07,
  0xe0,0x00,0x00,0x00,0x07,0xe0,0x00,0x00,0x00,0x07,0xe0,0x00,0x00,0x00,0x07,0xe0,0x00,0x00,0x00,0x07,0xe0,0x00,0x00,0x00,
  0x07,0xe0,0x00,0x00,0x00,0x07,0xe0,0x00,0x00,0x00,0x07,0xe0,0x00,0x00,0x00,0x00,0x7f,0xff,0xff,0xf8,0x00,0x01,0xff,0xff,
  0xff,0xfc,0x00,0x01,0xff,0xff,0xff,0xfe,0x00,0x03,0xff,0xff,0xff,0xff,0x00,0x03,0xff,0xff,0xff,0xff,0x00,0x07,0xff,0xff,
  0xff,0xff,0x00,0x07,0xe0,0x00,0x00,0x3f,0x00,0x07,0xe0,0x00,0x00,0x3f,0x00,0x07,0xe0,0x00,0x00,0x3f,0x00,0x07,0xe0,0x00,
  0x00,0x3f,0x00,0x07,0xe0,0x00,0x00,0x3f,0x00,0x07,0xe0,0x00,0x00,0x00,0x00,0x07,0xe0,0x00,0x00,0x00,0x00,0x07,0xe0,0x00,
  0x00,0x00,0x00,0x07,0xe0,0x00,0x00,0x00,0x00,0x07,0xe0,0x00,0x00,0x00,0x00,0x07,0xe0,0x00,0x00,0x00,0x00,0x07,0xe0,0x00,
  0x00,0x00,0x00,0x07,0xe0,0x00,0x00,0x00,0x00,0x07,0xe0,0x00,0x00,0x00,0x00,0x07,0xe0,0x01,0xff,0xff,0x00,0x07,0xe0,0x01,
  0xff,0xff,0x00,0x07,0xe0,0x01,0xff,0xff,0x00,0x07,0xe0,0x01,0xff,0xff,0x00,0x07,0xe0,0x01,0xff,0xff,0x00,0x07,0xe0,0x01,
  0xff,0xff,0x00,0x07,0xe0,0x00,0x00,0x3f,0x00,0x07,0xe0,0x00,0x00,0x3f,0x00,0x07,0xe0,0x00,0x00,0x3f,0x00,0x07,0xe0,0x00,
  0x00,0x3f,0x00,0x07,0xe0,0x00,0x00,0x3f,0x00,0x07,0xe0,0x00,0x00,0x3f,0x00,0x07,0xe0,0x00,0x00,0x3f,0x00,0x07,0xe0,0x00,
  0x00,0x3f,0x00,0x07,0xe0,0x00,0x00,0x3f,0x00,0x07,0xe0,0x00,0x00,0x3f,0x00,0x07,0xff,0xff,0xff,0xff,0x00,0x03,0xff,0xff,
  0xff,0xff,0x00,0x03,0xff,0xff,0xff,0xff,0x00,0x01,0xff,0xff,0xff,0xfe,0x00,0x01,0xff,0xff,0xff,0xfc,0x00,0x00,0x7f,0xff,
  0xff,0xf8,0x00,0x07,0xe0,0x00,0x00,0x1f,0x80,0x07,0xe0,0x00,0x00,0x1f,0x80,0x07,0xe0,0x00,0x00,0x1f,0x80,0x07,0xe0,0x00,
  0x00,0x1f,0x80,0x07,0xe0,0x00,0x00,0x1f,0x80,0x07,0xe0,0x00,0x00,0x1f,0x80,0x07,0xe0,0x00,0x00,0x1f,0x80,0x07,0xe0,0x00,
  0x00,0x1f,0x80,0x07,0xe0,0x00,0x00,0x1f,0x80,0x07,0xe0,0x00,0x00,0x1f,0x80,0x07,0xe0,0x00,0x00,0x1f,0x80,0x07,0xe0,0x00,
  0x00,0x1f,0x80,0x07,0xe0,0x00,0x00,0x1f,0x80,0x07,0xe0,0x00,0x00,0x1f,0x80,0x07,0xe0,0x00,0x00,0x1f,0x80,0x07,0xe0,0x00,
  0x00,0x1f,0x80,0x07,0xe0,0x00,0x00,0x1f,0x80,0x07,0xe0,0x00,0x00,0x1f,0x80,0x07,0xff,0xff,0xff,0xff,0x80,0x07,0xff,0xff,
  0xff,0xff,0x80,0x07,0xff,0xff,0xff,0xff,0x80,0x07,0xff,0xff,0xff,0xff,0x80,0x07,0xff,0xff,0xff,0xff,0x80,0x07,0xff,0xff,
  0xff,0xff,0x80,0x07,0xe0,0x00,0x00,0x1f,0x80,0x07,0xe0,0x00,0x00,0x1f,0x80,0x07,0xe0,0x00,0x00,0x1f,0x80,0x07,0xe0,0x00,
  0x00,0x1f,0x80,0x07,0xe0,0x00,0x00,0x1f,0x80,0x07,0xe0,0x00,0x00,0x1f,0x80,0x07,0xe0,0x00,0x00,0x1f,0x80,0x07,0xe0,0x00,
  0x00,0x1f,0x80,0x07,0xe0,0x00,0x00,0x1f,0x80,0x07,0xe0,0x00,0x00,0x1f,0x80,0x07,0xe0,0x00,0x00,0x1f,0x80,0x07,0xe0,0x00,
  0x00,0x1f,0x80,0x07,0xe0,0x00,0x00,0x1f,0x80,0x07,0xe0,0x00,0x00,0x1f,0x80,0x07,0xe0,0x00,0x00,0x1f,0x80,0x07,0xe0,0x00,
  0x00,0x1f,0x80,0x07,0xe0,0x00,0x00,0x1f,0x80,0x07,0xe0,0x00,0x00,0x1f,0x80,0x07,0xe0,0x00,0x07,0xe0,0x00,0x07,0xe0,0x00,
  0x07,0xe0,0x00,0x07,0xe0,0x00,0x07,0xe0,0x00,0x07,0xe0,0x00,0x07,0xe0,0x00,0x07,0xe0,0x00,0x07,0xe0,0x00,0x07,0xe0,0x00,
  0x07,0xe0,0x00,0x07,0xe0,0x00,0x07,0xe0,0x00,0x07,0xe0,0x00,0x07,0xe0,0x00,0x07,0xe0,0x00,0x07,0xe0,0x00,0x07,0xe0,0x00,
  0x07,0xe0,0x00,0x07,0xe0,0x00,0x07,0xe0,0x00,0x07,0xe0,0x00,0x07,0xe0,0x00,0x07,0xe0,0x00,0x07,0xe0,0x00,0x07,0xe0,0x00,
  0x07,0xe0,0x00,0x07,0xe0,0x00,0x07,0xe0,0x00,0x07,0xe0,0x00,0x07,0xe0,0x00,0x07,0xe0,0x00,0x07,0xe0,0x00,0x07,0xe0,0x00,
  0x07,0xe0,0x00,0x07,0xe0,0x00,0x07,0xe0,0x00,0x07,0xe0,0x00,0x07,0xe0,0x00,0x07,0xe0,0x00,0x07,0xe0,0x00,0x00,0x00,0x00,
  0x1f,0x80,0x00,0x00,0x00,0x1f,0x80,0x00,0x00,0x00,0x1f,0x80,0x00,0x00,0x00,0x1f,0x80,0x00,0x00,0x00,0x1f,0x80,0x00,0x00,
  0x00,0x1f,0x80,0x00,0x00,0x00,0x1f,0x80,0x00,0x00,0x00,0x1f,0x80,0x00,0x00,0x00,0x1f,0x80,0x00,0x00,0x00,0x1f,0x80,0x00,
  0x00,0x00,0x1f,0x80,0x00,0x00,0x00,0x1f,0x80,0x00,0x00,0x00,0x1f,0x80,0x00,0x00,0x00,0x1f,0x80,0x00,0x00,0x00,0x1f,0x80,
  0x00,0x00,0x00,0x1f,0x80,0x00,0x00,0x00,0x1f,0x80,0x00,0x00,0x00,0x1f,0x80,0x00,0x00,0x00,0x1f,0x80,0x00,0x00,0x00,0x1f,
  0x80,0x00,0x00,0x00,0x1f,0x80,0x00,0x00,0x00,0x1f,0x80,0x00,0x00,0x00,0x1f,0x80,0x00,0x00,0x00,0x1f,0x80,0x00,0x00,0x00,
  0x1f,0x80,0x00,0x00,0x00,0x1f,0x80,0x00,0x00,0x00,0x1f,0x80,0x00,0x00,0x00,0x1f,0x80,0x00,0x00,0x00,0x1f,0x80,0x0f,0xc0,
  0x00,0x1f,0x80,0x0f,0xc0,0x00,0x1f,0x80,0x0f,0xc0,0x00,0x1f,0x80,0x0f,0xc0,0x00,0x1f,0x80,0x0f,0xc0,0x00,0x1f,0x80,0x0f,
  0xc0,0x00,0x1f,0x80,0x0f,0xc0,0x00,0x1f,0x80,0x0f,0xff,0xff,0xff,0x80,0x0f,0xff,0xff,0xff,0x80,0x07,0xff,0xff,0xff,0x80,
  0x07,0xff,0xff,0xff,0x00,0x03,0xff,0xff,0xfe,0x00,0x00,0xff,0xff,0xfc,0x00,0x07,0xe0,0x00,0x01,0xfe,0x00,0x07,0xe0,0x00,
  0x03,0xfc,0x00,0x07,0xe0,0x00,0x07,0xf8,0x00,0x07,0xe0,0x00,0x0f,0xf0,0x00,0x07,0xe0,0x00,0x3f,0xe0,0x00,0x07,0xe0,0x00,
  0x7f,0xc0,0x00,0x07,0xe0,0x00,0xff,0x80,0x00,0x07,0xe0,0x01,0xff,0x00,0x00,0x07,0xe0,0x03,0xfe,0x00,0x00,0x07,0xe0,0x07,
  0xf8,0x00,0x00,0x07,0xe0,0x0f,0xf0,0x00,0x00,0x07,0xe0,0x1f,0xe0,0x00,0x00,0x07,0xe0,0x3f,0xc0,0x00,0x00,0x07,0xe0,0x7f,
  0x80,0x00,0x00,0x07,0xe1,0xff,0x00,0x00,0x00,0x07,0xe3,0xfe,0x00,0x00,0x00,0x07,0xe7,0xfc,0x00,0x00,0x00,0x07,0xef,0xf8,
  0x00,0x00,0x00,0x07,0xff,0xe0,0x00,0x00,0x00,0x07,0xff,0xc0,0x00,0x00,0x00,0x07,0xff,0x80,0x00,0x00,0x00,0x07,0xff,0xc0,
  0x00,0x00,0x00,0x07,0xff,0xe0,0x00,0x00,0x00,0x07,0xff,0xf0,0x00,0x00,0x00,0x07,0xe7,0xf8,0x00,0x00,0x00,0x07,0xe3,0xfe,
  0x00,0x00,0x00,0x07,0xe1,0xff,0x00,0x00,0x00,0x07,0xe0,0xff,0x80,0x00,0x00,0x07,0xe0,0x7f,0xc0,0x00,0x00,0x07,0xe0,0x3f,
  0xe0,0x00,0x00,0x07,0xe0,0x0f,0xf0,0x00,0x00,0x07,0xe0,0x07,0xf8,0x00,0x00,0x07,0xe0,0x03,0xfc,0x00,0x00,0x07,0xe0,0x01,
  0xfe,0x00,0x00,0x07,0xe0,0x00,0xff,0x80,0x00,0x07,0xe0,0x00,0x7f,0xc0,0x00,0x07,0xe0,0x00,0x3f,0xe0,0x00,0x07,0xe0,0x00,
  0x1f,0xf0,0x00,0x07,0xe0,0x00,0x0f,0xf8,0x00,0x07,0xe0,0x00,0x03,0xfc,0x00,0x07,0xe0,0x00,0x01,0xfe,0x00,0x07,0xe0,0x00,
  0x00,0xff,0x00,0x07,0xe0,0x00,0x00,0x00,0x07,0xe0,0x00,0x00,0x00,0x07,0xe0,0x00,0x00,0x00,0x07,0xe0,0x00,0x00,0x00,0x07,
  0xe0,0x00,0x00,0x00,0x07,0xe0,0x00,0x00,0x00,0x07,0xe0,0x00,0x00,0x00,0x07,0xe0,0x00,0x00,0x00,0x07,0xe0,0x00,0x00,0x00,
  0x07,0xe0,0x00,0x00,0x00,0x07,0xe0,0x00,0x00,0x00,0x07,0xe0,0x00,0x00,0x00,0x07,0xe0,0x00,0x00,0x00,0x07,0xe0,0x00,0x00,
  0x00,0x07,0xe0,0x00,0x00,0x00,0x07,0xe0,0x00,0x00,0x00,0x07,0xe0,0x00,0x00,0x00,0x07,0xe0,0x00,0x00,0x00,0x07,0xe0,0x00,
  0x00,0x00,0x07,0xe0,0x00,0x00,0x00,0x07,0xe0,0x00,0x00,0x00,0x07,0xe0,0x00,0x00,0x00,0x07,0xe0,0x00,0x00,0x00,0x07,0xe0,
  0x00,0x00,0x00,0x07,0xe0,0x00,0x00,0x00,0x07,0xe0,0x00,0x00,0x00,0x07,0xe0,0x00,0x00,0x00,0x07,0xe0,0x00,0x00,0x00,0x07,
  0xe0,0x00,0x00,0x00,0x07,0xe0,0x00,0x00,0x00,0x07,0xe0,0x00,0x00,0x00,0x07,0xe0,0x00,0x00,0x00,0x07,0xe0,0x00,0x00,0x00,
  0x07,0xe0,0x00,0x00,0x00,0x07,0xe0,0x00,0x00,0x00,0x07,0xe0,0x00,0x00,0x00,0x07,0xff,0xff,0xff,0x80,0x07,0xff,0xff,0xff,
  0x80,0x07,0xff,0xff,0xff,0x80,0x07,0xff,0xff,0xff,0x80,0x07,0xff,0xff,0xff,0x80,0x07,0xff,0xff,0xff,0x80,0x07,0xf0,0x00,
  0x00,0x00,0x0f,0xe0,0x07,0xf8,0x00,0x00,0x00,0x1f,0xe0,0x07,0xf8,0x00,0x00,0x00,0x1f,0xe0,0x07,0xfc,0x00,0x00,0x00,0x3f,
  0xe0,0x07,0xfc,0x00,0x00,0x00,0x3f,0xe0,0x07,0xfe,0x00,0x00,0x00,0x7f,0xe0,0x07,0xfe,0x00,0x00,0x00,0x7f,0xe0,0x07,0xff,
  0x00,0x00,0x00,0xff,0xe0,0x07,0xff,0x00,0x00,0x00,0xff,0xe0,0x07,0xff,0x80,0x00,0x01,0xff,0xe0,0x07,0xff,0x80,0x00,0x01,
  0xff,0xe0,0x07,0xff,0xc0,0x00,0x03,0xff,0xe0,0x07,0xef,0xc0,0x00,0x03,0xf7,0xe0,0x07,0xe7,0xe0,0x00,0x07,0xe7,0xe0,0x07,
  0xe7,0xe0,0x00,0x07,0xe7,0xe0,0x07,0xe3,0xf0,0x00,0x0f,0xc7,0xe0,0x07,0xe3,0xf0,0x00,0x0f,0xc7,0xe0,0x07,0xe1,0xf8,0x00,
  0x1f,0x87,0xe0,0x07,0xe1,0xf8,0x00,0x1f,0x87,0xe0,0x07,0xe0,0xfc,0x00,0x3f,0x07,0xe0,0x07,0xe0,0xfc,0x00,0x3f,0x07,0xe0,
  0x07,0xe0,0x7e,0x00,0x7e,0x07,0xe0,0x07,0xe0,0x7e,0x00,0x7e,0x07,0xe0,0x07,0xe0,0x3f,0x00,0xfc,0x07,0xe0,0x07,0xe0,0x3f,
  0x00,0xfc,0x07,0xe0,0x07,0xe0,0x1f,0x81,0xf8,0x07,0xe0,0x07,0xe0,0x1f,0x81,0xf8,0x07,0xe0,0x07,0xe0,0x0f,0xc3,0xf0,0x07,
  0xe0,0x07,0xe0,0x0f,0xc3,0xf0,0x07,0xe0,0x07,0xe0,0x07,0xe7,0xe0,0x07,0xe0,0x07,0xe0,0x07,0xe7,0xe0,0x07,0xe0,0x07,0xe0,
  0x03,0xff,0xc0,0x07,0xe0,0x07,0xe0,0x03,0xff,0xc0,0x07,0xe0,0x07,0xe0,0x01,0xff,0x80,0x07,0xe0,0x07,0xe0,0x01,0xff,0x80,
  0x07,0xe0,0x07,0xe0,0x00,0xff,0x00,0x07,0xe0,0x07,0xe0,0x00,0xff,0x00,0x07,0xe0,0x07,0xe0,0x00,0x7e,0x00,0x07,0xe0,0x07,
  0xe0,0x00,0x7e,0x00,0x07,0xe0,0x07,0xe0,0x00,0x3c,0x00,0x07,0xe0,0x07,0xe0,0x00,0x3c,0x00,0x07,0xe0,0x07,0xe0,0x00,0x18,
  0x00,0x07,0xe0,0x07,0xf0,0x00,0x00,0x07,0xe0,0x07,0xf8,0x00,0x00,0x07,0xe0,0x07,0xf8,0x00,0x00,0x07,0xe0,0x07,0xfc,0x00,
  0x00,0x07,0xe0,0x07,0xfe,0x00,0x00,0x07,0xe0,0x07,0xff,0x00,0x00,0x07,0xe0,0x07,0xff,0x00,0x00,0x07,0xe0,0x07,0xff,0x80,
  0x00,0x07,0xe0,0x07,0xff,0xc0,0x00,0x07,0xe0,0x07,0xff,0xe0,0x00,0x07,0xe0,0x07,0xef,0xf0,0x00,0x07,0xe0,0x07,0xe7,0xf0,
  0x00,0x07,0xe0,0x07,0xe3,0xf8,0x00,0x07,0xe0,0x07,0xe1,0xfc,0x00,0x07,0xe0,0x07,0xe1,0xfe,0x00,0x07,0xe0,0x07,0xe0,0xfe,
  0x00,0x07,0xe0,0x07,0xe0,0x7f,0x00,0x07,0xe0,0x07,0xe0,0x3f,0x80,0x07,0xe0,0x07,0xe0,0x3f,0xc0,0x07,0xe0,0x07,0xe0,0x1f,
  0xe0,0x07,0xe0,0x07,0xe0,0x0f,0xe0,0x07,0xe0,0x07,0xe0,0x07,0xf0,0x07,0xe0,0x07,0xe0,0x03,0xf8,0x07,0xe0,0x07,0xe0,0x03,
  0xfc,0x07,0xe0,0x07,0xe0,0x01,0xfc,0x07,0xe0,0x07,0xe0,0x00,0xfe,0x07,0xe0,0x07,0xe0,0x00,0x7f,0x07,0xe0,0x07,0xe0,0x00,
  0x7f,0x87,0xe0,0x07,0xe0,0x00,0x3f,0xc7,0xe0,0x07,0xe0,0x00,0x1f,0xc7,0xe0,0x07,0xe0,0x00,0x0f,0xe7,0xe0,0x07,0xe0,0x00,
  0x07,0xf7,0xe0,0x07,0xe0,0x00,0x07,0xff,0xe0,0x07,0xe0,0x00,0x03,0xff,0xe0,0x07,0xe0,0x00,0x01,0xff,0xe0,0x07,0xe0,0x00,
  0x00,0xff,0xe0,0x07,0xe0,0x00,0x00,0xff,0xe0,0x07,0xe0,0x00,0x00,0x7f,0xe0,0x07,0xe0,0x00,0x00,0x3f,0xe0,0x07,0xe0,0x00,
  0x00,0x1f,0xe0,0x07,0xe0,0x00,0x00,0x1f,0xe0,0x07,0xe0,0x00,0x00,0x0f,0xe0,0x00,0x7f,0xff,0xff,0xfc,0x00,0x01,0xff,0xff,
  0xff,0xfe,0x00,0x01,0xff,0xff,0xff,0xff,0x00,0x03,0xff,0xff,0xff,0xff,0x80,0x03,0xff,0xff,0xff,0xff,0x80,0x07,0xff,0xff,
  0xff,0xff,0x80,0x07,0xe0,0x00,0x00,0x1f,0x80,0x07,0xe0,0x00,0x00,0x1f,0x80,0x07,0xe0,0x00,0x00,0x1f,0x80,0x07,0xe0,0x00,
  0x00,0x1f,0x80,0x07,0xe0,0x00,0x00,0x1f,0x80,0x07,0xe0,0x00,0x00,0x1f,0x80,0x07,0xe0,0x00,0x00,0x1f,0x80,0x07,0xe0,0x00,
  0x00,0x1f,0x80,0x07,0xe0,0x00,0x00,0x1f,0x80,0x07,0xe0,0x00,0x00,0x1f,0x80,0x07,0xe0,0x00,0x00,0x1f,0x80,0x07,0xe0,0x00,
  0x00,0x1f,0x80,0x07,0xe0,0x00,0x00,0x1f,0x80,0x07,0xe0,0x00,0x00,0x1f,0x80,0x07,0xe0,0x00,0x00,0x1f,0x80,0x07,0xe0,0x00,
  0x00,0x1f,0x80,0x07,0xe0,0x00,0x00,0x1f,0x80,0x07,0xe0,0x00,0x00,0x1f,0x80,0x07,0xe0,0x00,0x00,0x1f,0x80,0x07,0xe0,0x00,
  0x00,0x1f,0x80,0x07,0xe0,0x00,0x00,0x1f,0x80,0x07,0xe0,0x00,0x00,0x1f,0x80,0x07,0xe0,0x00,0x00,0x1f,0x80,0x07,0xe0,0x00,
  0x00,0x1f,0x80,0x07,0xe0,0x00,0x00,0x1f,0x80,0x07,0xe0,0x00,0x00,0x1f,0x80,0x07,0xe0,0x00,0x00,0x1f,0x80,0x07,0xe0,0x00,
  0x00,0x1f,0x80,0x07,0xe0,0x00,0x00,0x1f,0x80,0x07,0xe0,0x00,0x00,0x1f,0x80,0x07,0xff,0xff,0xff,0xff,0x80,0x03,0xff,0xff,
  0xff,0xff,0x80,0x03,0xff,0xff,0xff,0xff,0x80,0x01,0xff,0xff,0xff,0xff,0x00,0x01,0xff,0xff,0xff,0xfe,0x00,0x00,0x7f,0xff,
  0xff,0xfc,0x00,0x07,0xff,0xff,0xff,0x00,0x00,0x07,0xff,0xff,0xff,0xe0,0x00,0x07,0xff,0xff,0xff,0xf0,0x00,0x07,0xff,0xff,
  0xff,0xf8,0x00,0x07,0xff,0xff,0xff,0xf8,0x00,0x07,0xff,0xff,0xff,0xfc,0x00,0x07,0xe0,0x00,0x01,0xfc,0x00,0x07,0xe0,0x00,
  0x00,0xfc,0x00,0x07,0xe0,0x00,0x00,0xfc,0x00,0x07,0xe0,0x00,0x00,0x7e,0x00,0x07,0xe0,0x00,0x00,0x7e,0x00,0x07,0xe0,0x00,
  0x00,0x7e,0x00,0x07,0xe0,0x00,0x00,0x7e,0x00,0x07,0xe0,0x00,0x00,0x7e,0x00,0x07,0xe0,0x00,0x00,0x7e,0x00,0x07,0xe0,0x00,
  0x00,0x7e,0x00,0x07,0xe0,0x00,0x00,0x7e,0x00,0x07,0xe0,0x00,0x00,0xfc,0x00,0x07,0xe0,0x00,0x00,0xfc,0x00,0x07,0xe0,0x00,
  0x01,0xfc,0x00,0x07,0xff,0xff,0xff,0xfc,0x00,0x07,0xff,0xff,0xff,0xf8,0x00,0x07,0xff,0xff,0xff,0xf8,0x00,0x07,0xff,0xff,
  0xff,0xf0,0x00,0x07,0xff,0xff,0xff,0xe0,0x00,0x07,0xff,0xff,0xff,0x00,0x00,0x07,0xe0,0x00,0x00,0x00,0x00,0x07,0xe0,0x00,
  0x00,0x00,0x00,0x07,0xe0,0x00,0x00,0x00,0x00,0x07,0xe0,0x00,0x00,0x00,0x00,0x07,0xe0,0x00,0x00,0x00,0x00,0x07,0xe0,0x00,
  0x00,0x00,0x00,0x07,0xe0,0x00,0x00,0x00,0x00,0x07,0xe0,0x00,0x00,0x00,0x00,0x07,0xe0,0x00,0x00,0x00,0x00,0x07,0xe0,0x00,
  0x00,0x00,0x00,0x07,0xe0,0x00,0x00,0x00,0x00,0x07,0xe0,0x00,0x00,0x00,0x00,0x07,0xe0,0x00,0x00,0x00,0x00,0x07,0xe0,0x00,
  0x00,0x00,0x00,0x07,0xe0,0x00,0x00,0x00,0x00,0x07,0xe0,0x00,0x00,0x00,0x00,0x00,0x7f,0xff,0xff,0xfc,0x00,0x01,0xff,0xff,
  0xff,0xfe,0x00,0x01,0xff,0xff,0xff,0xff,0x00,0x03,0xff,0xff,0xff,0xff,0x80,0x03,0xff,0xff,0xff,0xff,0x80,0x07,0xff,0xff,
  0xff,0xff,0x80,0x07,0xe0,0x00,0x00,0x1f,0x80,0x07,0xe0,0x00,0x00,0x1f,0x80,0x07,0xe0,0x00,0x00,0x1f,0x80,0x07,0xe0,0x00,
  0x00,0x1f,0x80,0x07,0xe0,0x00,0x00,0x1f,0x80,0x07,0xe0,0x00,0x00,0x1f,0x80,0x07,0xe0,0x00,0x00,0x1f,0x80,0x07,0xe0,0x00,
  0x00,0x1f,0x80,0x07,0xe0,0x00,0x00,0x1f,0x80,0x07,0xe0,0x00,0x00,0x1f,0x80,0x07,0xe0,0x00,0x00,0x1f,0x80,0x07,0xe0,0x00,
  0x00,0x1f,0x80,0x07,0xe0,0x00,0x00,0x1f,0x80,0x07,0xe0,0x00,0x00,0x1f,0x80,0x07,0xe0,0x00,0x00,0x1f,0x80,0x07,0xe0,0x00,
  0x00,0x1f,0x80,0x07,0xe0,0x00,0x00,0x1f,0x80,0x07,0xe0,0x00,0x00,0x1f,0x80,0x07,0xe0,0x00,0x00,0x1f,0x80,0x07,0xe0,0x00,
  0x00,0x1f,0x80,0x07,0xe0,0x00,0x00,0x1f,0x80,0x07,0xe0,0x00,0x00,0x1f,0x80,0x07,0xe0,0x00,0x00,0x1f,0x80,0x07,0xe0,0x00,
  0x00,0x1f,0x80,0x07,0xe0,0x00,0x00,0x1f,0x80,0x07,0xe0,0x0f,0xc0,0x1f,0x80,0x07,0xe0,0x0f,0xc0,0x1f,0x80,0x07,0xe0,0x0f,
  0xc0,0x1f,0x80,0x07,0xe0,0x0f,0xc0,0x1f,0x80,0x07,0xe0,0x0f,0xc0,0x1f,0x80,0x07,0xff,0xff,0xff,0xff,0x80,0x03,0xff,0xff,
  0xff,0xff,0x80,0x03,0xff,0xff,0xff,0xff,0x80,0x01,0xff,0xff,0xff,0xff,0x00,0x01,0xff,0xff,0xff,0xfe,0x00,0x00,0x7f,0xff,
  0xff,0xfc,0x00,0x00,0x00,0x0f,0xc0,0x00,0x00,0x00,0x00,0x0f,0xc0,0x00,0x00,0x00,0x00,0x0f,0xc0,0x00,0x00,0x00,0x00,0x0f,
  0xc0,0x00,0x00,0x00,0x00,0x0f,0xc0,0x00,0x00,0x00,0x00,0x0f,0xc0,0x00,0x00,0x00,0x00,0x0f,0xc0,0x00,0x00,0x00,0x00,0x0f,
  0xc0,0x00,0x00,0x07,0xff,0xff,0xff,0x00,0x00,0x07,0xff,0xff,0xff,0xe0,0x00,0x07,0xff,0xff,0xff,0xf0,0x00,0x07,0xff,0xff,
  0xff,0xf8,0x00,0x07,0xff,0xff,0xff,0xf8,0x00,0x07,0xff,0xff,0xff,0xfc,0x00,0x07,0xe0,0x00,0x01,0xfc,0x00,0x07,0xe0,0x00,
  0x00,0xfc,0x00,0x07,0xe0,0x00,0x00,0xfc,0x00,0x07,0xe0,0x00,0x00,0x7e,0x00,0x07,0xe0,0x00,0x00,0x7e,0x00,0x07,0xe0,0x00,
  0x00,0x7e,0x00,0x07,0xe0,0x00,0x00,0x7e,0x00,0x07,0xe0,0x00,0x00,0x7e,0x00,0x07,0xe0,0x00,0x00,0x7e,0x00,0x07,0xe0,0x00,
  0x00,0x7e,0x00,0x07,0xe0,0x00,0x00,0xfc,0x00,0x07,0xe0,0x00,0x00,0xfc,0x00,0x07,0xe0,0x00,0x01,0xfc,0x00,0x07,0xff,0xff,
  0xff,0xfc,0x00,0x07,0xff,0xff,0xff,0xf8,0x00,0x07,0xff,0xff,0xff,0xf8,0x00,0x07,0xff,0xff,0xff,0xf0,0x00,0x07,0xff,0xff,
  0xff,0xe0,0x00,0x07,0xff,0xff,0xff,0x80,0x00,0x07,0xe0,0x00,0x7e,0x00,0x00,0x07,0xe0,0x00,0x7f,0x00,0x00,0x07,0xe0,0x00,
  0x3f,0x00,0x00,0x07,0xe0,0x00,0x3f,0x80,0x00,0x07,0xe0,0x00,0x1f,0x80,0x00,0x07,0xe0,0x00,0x1f,0xc0,0x00,0x07,0xe0,0x00,
  0x0f,0xc0,0x00,0x07,0xe0,0x00,0x0f,0xe0,0x00,0x07,0xe0,0x00,0x0f,0xe0,0x00,0x07,0xe0,0x00,0x07,0xf0,0x00,0x07,0xe0,0x00,
  0x07,0xf0,0x00,0x07,0xe0,0x00,0x03,0xf0,0x00,0x07,0xe0,0x00,0x03,0xf8,0x00,0x07,0xe0,0x00,0x01,0xf8,0x00,0x07,0xe0,0x00,
  0x01,0xfc,0x00,0x07,0xe0,0x00,0x00,0xfc,0x00,0x07,0xe0,0x00,0x00,0xfe,0x00,0x00,0x7f,0xff,0xff,0xc0,0x00,0x01,0xff,0xff,
  0xff,0xf0,0x00,0x01,0xff,0xff,0xff,0xf8,0x00,0x03,0xff,0xff,0xff,0xf8,0x00,0x03,0xff,0xff,0xff,0xfc,0x00,0x07,0xff,0xff,
  0xff,0xfc,0x00,0x07,0xe0,0x00,0x00,0xfc,0x00,0x07,0xe0,0x00,0x00,0xfc,0x00,0x07,0xe0,0x00,0x00,0xfc,0x00,0x07,0xe0,0x00,
  0x00,0xfc,0x00,0x07,0xe0,0x00,0x00,0xfc,0x00,0x07,0xe0,0x00,0x00,0x00,0x00,0x07,0xe0,0x00,0x00,0x00,0x00,0x07,0xe0,0x00,
  0x00,0x00,0x00,0x07,0xe0,0x00,0x00,0x00,0x00,0x07,0xe0,0x00,0x00,0x00,0x00,0x07,0xe0,0x00,0x00,0x00,0x00,0x07,0xe0,0x00,
  0x00,0x00,0x00,0x07,0xff,0xff,0xff,0xc0,0x00,0x03,0xff,0xff,0xff,0xf0,0x00,0x03,0xff,0xff,0xff,0xf8,0x00,0x01,0xff,0xff,
  0xff,0xf8,0x00,0x01,0xff,0xff,0xff,0xfc,0x00,0x00,0x7f,0xff,0xff,0xfc,0x00,0x00,0x00,0x00,0x00,0xfc,0x00,0x00,0x00,0x00,
  0x00,0xfc,0x00,0x00,0x00,0x00,0x00,0xfc,0x00,0x00,0x00,0x00,0x00,0xfc,0x00,0x00,0x00,0x00,0x00,0xfc,0x00,0x00,0x00,0x00,
  0x00,0xfc,0x00,0x00,0x00,0x00,0x00,0xfc,0x00,0x07,0xe0,0x00,0x00,0xfc,0x00,0x07,0xe0,0x00,0x00,0xfc,0x00,0x07,0xe0,0x00,
  0x00,0xfc,0x00,0x07,0xe0,0x00,0x00,0xfc,0x00,0x07,0xe0,0x00,0x00,0xfc,0x00,0x07,0xff,0xff,0xff,0xfc,0x00,0x07,0xff,0xff,
  0xff,0xfc,0x00,0x07,0xff,0xff,0xff,0xf8,0x00,0x03,0xff,0xff,0xff,0xf8,0x00,0x01,0xff,0xff,0xff,0xf0,0x00,0x00,0xff,0xff,
  0xff,0xc0,0x00,0x3f,0xff,0xff,0xff,0xe0,0x3f,0xff,0xff,0xff,0xe0,0x3f,0xff,0xff,0xff,0xe0,0x3f,0xff,0xff,0xff,0xe0,0x3f,
  0xff,0xff,0xff,0xe0,0x3f,0xff,0xff,0xff,0xe0,0x00,0x00,0xfc,0x00,0x00,0x00,0x00,0xfc,0x00,0x00,0x00,0x00,0xfc,0x00,0x00,
  0x00,0x00,0xfc,0x00,0x00,0x00,0x00,0xfc,0x00,0x00,0x00,0x00,0xfc,0x00,0x00,0x00,0x00,0xfc,0x00,0x00,0x00,0x00,0xfc,0x00,
  0x00,0x00,0x00,0xfc,0x00,0x00,0x00,0x00,0xfc,0x00,0x00,0x00,0x00,0xfc,0x00,0x00,0x00,0x00,0xfc,0x00,0x00,0x00,0x00,0xfc,
  0x00,0x00,0x00,0x00,0xfc,0x00,0x00,0x00,0x00,0xfc,0x00,0x00,0x00,0x00,0xfc,0x00,0x00,0x00,0x00,0xfc,0x00,0x00,0x00,0x00,
  0xfc,0x00,0x00,0x00,0x00,0xfc,0x00,0x00,0x00,0x00,0xfc,0x00,0x00,0x00,0x00,0xfc,0x00,0x00,0x00,0x00,0xfc,0x00,0x00,0x00,
  0x00,0xfc,0x00,0x00,0x00,0x00,0xfc,0x00,0x00,0x00,0x00,0xfc,0x00,0x00,0x00,0x00,0xfc,0x00,0x00,0x00,0x00,0xfc,0x00,0x00,
  0x00,0x00,0xfc,0x00,0x00,0x00,0x00,0xfc,0x00,0x00,0x00,0x00,0xfc,0x00,0x00,0x00,0x00,0xfc,0x00,0x00,0x00,0x00,0xfc,0x00,
  0x00,0x00,0x00,0xfc,0x00,0x00,0x00,0x00,0xfc,0x00,0x00,0x00,0x00,0xfc,0x00,0x00,0x00,0x00,0xfc,0x00,0x00,0x07,0xe0,0x00,
  0x00,0x1f,0x80,0x07,0xe0,0x00,0x00,0x1f,0x80,0x07,0xe0,0x00,0x00,0x1f,0x80,0x07,0xe0,0x00,0x00,0x1f,0x80,0x07,0xe0,0x00,
  0x00,0x1f,0x80,0x07,0xe0,0x00,0x00,0x1f,0x80,0x07,0xe0,0x00,0x00,0x1f,0x80,0x07,0xe0,0x00,0x00,0x1f,0x80,0x07,0xe0,0x00,
  0x00,0x1f,0x80,0x07,0xe0,0x00,0x00,0x1f,0x80,0x07,0xe0,0x00,0x00,0x1f,0x80,0x07,0xe0,0x00,0x00,0x1f,0x80,0x07,0xe0,0x00,
  0x00,0x1f,0x80,0x07,0xe0,0x00,0x00,0x1f,0x80,0x07,0xe0,0x00,0x00,0x1f,0x80,0x07,0xe0,0x00,0x00,0x1f,0x80,0x07,0xe0,0x00,
  0x00,0x1f,0x80,0x07,0xe0,0x00,0x00,0x1f,0x80,0x07,0xe0,0x00,0x00,0x1f,0x80,0x07,0xe0,0x00,0x00,0x1f,0x80,0x07,0xe0,0x00,
  0x00,0x1f,0x80,0x07,0xe0,0x00,0x00,0x1f,0x80,0x07,0xe0,0x00,0x00,0x1f,0x80,0x07,0xe0,0x00,0x00,0x1f,0x80,0x07,0xe0,0x00,
  0x00,0x1f,0x80,0x07,0xe0,0x00,0x00,0x1f,0x80,0x07,0xe0,0x00,0x00,0x1f,0x80,0x07,0xe0,0x00,0x00,0x1f,0x80,0x07,0xe0,0x00,
  0x00,0x1f,0x80,0x07,0xe0,0x00,0x00,0x1f,0x80,0x07,0xe0,0x00,0x00,0x1f,0x80,0x07,0xe0,0x00,0x00,0x1f,0x80,0x07,0xe0,0x00,
  0x00,0x1f,0x80,0x07,0xe0,0x00,0x00,0x1f,0x80,0x07,0xe0,0x00,0x00,0x1f,0x80,0x07,0xe0,0x00,0x00,0x1f,0x80,0x07,0xff,0xff,
  0xff,0xff,0x80,0x03,0xff,0xff,0xff,0xff,0x80,0x03,0xff,0xff,0xff,0xff,0x80,0x01,0xff,0xff,0xff,0xff,0x00,0x01,0xff,0xff,
  0xff,0xfe,0x00,0x00,0x7f,0xff,0xff,0xfc,0x00,0x3f,0x00,0x00,0x00,0x3f,0x80,0x3f,0x80,0x00,0x00,0x3f,0x00,0x1f,0x80,0x00,
  0x00,0x7f,0x00,0x1f,0xc0,0x00,0x00,0x7e,0x00,0x0f,0xc0,0x00,0x00,0x7e,0x00,0x0f,0xc0,0x00,0x00,0xfe,0x00,0x0f,0xe0,0x00,
  0x00,0xfc,0x00,0x07,0xe0,0x00,0x00,0xfc,0x00,0x07,0xe0,0x00,0x01,0xfc,0x00,0x07,0xf0,0x00,0x01,0xf8,0x00,0x03,0xf0,0x00,
  0x03,0xf8,0x00,0x03,0xf8,0x00,0x03,0xf0,0x00,0x01,0xf8,0x00,0x03,0xf0,0x00,0x01,0xf8,0x00,0x07,0xf0,0x00,0x01,0xfc,0x00,
  0x07,0xe0,0x00,0x00,0xfc,0x00,0x07,0xe0,0x00,0x00,0xfc,0x00,0x0f,0xc0,0x00,0x00,0x7e,0x00,0x0f,0xc0,0x00,0x00,0x7e,0x00,
  0x1f,0xc0,0x00,0x00,0x7f,0x00,0x1f,0x80,0x00,0x00,0x3f,0x00,0x1f,0x80,0x00,0x00,0x3f,0x00,0x3f,0x80,0x00,0x00,0x3f,0x80,
  0x3f,0x00,0x00,0x00,0x1f,0x80,0x7f,0x00,0x00,0x00,0x1f,0x80,0x7e,0x00,0x00,0x00,0x0f,0xc0,0x7e,0x00,0x00,0x00,0x0f,0xc0,
  0xfe,0x00,0x00,0x00,0x0f,0xe0,0xfc,0x00,0x00,0x00,0x07,0xe0,0xfc,0x00,0x00,0x00,0x07,0xe1,0xf8,0x00,0x00,0x00,0x03,0xf1,
  0xf8,0x00,0x00,0x00,0x03,0xf3,0xf8,0x00,0x00,0x00,0x03,0xfb,0xf0,0x00,0x00,0x00,0x01,0xfb,0xf0,0x00,0x00,0x00,0x01,0xff,
  0xf0,0x00,0x00,0x00,0x01,0xff,0xe0,0x00,0x00,0x00,0x00,0xff,0xe0,0x00,0x00,0x00,0x00,0xff,0xc0,0x00,0x00,0x00,0x00,0x7f,
  0xc0,0x00,0x00,0x00,0x00,0x7f,0xc0,0x00,0x00,0x00,0x00,0x7f,0x80,0x00,0x00,0x00,0x00,0x3f,0x80,0x00,0x00,0x3f,0x00,0x00,
  0x3f,0x80,0x00,0x1f,0x80,0x3f,0x00,0x00,0x3f,0x80,0x00,0x1f,0x80,0x3f,0x00,0x00,0x3f,0x80,0x00,0x3f,0x00,0x1f,0x80,0x00,
  0x7f,0x80,0x00,0x3f,0x00,0x1f,0x80,0x00,0x7f,0xc0,0x00,0x3f,0x00,0x1f,0x80,0x00,0x7f,0xc0,0x00,0x7e,0x00,0x0f,0xc0,0x00,
  0x7f,0xc0,0x00,0x7e,0x00,0x0f,0xc0,0x00,0xff,0xc0,0x00,0x7e,0x00,0x0f,0xc0,0x00,0xff,0xe0,0x00,0x7e,0x00,0x0f,0xc0,0x00,
  0xff,0xe0,0x00,0xfc,0x00,0x07,0xe0,0x01,0xff,0xe0,0x00,0xfc,0x00,0x07,0xe0,0x01,0xfb,0xf0,0x00,0xfc,0x00,0x07,0xe0,0x01,
  0xfb,0xf0,0x00,0xf8,0x00,0x03,0xf0,0x01,0xfb,0xf0,0x01,0xf8,0x00,0x03,0xf0,0x03,0xf1,0xf0,0x01,0xf8,0x00,0x03,0xf0,0x03,
  0xf1,0xf8,0x01,0xf8,0x00,0x03,0xf0,0x03,0xf1,0xf8,0x03,0xf0,0x00,0x01,0xf8,0x03,0xe1,0xf8,0x03,0xf0,0x00,0x01,0xf8,0x07,
  0xe0,0xfc,0x03,0xf0,0x00,0x01,0xf8,0x07,0xe0,0xfc,0x03,0xe0,0x00,0x00,0xfc,0x07,0xe0,0xfc,0x07,0xe0,0x00,0x00,0xfc,0x0f,
  0xc0,0x7c,0x07,0xe0,0x00,0x00,0xfc,0x0f,0xc0,0x7e,0x07,0xe0,0x00,0x00,0x7c,0x0f,0xc0,0x7e,0x0f,0xc0,0x00,0x00,0x7e,0x0f,
  0x80,0x7e,0x0f,0xc0,0x00,0x00,0x7e,0x1f,0x80,0x3e,0x0f,0xc0,0x00,0x00,0x7e,0x1f,0x80,0x3f,0x0f,0x80,0x00,0x00,0x3e,0x1f,
  0x80,0x3f,0x1f,0x80,0x00,0x00,0x3f,0x3f,0x00,0x1f,0x1f,0x80,0x00,0x00,0x3f,0x3f,0x00,0x1f,0x9f,0x80,0x00,0x00,0x1f,0x3f,
  0x00,0x1f,0xbf,0x00,0x00,0x00,0x1f,0xbe,0x00,0x1f,0xbf,0x00,0x00,0x00,0x1f,0xfe,0x00,0x0f,0xbf,0x00,0x00,0x00,0x1f,0xfe,
  0x00,0x0f,0xfe,0x00,0x00,0x00,0x0f,0xfe,0x00,0x0f,0xfe,0x00,0x00,0x00,0x0f,0xfc,0x00,0x07,0xfe,0x00,0x00,0x00,0x0f,0xfc,
  0x00,0x07,0xfe,0x00,0x00,0x00,0x07,0xfc,0x00,0x07,0xfc,0x00,0x00,0x00,0x07,0xf8,0x00,0x07,0xfc,0x00,0x00,0x00,0x07,0xf8,
  0x00,0x03,0xfc,0x00,0x00,0x00,0x07,0xf8,0x00,0x03,0xf8,0x00,0x00,0x00,0x03,0xf8,0x00,0x03,0xf8,0x00,0x00,0x3f,0xc0,0x00,
  0x01,0xfe,0x00,0x1f,0xc0,0x00,0x01,0xfc,0x00,0x0f,0xe0,0x00,0x03,0xf8,0x00,0x07,0xf0,0x00,0x07,0xf8,0x00,0x07,0xf8,0x00,
  0x07,0xf0,0x00,0x03,0xf8,0x00,0x0f,0xe0,0x00,0x01,0xfc,0x00,0x1f,0xc0,0x00,0x01,0xfe,0x00,0x3f,0xc0,0x00,0x00,0xfe,0x00,
  0x3f,0x80,0x00,0x00,0x7f,0x00,0x7f,0x00,0x00,0x00,0x3f,0x80,0xff,0x00,0x00,0x00,0x3f,0xc0,0xfe,0x00,0x00,0x00,0x1f,0xc1,
  0xfc,0x00,0x00,0x00,0x0f,0xe3,0xf8,0x00,0x00,0x00,0x0f,0xf7,0xf8,0x00,0x00,0x00,0x07,0xff,0xf0,0x00,0x00,0x00,0x03,0xff,
  0xe0,0x00,0x00,0x00,0x01,0xff,0xe0,0x00,0x00,0x00,0x01,0xff,0xc0,0x00,0x00,0x00,0x00,0xff,0x80,0x00,0x00,0x00,0x00,0x7f,
  0x00,0x00,0x00,0x00,0x00,0x7f,0x80,0x00,0x00,0x00,0x00,0xff,0x80,0x00,0x00,0x00,0x01,0xff,0xc0,0x00,0x00,0x00,0x03,0xff,
  0xe0,0x00,0x00,0x00,0x03,0xff,0xf0,0x00,0x00,0x00,0x07,0xf7,0xf0,0x00,0x00,0x00,0x0f,0xe3,0xf8,0x00,0x00,0x00,0x1f,0xe3,
  0xfc,0x00,0x00,0x00,0x1f,0xc1,0xfc,0x00,0x00,0x00,0x3f,0x80,0xfe,0x00,0x00,0x00,0x7f,0x80,0x7f,0x00,0x00,0x00,0x7f,0x00,
  0x7f,0x80,0x00,0x00,0xfe,0x00,0x3f,0x80,0x00,0x01,0xfc,0x00,0x1f,0xc0,0x00,0x03,0xfc,0x00,0x1f,0xe0,0x00,0x03,0xf8,0x00,
  0x0f,0xe0,0x00,0x07,0xf0,0x00,0x07,0xf0,0x00,0x0f,0xf0,0x00,0x03,0xf8,0x00,0x0f,0xe0,0x00,0x03,0xfc,0x00,0x1f,0xc0,0x00,
  0x01,0xfc,0x00,0x3f,0x80,0x00,0x00,0xfe,0x00,0x3f,0x00,0x00,0x00,0xfe,0x00,0x3f,0x80,0x00,0x00,0xfe,0x00,0x1f,0xc0,0x00,
  0x01,0xfc,0x00,0x1f,0xc0,0x00,0x03,0xf8,0x00,0x0f,0xe0,0x00,0x03,0xf8,0x00,0x07,0xf0,0x00,0x07,0xf0,0x00,0x07,0xf0,0x00,
  0x07,0xe0,0x00,0x03,0xf8,0x00,0x0f,0xe0,0x00,0x01,0xf8,0x00,0x1f,0xc0,0x00,0x01,0xfc,0x00,0x1f,0xc0,0x00,0x00,0xfe,0x00,
  0x3f,0x80,0x00,0x00,0x7e,0x00,0x7f,0x00,0x00,0x00,0x7f,0x00,0x7f,0x00,0x00,0x00,0x3f,0x80,0xfe,0x00,0x00,0x00,0x3f,0x80,
  0xfc,0x00,0x00,0x00,0x1f,0xc1,0xfc,0x00,0x00,0x00,0x0f,0xc3,0xf8,0x00,0x00,0x00,0x0f,0xe3,0xf0,0x00,0x00,0x00,0x07,0xf7,
  0xf0,0x00,0x00,0x00,0x03,0xff,0xe0,0x00,0x00,0x00,0x03,0xff,0xc0,0x00,0x00,0x00,0x01,0xff,0xc0,0x00,0x00,0x00,0x00,0xff,
  0x80,0x00,0x00,0x00,0x00,0xff,0x80,0x00,0x00,0x00,0x00,0x7f,0x00,0x00,0x00,0x00,0x00,0x7e,0x00,0x00,0x00,0x00,0x00,0x7e,
  0x00,0x00,0x00,0x00,0x00,0x7e,0x00,0x00,0x00,0x00,0x00,0x7e,0x00,0x00,0x00,0x00,0x00,0x7e,0x00,0x00,0x00,0x00,0x00,0x7e,
  0x00,0x00,0x00,0x00,0x00,0x7e,0x00,0x00,0x00,0x00,0x00,0x7e,0x00,0x00,0x00,0x00,0x00,0x7e,0x00,0x00,0x00,0x00,0x00,0x7e,
  0x00,0x00,0x00,0x00,0x00,0x7e,0x00,0x00,0x00,0x00,0x00,0x7e,0x00,0x00,0x00,0x00,0x00,0x7e,0x00,0x00,0x00,0x00,0x00,0x7e,
  0x00,0x00,0x00,0x00,0x00,0x7e,0x00,0x00,0x00,0x00,0x00,0x7e,0x00,0x00,0x00,0x00,0x00,0x7e,0x00,0x00,0x00,0x0f,0xff,0xff,
  0xff,0xf8,0x00,0x0f,0xff,0xff,0xff,0xf8,0x00,0x0f,0xff,0xff,0xff,0xf8,0x00,0x0f,0xff,0xff,0xff,0xf0,0x00,0x0f,0xff,0xff,
  0xff,0xf0,0x00,0x0f,0xff,0xff,0xff,0xe0,0x00,0x00,0x00,0x00,0x1f,0xc0,0x00,0x00,0x00,0x00,0x3f,0x80,0x00,0x00,0x00,0x00,
  0x3f,0x80,0x00,0x00,0x00,0x00,0x7f,0x00,0x00,0x00,0x00,0x00,0xfe,0x00,0x00,0x00,0x00,0x00,0xfe,0x00,0x00,0x00,0x00,0x01,
  0xfc,0x00,0x00,0x00,0x00,0x03,0xf8,0x00,0x00,0x00,0x00,0x03,0xf8,0x00,0x00,0x00,0x00,0x07,0xf0,0x00,0x00,0x00,0x00,0x0f,
  0xe0,0x00,0x00,0x00,0x00,0x1f,0xe0,0x00,0x00,0x00,0x00,0x1f,0xc0,0x00,0x00,0x00,0x00,0x3f,0x80,0x00,0x00,0x00,0x00,0x7f,
  0x00,0x00,0x00,0x00,0x00,0x7f,0x00,0x00,0x00,0x00,0x00,0xfe,0x00,0x00,0x00,0x00,0x01,0xfc,0x00,0x00,0x00,0x00,0x01,0xfc,
  0x00,0x00,0x00,0x00,0x03,0xf8,0x00,0x00,0x00,0x00,0x07,0xf0,0x00,0x00,0x00,0x00,0x0f,0xf0,0x00,0x00,0x00,0x00,0x0f,0xe0,
  0x00,0x00,0x00,0x00,0x1f,0xc0,0x00,0x00,0x00,0x00,0x3f,0x80,0x00,0x00,0x00,0x00,0x3f,0x80,0x00,0x00,0x00,0x00,0x7f,0x00,
  0x00,0x00,0x00,0x00,0xfe,0x00,0x00,0x00,0x00,0x00,0xfe,0x00,0x00,0x00,0x00,0x01,0xfc,0x00,0x00,0x00,0x00,0x03,0xff,0xff,
  0xff,0xf8,0x00,0x07,0xff,0xff,0xff,0xf8,0x00,0x07,0xff,0xff,0xff,0xf8,0x00,0x0f,0xff,0xff,0xff,0xf8,0x00,0x0f,0xff,0xff,
  0xff,0xf8,0x00,0x0f,0xff,0xff,0xff,0xf8,0x00,0x07,0xff,0xf8,0x00,0x07,0xff,0xf8,0x00,0x07,0xff,0xf8,0x00,0x07,0xff,0xf8,
  0x00,0x07,0xff,0xf8,0x00,0x07,0xff,0xf8,0x00,0x07,0xe0,0x00,0x00,0x07,0xe0,0x00,0x00,0x07,0xe0,0x00,0x00,0x07,0xe0,0x00,
  0x00,0x07,0xe0,0x00,0x00,0x07,0xe0,0x00,0x00,0x07,0xe0,0x00,0x00,0x07,0xe0,0x00,0x00,0x07,0xe0,0x00,0x00,0x07,0xe0,0x00,
  0x00,0x07,0xe0,0x00,0x00,0x07,0xe0,0x00,0x00,0x07,0xe0,0x00,0x00,0x07,0xe0,0x00,0x00,0x07,0xe0,0x00,0x00,0x07,0xe0,0x00,
  0x00,0x07,0xe0,0x00,0x00,0x07,0xe0,0x00,0x00,0x07,0xe0,0x00,0x00,0x07,0xe0,0x00,0x00,0x07,0xe0,0x00,0x00,0x07,0xe0,0x00,
  0x00,0x07,0xe0,0x00,0x00,0x07,0xe0,0x00,0x00,0x07,0xe0,0x00,0x00,0x07,0xe0,0x00,0x00,0x07,0xe0,0x00,0x00,0x07,0xe0,0x00,
  0x00,0x07,0xe0,0x00,0x00,0x07,0xe0,0x00,0x00,0x07,0xe0,0x00,0x00,0x07,0xe0,0x00,0x00,0x07,0xe0,0x00,0x00,0x07,0xe0,0x00,
  0x00,0x07,0xe0,0x00,0x00,0x07,0xe0,0x00,0x00,0x07,0xe0,0x00,0x00,0x07,0xe0,0x00,0x00,0x07,0xe0,0x00,0x00,0x07,0xe0,0x00,
  0x00,0x07,0xe0,0x00,0x00,0x07,0xe0,0x00,0x00,0x07,0xe0,0x00,0x00,0x07,0xe0,0x00,0x00,0x07,0xe0,0x00,0x00,0x07,0xe0,0x00,
  0x00,0x07,0xff,0xf8,0x00,0x07,0xff,0xf8,0x00,0x07,0xff,0xf8,0x00,0x07,0xff,0xf8,0x00,0x07,0xff,0xf8,0x00,0x07,0xff,0xf8,
  0x00,0x1f,0x00,0x00,0x00,0x1f,0x80,0x00,0x00,0x1f,0x80,0x00,0x00,0x0f,0x80,0x00,0x00,0x0f,0xc0,0x00,0x00,0x0f,0xc0,0x00,
  0x00,0x07,0xc0,0x00,0x00,0x07,0xe0,0x00,0x00,0x07,0xe0,0x00,0x00,0x03,0xe0,0x00,0x00,0x03,0xf0,0x00,0x00,0x03,0xf0,0x00,
  0x00,0x01,0xf0,0x00,0x00,0x01,0xf8,0x00,0x00,0x01,0xf8,0x00,0x00,0x00,0xf8,0x00,0x00,0x00,0xfc,0x00,0x00,0x00,0xfc,0x00,
  0x00,0x00,0x7c,0x00,0x00,0x00,0x7e,0x00,0x00,0x00,0x7e,0x00,0x00,0x00,0x3e,0x00,0x00,0x00,0x3f,0x00,0x00,0x00,0x3f,0x00,
  0x00,0x00,0x1f,0x00,0x00,0x00,0x1f,0x80,0x00,0x00,0x1f,0x80,0x00,0x00,0x0f,0x80,0x00,0x00,0x0f,0xc0,0x00,0x00,0x0f,0xc0,
  0x00,0x00,0x07,0xc0,0x00,0x00,0x07,0xe0,0x00,0x00,0x07,0xe0,0x00,0x00,0x03,0xe0,0x00,0x00,0x03,0xf0,0x00,0x00,0x03,0xf0,
  0x00,0x00,0x01,0xf0,0x00,0x00,0x01,0xf8,0x00,0x00,0x01,0xf8,0x00,0x00,0x00,0xf8,0x00,0x00,0x00,0xfc,0x00,0x00,0x00,0xfc,
  0x00,0x00,0x00,0x7c,0x00,0x00,0x00,0x7e,0x00,0x00,0x00,0x7e,0x00,0x00,0x00,0x3e,0x00,0x00,0x00,0x3f,0x00,0x00,0x00,0x3f,
  0x00,0x0f,0xff,0xe0,0x00,0x0f,0xff,0xe0,0x00,0x0f,0xff,0xe0,0x00,0x0f,0xff,0xe0,0x00,0x0f,0xff,0xe0,0x00,0x0f,0xff,0xe0,
  0x00,0x00,0x07,0xe0,0x00,0x00,0x07,0xe0,0x00,0x00,0x07,0xe0,0x00,0x00,0x07,0xe0,0x00,0x00,0x07,0xe0,0x00,0x00,0x07,0xe0,
  0x00,0x00,0x07,0xe0,0x00,0x00,0x07,0xe0,0x00,0x00,0x07,0xe0,0x00,0x00,0x07,0xe0,0x00,0x00,0x07,0xe0,0x00,0x00,0x07,0xe0,
  0x00,0x00,0x07,0xe0,0x00,0x00,0x07,0xe0,0x00,0x00,0x07,0xe0,0x00,0x00,0x07,0xe0,0x00,0x00,0x07,0xe0,0x00,0x00,0x07,0xe0,
  0x00,0x00,0x07,0xe0,0x00,0x00,0x07,0xe0,0x00,0x00,0x07,0xe0,0x00,0x00,0x07,0xe0,0x00,0x00,0x07,0xe0,0x00,0x00,0x07,0xe0,
  0x00,0x00,0x07,0xe0,0x00,0x00,0x07,0xe0,0x00,0x00,0x07,0xe0,0x00,0x00,0x07,0xe0,0x00,0x00,0x07,0xe0,0x00,0x00,0x07,0xe0,
  0x00,0x00,0x07,0xe0,0x00,0x00,0x07,0xe0,0x00,0x00,0x07,0xe0,0x00,0x00,0x07,0xe0,0x00,0x00,0x07,0xe0,0x00,0x00,0x07,0xe0,
  0x00,0x00,0x07,0xe0,0x00,0x00,0x07,0xe0,0x00,0x00,0x07,0xe0,0x00,0x00,0x07,0xe0,0x00,0x00,0x07,0xe0,0x00,0x00,0x07,0xe0,
  0x00,0x00,0x07,0xe0,0x00,0x00,0x07,0xe0,0x00,0x00,0x07,0xe0,0x00,0x00,0x07,0xe0,0x00,0x0f,0xff,0xe0,0x00,0x0f,0xff,0xe0,
  0x00,0x0f,0xff,0xe0,0x00,0x0f,0xff,0xe0,0x00,0x0f,0xff,0xe0,0x00,0x0f,0xff,0xe0,0x00,0x00,0x07,0xf0,0x00,0x00,0x00,0x07,
  0xf8,0x00,0x00,0x00,0x0f,0xf8,0x00,0x00,0x00,0x0f,0xfc,0x00,0x00,0x00,0x1f,0xfe,0x00,0x00,0x00,0x3f,0x7e,0x00,0x00,0x00,
  0x3e,0x3f,0x00,0x00,0x00,0x7e,0x1f,0x00,0x00,0x00,0xfc,0x1f,0x80,0x00,0x00,0xfc,0x0f,0xc0,0x00,0x01,0xf8,0x0f,0xc0,0x00,
  0x03,0xf0,0x07,0xe0,0x00,0x03,0xf0,0x03,0xf0,0x00,0x07,0xe0,0x03,0xf0,0x00,0x07,0xe0,0x01,0xf8,0x00,0x0f,0xc0,0x00,0xfc,
  0x00,0x1f,0x80,0x00,0xfc,0x00,0x1f,0x80,0x00,0x7e,0x00,0x00,0x00,0x00,0x00,0x00,0x00,0x00,0x00,0x00,0x00,0x00,0x00,0x00,
  0x00,0x00,0x00,0x00,0x00,0x00,0x00,0x00,0x00,0x00,0x00,0x00,0x00,0x00,0x00,0x00,0x00,0x00,0x00,0x00,0x00,0x00,0x00,0x00,
  0x00,0x00,0x00,0x00,0x00,0x00,0x00,0x00,0x00,0x00,0x00,0x00,0x00,0x00,0x00,0x00,0x00,0x00,0x00,0x00,0x00,0x00,0x00,0x00,
  0x00,0x00,0x00,0x00,0x00,0x00,0x00,0x00,0x00,0x00,0x00,0x00,0x00,0x00,0x00,0x00,0x00,0x00,0x00,0x00,0x00,0x00,0x00,0x00,
  0x00,0x00,0x00,0x00,0x00,0x00,0x00,0x00,0x00,0x00,0x00,0x00,0x00,0x00,0x00,0x00,0x00,0x00,0x00,0x00,0x00,0x00,0x00,0x00,
  0x00,0x00,0x00,0x00,0x00,0x00,0x00,0x00,0x00,0x00,0x00,0x00,0x00,0x00,0x00,0x00,0x00,0x00,0x00,0x00,0x00,0x00,0x00,0x00,
  0x00,0x00,0x00,0x00,0x00,0x00,0x00,0x00,0x00,0x00,0x00,0x00,0x00,0x00,0x00,0x00,0x00,0x00,0x00,0x00,0x00,0x00,0x00,0x00,
  0x00,0x00,0x00,0x00,0x00,0x00,0x00,0x00,0x00,0x00,0x00,0x00,0x00,0x00,0x00,0x00,0x00,0x00,0x00,0x00,0x00,0x00,0x00,0x7f,
  0xff,0xff,0xff,0xfc,0x7f,0xff,0xff,0xff,0xfc,0x7f,0xff,0xff,0xff,0xfc,0x7f,0xff,0xff,0xff,0xfc,0x7f,0xff,0xff,0xff,0xfc,
  0x0f,0xf8,0x00,0x03,0xfc,0x00,0x00,0xfe,0x00,0x00,0x7f,0x00,0x00,0x1f,0x80,0x00,0x07,0xc0,0x00,0x00,0x00,0x00,0x00,0x00,
  0x00,0x00,0x00,0x00,0x00,0x00,0x00,0x00,0x00,0x00,0x00,0x00,0x00,0x00,0x00,0x00,0x00,0x00,0x00,0x00,0x00,0x00,0x00,0x00,
  0x00,0x00,0x00,0x00,0x00,0x00,0x00,0x00,0x00,0x00,0x00,0x00,0x00,0x00,0x00,0x00,0x00,0x00,0x00,0x00,0x00,0x00,0x00,0x00,
  0x00,0x00,0x00,0x00,0x00,0x00,0x00,0x00,0x00,0x00,0x00,0x00,0x00,0x00,0x00,0x00,0x00,0x00,0x00,0x00,0x00,0x00,0x00,0x00,
  0x00,0x00,0x00,0x00,0x00,0x00,0x00,0x00,0x00,0x00,0x00,0x00,0x00,0x00,0x00,0x00,0x00,0x00,0x00,0x00,0x00,0x00,0x00,0x00,
  0x00,0x00,0x00,0x00,0x00,0x00,0x00,0x00,0x00,0x01,0xff,0xff,0xf0,0x00,0x01,0xff,0xff,0xf8,0x00,0x01,0xff,0xff,0xfc,0x00,
  0x01,0xff,0xff,0xfe,0x00,0x01,0xff,0xff,0xfe,0x00,0x01,0xff,0xff,0xfe,0x00,0x00,0x00,0x00,0x7e,0x00,0x00,0x00,0x00,0x7e,
  0x00,0x00,0x00,0x00,0x7e,0x00,0x00,0x00,0x00,0x7e,0x00,0x00,0x00,0x00,0x7e,0x00,0x00,0xff,0xff,0xfe,0x00,0x01,0xff,0xff,
  0xfe,0x00,0x03,0xff,0xff,0xfe,0x00,0x07,0xff,0xff,0xfe,0x00,0x07,0xff,0xff,0xfe,0x00,0x07,0xff,0xff,0xfe,0x00,0x07,0xe0,
  0x00,0x7e,0x00,0x07,0xe0,0x00,0x7e,0x00,0x07,0xe0,0x00,0x7e,0x00,0x07,0xe0,0x00,0x7e,0x00,0x07,0xe0,0x00,0x7e,0x00,0x07,
  0xe0,0x00,0x7e,0x00,0x07,0xe0,0x00,0x7e,0x00,0x07,0xe0,0x00,0x7e,0x00,0x07,0xff,0xff,0xfe,0x00,0x07,0xff,0xff,0xfe,0x00,
  0x07,0xff,0xff,0xfe,0x00,0x03,0xff,0xff,0x7e,0x00,0x01,0xff,0xfe,0x7e,0x00,0x00,0xff,0xfc,0x7e,0x00,0x07,0xe0,0x00,0x00,
  0x00,0x07,0xe0,0x00,0x00,0x00,0x07,0xe0,0x00,0x00,0x00,0x07,0xe0,0x00,0x00,0x00,0x07,0xe0,0x00,0x00,0x00,0x07,0xe0,0x00,
  0x00,0x00,0x07,0xe0,0x00,0x00,0x00,0x07,0xe0,0x00,0x00,0x00,0x07,0xe0,0x00,0x00,0x00,0x07,0xe0,0x00,0x00,0x00,0x07,0xe0,
  0x00,0x00,0x00,0x07,0xe0,0x00,0x00,0x00,0x07,0xe3,0xff,0xf8,0x00,0x07,0xe7,0xff,0xfc,0x00,0x07,0xef,0xff,0xfe,0x00,0x07,
  0xff,0xff,0xff,0x00,0x07,0xff,0xff,0xff,0x00,0x07,0xff,0xff,0xff,0x00,0x07,0xe0,0x00,0x1f,0x00,0x07,0xe0,0x00,0x1f,0x00,
  0x07,0xe0,0x00,0x1f,0x00,0x07,0xe0,0x00,0x1f,0x00,0x07,0xe0,0x00,0x1f,0x00,0x07,0xe0,0x00,0x1f,0x00,0x07,0xe0,0x00,0x1f,
  0x00,0x07,0xe0,0x00,0x1f,0x00,0x07,0xe0,0x00,0x1f,0x00,0x07,0xe0,0x00,0x1f,0x00,0x07,0xe0,0x00,0x1f,0x00,0x07,0xe0,0x00,
  0x1f,0x00,0x07,0xe0,0x00,0x1f,0x00,0x07,0xe0,0x00,0x1f,0x00,0x07,0xe0,0x00,0x1f,0x00,0x07,0xe0,0x00,0x1f,0x00,0x07,0xe0,
  0x00,0x1f,0x00,0x07,0xe0,0x00,0x1f,0x00,0x07,0xe0,0x00,0x1f,0x00,0x07,0xff,0xff,0xff,0x00,0x07,0xff,0xff,0xff,0x00,0x07,
  0xff,0xff,0xff,0x00,0x03,0xff,0xff,0xfe,0x00,0x01,0xff,0xff,0xfc,0x00,0x00,0xff,0xff,0xf8,0x00,0x00,0xff,0xff,0xf0,0x00,
  0x01,0xff,0xff,0xf8,0x00,0x03,0xff,0xff,0xfc,0x00,0x07,0xff,0xff,0xfe,0x00,0x07,0xff,0xff,0xfe,0x00,0x07,0xff,0xff,0xfe,
  0x00,0x07,0xe0,0x00,0x7e,0x00,0x07,0xe0,0x00,0x7e,0x00,0x07,0xe0,0x00,0x7e,0x00,0x07,0xe0,0x00,0x7e,0x00,0x07,0xe0,0x00,
  0x7e,0x00,0x07,0xe0,0x00,0x00,0x00,0x07,0xe0,0x00,0x00,0x00,0x07,0xe0,0x00,0x00,0x00,0x07,0xe0,0x00,0x00,0x00,0x07,0xe0,
  0x00,0x00,0x00,0x07,0xe0,0x00,0x00,0x00,0x07,0xe0,0x00,0x00,0x00,0x07,0xe0,0x00,0x00,0x00,0x07,0xe0,0x00,0x00,0x00,0x07,
  0xe0,0x00,0x7e,0x00,0x07,0xe0,0x00,0x7e,0x00,0x07,0xe0,0x00,0x7e,0x00,0x07,0xe0,0x00,0x7e,0x00,0x07,0xe0,0x00,0x7e,0x00,
  0x07,0xff,0xff,0xfe,0x00,0x07,0xff,0xff,0xfe,0x00,0x07,0xff,0xff,0xfe,0x00,0x03,0xff,0xff,0xfc,0x00,0x01,0xff,0xff,0xf8,
  0x00,0x00,0xff,0xff,0xf0,0x00,0x00,0x00,0x00,0x1f,0x00,0x00,0x00,0x00,0x1f,0x00,0x00,0x00,0x00,0x1f,0x00,0x00,0x00,0x00,
  0x1f,0x00,0x00,0x00,0x00,0x1f,0x00,0x00,0x00,0x00,0x1f,0x00,0x00,0x00,0x00,0x1f,0x00,0x00,0x00,0x00,0x1f,0x00,0x00,0x00,
  0x00,0x1f,0x00,0x00,0x00,0x00,0x1f,0x00,0x00,0x00,0x00,0x1f,0x00,0x00,0x00,0x00,0x1f,0x00,0x00,0xff,0xff,0xff,0x00,0x01,
  0xff,0xff,0xff,0x00,0x03,0xff,0xff,0xff,0x00,0x07,0xff,0xff,0xff,0x00,0x07,0xff,0xff,0xff,0x00,0x07,0xff,0xff,0xff,0x00,
  0x07,0xe0,0x00,0x1f,0x00,0x07,0xe0,0x00,0x1f,0x00,0x07,0xe0,0x00,0x1f,0x00,0x07,0xe0,0x00,0x1f,0x00,0x07,0xe0,0x00,0x1f,
  0x00,0x07,0xe0,0x00,0x1f,0x00,0x07,0xe0,0x00,0x1f,0x00,0x07,0xe0,0x00,0x1f,0x00,0x07,0xe0,0x00,0x1f,0x00,0x07,0xe0,0x00,
  0x1f,0x00,0x07,0xe0,0x00,0x1f,0x00,0x07,0xe0,0x00,0x1f,0x00,0x07,0xe0,0x00,0x1f,0x00,0x07,0xe0,0x00,0x1f,0x00,0x07,0xe0,
  0x00,0x1f,0x00,0x07,0xe0,0x00,0x1f,0x00,0x07,0xe0,0x00,0x1f,0x00,0x07,0xe0,0x00,0x1f,0x00,0x07,0xe0,0x00,0x1f,0x00,0x07,
  0xff,0xff,0xff,0x00,0x07,0xff,0xff,0xff,0x00,0x07,0xff,0xff,0xff,0x00,0x03,0xff,0xff,0xdf,0x00,0x01,0xff,0xff,0x9f,0x00,
  0x00,0xff,0xfe,0x1f,0x00,0x00,0xff,0xff,0xf0,0x00,0x01,0xff,0xff,0xf8,0x00,0x03,0xff,0xff,0xfc,0x00,0x07,0xff,0xff,0xfe,
  0x00,0x07,0xff,0xff,0xfe,0x00,0x07,0xff,0xff,0xfe,0x00,0x07,0xe0,0x00,0x7e,0x00,0x07,0xe0,0x00,0x7e,0x00,0x07,0xe0,0x00,
  0x7e,0x00,0x07,0xe0,0x00,0x7e,0x00,0x07,0xe0,0x00,0x7e,0x00,0x07,0xe0,0x00,0x7e,0x00,0x07,0xff,0xff,0xfe,0x00,0x07,0xff,
  0xff,0xfe,0x00,0x07,0xff,0xff,0xfe,0x00,0x07,0xff,0xff,0xfe,0x00,0x07,0xff,0xff,0xfe,0x00,0x07,0xff,0xff,0xfe,0x00,0x07,
  0xe0,0x00,0x00,0x00,0x07,0xe0,0x00,0x00,0x00,0x07,0xe0,0x00,0x00,0x00,0x07,0xe0,0x00,0x00,0x00,0x07,0xe0,0x00,0x00,0x00,
  0x07,0xe0,0x00,0x00,0x00,0x07,0xe0,0x00,0x00,0x00,0x07,0xff,0xff,0xfe,0x00,0x07,0xff,0xff,0xfe,0x00,0x07,0xff,0xff,0xfe,
  0x00,0x03,0xff,0xff,0xfe,0x00,0x01,0xff,0xff,0xfe,0x00,0x00,0xff,0xff,0xfe,0x00,0x00,0x03,0xff,0xe0,0x00,0x07,0xff,0xe0,
  0x00,0x0f,0xff,0xe0,0x00,0x1f,0xff,0xe0,0x00,0x1f,0xff,0xe0,0x00,0x1f,0xff,0xe0,0x00,0x1f,0x00,0x00,0x00,0x1f,0x00,0x00,
  0x00,0x1f,0x00,0x00,0x00,0x1f,0x00,0x00,0x00,0x1f,0x00,0x00,0x00,0x1f,0x00,0x00,0x1f,0xff,0xff,0xe0,0x1f,0xff,0xff,0xe0,
  0x1f,0xff,0xff,0xe0,0x1f,0xff,0xff,0xe0,0x1f,0xff,0xff,0xe0,0x1f,0xff,0xff,0xe0,0x00,0x1f,0x00,0x00,0x00,0x1f,0x00,0x00,
  0x00,0x1f,0x00,0x00,0x00,0x1f,0x00,0x00,0x00,0x1f,0x00,0x00,0x00,0x1f,0x00,0x00,0x00,0x1f,0x00,0x00,0x00,0x1f,0x00,0x00,
  0x00,0x1f,0x00,0x00,0x00,0x1f,0x00,0x00,0x00,0x1f,0x00,0x00,0x00,0x1f,0x00,0x00,0x00,0x1f,0x00,0x00,0x00,0x1f,0x00,0x00,
  0x00,0x1f,0x00,0x00,0x00,0x1f,0x00,0x00,0x00,0x1f,0x00,0x00,0x00,0x1f,0x00,0x00,0x00,0x1f,0x00,0x00,0x00,0x1f,0x00,0x00,
  0x00,0x1f,0x00,0x00,0x00,0x1f,0x00,0x00,0x00,0x1f,0x00,0x00,0x00,0x1f,0x00,0x00,0x00,0x1f,0x00,0x00,0x00,0xff,0xfe,0x1f,
  0x00,0x01,0xff,0xff,0x9f,0x00,0x03,0xff,0xff,0xdf,0x00,0x07,0xff,0xff,0xdf,0x00,0x07,0xff,0xff,0xff,0x00,0x07,0xff,0xff,
  0xff,0x00,0x07,0xe0,0x00,0x1f,0x00,0x07,0xe0,0x00,0x1f,0x00,0x07,0xe0,0x00,0x1f,0x00,0x07,0xe0,0x00,0x1f,0x00,0x07,0xe0,
  0x00,0x1f,0x00,0x07,0xe0,0x00,0x1f,0x00,0x07,0xe0,0x00,0x1f,0x00,0x07,0xe0,0x00,0x1f,0x00,0x07,0xe0,0x00,0x1f,0x00,0x07,
  0xe0,0x00,0x1f,0x00,0x07,0xe0,0x00,0x1f,0x00,0x07,0xe0,0x00,0x1f,0x00,0x07,0xe0,0x00,0x1f,0x00,0x07,0xe0,0x00,0x1f,0x00,
  0x07,0xe0,0x00,0x1f,0x00,0x07,0xe0,0x00,0x1f,0x00,0x07,0xe0,0x00,0x1f,0x00,0x07,0xe0,0x00,0x1f,0x00,0x07,0xff,0xff,0xff,
  0x00,0x07,0xff,0xff,0xff,0x00,0x07,0xff,0xff,0xff,0x00,0x03,0xff,0xff,0xff,0x00,0x01,0xff,0xff,0xff,0x00,0x00,0xff,0xff,
  0xff,0x00,0x00,0x00,0x00,0x1f,0x00,0x00,0x00,0x00,0x1f,0x00,0x00,0x00,0x00,0x1f,0x00,0x00,0x00,0x00,0x1f,0x00,0x00,0x00,
  0x00,0x1f,0x00,0x00,0x00,0x00,0x1f,0x00,0x00,0x00,0x00,0x1f,0x00,0x00,0x00,0x00,0x1f,0x00,0x00,0xff,0xff,0xff,0x00,0x00,
  0xff,0xff,0xff,0x00,0x00,0xff,0xff,0xff,0x00,0x00,0xff,0xff,0xfe,0x00,0x00,0xff,0xff,0xfc,0x00,0x00,0xff,0xff,0xf8,0x00,
  0x07,0xe0,0x00,0x00,0x00,0x07,0xe0,0x00,0x00,0x00,0x07,0xe0,0x00,0x00,0x00,0x07,0xe0,0x00,0x00,0x00,0x07,0xe0,0x00,0x00,
  0x00,0x07,0xe0,0x00,0x00,0x00,0x07,0xe0,0x00,0x00,0x00,0x07,0xe0,0x00,0x00,0x00,0x07,0xe0,0x00,0x00,0x00,0x07,0xe0,0x00,
  0x00,0x00,0x07,0xe0,0x00,0x00,0x00,0x07,0xe0,0x00,0x00,0x00,0x07,0xe3,0xff,0xf8,0x00,0x07,0xe7,0xff,0xfc,0x00,0x07,0xef,
  0xff,0xfe,0x00,0x07,0xff,0xff,0xff,0x00,0x07,0xff,0xff,0xff,0x00,0x07,0xff,0xff,0xff,0x00,0x07,0xe0,0x00,0x1f,0x00,0x07,
  0xe0,0x00,0x1f,0x00,0x07,0xe0,0x00,0x1f,0x00,0x07,0xe0,0x00,0x1f,0x00,0x07,0xe0,0x00,0x1f,0x00,0x07,0xe0,0x00,0x1f,0x00,
  0x07,0xe0,0x00,0x1f,0x00,0x07,0xe0,0x00,0x1f,0x00,0x07,0xe0,0x00,0x1f,0x00,0x07,0xe0,0x00,0x1f,0x00,0x07,0xe0,0x00,0x1f,
  0x00,0x07,0xe0,0x00,0x1f,0x00,0x07,0xe0,0x00,0x1f,0x00,0x07,0xe0,0x00,0x1f,0x00,0x07,0xe0,0x00,0x1f,0x00,0x07,0xe0,0x00,
  0x1f,0x00,0x07,0xe0,0x00,0x1f,0x00,0x07,0xe0,0x00,0x1f,0x00,0x07,0xe0,0x00,0x1f,0x00,0x07,0xe0,0x00,0x1f,0x00,0x07,0xe0,
  0x00,0x1f,0x00,0x07,0xe0,0x00,0x1f,0x00,0x07,0xe0,0x00,0x1f,0x00,0x07,0xe0,0x00,0x1f,0x00,0x07,0xe0,0x00,0x1f,0x00,0x07,
  0xe0,0x07,0xe0,0x07,0xe0,0x07,0xe0,0x07,0xe0,0x07,0xe0,0x00,0x00,0x00,0x00,0x00,0x00,0x00,0x00,0x00,0x00,0x00,0x00,0x07,
  0xe0,0x07,0xe0,0x07,0xe0,0x07,0xe0,0x07,0xe0,0x07,0xe0,0x07,0xe0,0x07,0xe0,0x07,0xe0,0x07,0xe0,0x07,0xe0,0x07,0xe0,0x07,
  0xe0,0x07,0xe0,0x07,0xe0,0x07,0xe0,0x07,0xe0,0x07,0xe0,0x07,0xe0,0x07,0xe0,0x07,0xe0,0x07,0xe0,0x07,0xe0,0x07,0xe0,0x07,
  0xe0,0x07,0xe0,0x07,0xe0,0x07,0xe0,0x07,0xe0,0x07,0xe0,0x07,0xe0,0x07,0xe0,0x07,0xe0,0x07,0xe0,0x07,0xe0,0x07,0xe0,0x07,
  0xe0,0x00,0x00,0x00,0x00,0x00,0x00,0x00,0x00,0x00,0x00,0x00,0x00,0x07,0xe0,0x07,0xe0,0x07,0xe0,0x07,0xe0,0x07,0xe0,0x07,
  0xe0,0x07,0xe0,0x07,0xe0,0x07,0xe0,0x07,0xe0,0x07,0xe0,0x07,0xe0,0x07,0xe0,0x07,0xe0,0x07,0xe0,0x07,0xe0,0x07,0xe0,0x07,
  0xe0,0x07,0xe0,0x07,0xe0,0x07,0xe0,0x07,0xe0,0x07,0xe0,0x07,0xe0,0x07,0xe0,0x07,0xe0,0x07,0xe0,0x07,0xe0,0x07,0xe0,0x07,
  0xe0,0x07,0xe0,0x07,0xe0,0x07,0xe0,0x07,0xe0,0x07,0xe0,0x07,0xe0,0x07,0xe0,0x07,0xe0,0x7f,0xe0,0x7f,0xe0,0x7f,0xc0,0x7f,
  0xc0,0x7f,0x80,0x7e,0x00,0x07,0xe0,0x00,0x00,0x00,0x07,0xe0,0x00,0x00,0x00,0x07,0xe0,0x00,0x00,0x00,0x07,0xe0,0x00,0x00,
  0x00,0x07,0xe0,0x00,0x00,0x00,0x07,0xe0,0x00,0x00,0x00,0x07,0xe0,0x00,0x00,0x00,0x07,0xe0,0x00,0x00,0x00,0x07,0xe0,0x00,
  0x00,0x00,0x07,0xe0,0x00,0x00,0x00,0x07,0xe0,0x00,0x00,0x00,0x07,0xe0,0x00,0x00,0x00,0x07,0xe0,0x00,0xff,0x00,0x07,0xe0,
  0x01,0xfe,0x00,0x07,0xe0,0x07,0xf8,0x00,0x07,0xe0,0x0f,0xf0,0x00,0x07,0xe0,0x1f,0xe0,0x00,0x07,0xe0,0x3f,0xc0,0x00,0x07,
  0xe0,0x7f,0x80,0x00,0x07,0xe0,0xff,0x00,0x00,0x07,0xe1,0xfe,0x00,0x00,0x07,0xe3,0xfc,0x00,0x00,0x07,0xef,0xf8,0x00,0x00,
  0x07,0xff,0xe0,0x00,0x00,0x07,0xff,0xc0,0x00,0x00,0x07,0xff,0x80,0x00,0x00,0x07,0xff,0x00,0x00,0x00,0x07,0xff,0x00,0x00,
  0x00,0x07,0xff,0x80,0x00,0x00,0x07,0xff,0xc0,0x00,0x00,0x07,0xff,0xf0,0x00,0x00,0x07,0xe7,0xf8,0x00,0x00,0x07,0xe3,0xfc,
  0x00,0x00,0x07,0xe1,0xfe,0x00,0x00,0x07,0xe0,0xff,0x00,0x00,0x07,0xe0,0x7f,0x80,0x00,0x07,0xe0,0x3f,0xc0,0x00,0x07,0xe0,
  0x1f,0xe0,0x00,0x07,0xe0,0x0f,0xf8,0x00,0x07,0xe0,0x03,0xfc,0x00,0x07,0xe0,0x01,0xfe,0x00,0x07,0xe0,0x00,0xff,0x00,0x07,
  0xe0,0x00,0x7f,0x80,0x07,0xe0,0x07,0xe0,0x07,0xe0,0x07,0xe0,0x07,0xe0,0x07,0xe0,0x07,0xe0,0x07,0xe0,0x07,0xe0,0x07,0xe0,
  0x07,0xe0,0x07,0xe0,0x07,0xe0,0x07,0xe0,0x07,0xe0,0x07,0xe0,0x07,0xe0,0x07,0xe0,0x07,0xe0,0x07,0xe0,0x07,0xe0,0x07,0xe0,
  0x07,0xe0,0x07,0xe0,0x07,0xe0,0x07,0xe0,0x07,0xe0,0x07,0xe0,0x07,0xe0,0x07,0xe0,0x07,0xe0,0x07,0xe0,0x07,0xe0,0x07,0xe0,
  0x07,0xe0,0x07,0xe0,0x07,0xe0,0x07,0xe0,0x07,0xe0,0x07,0xe0,0x07,0xe0,0x07,0xe0,0x07,0xe0,0x07,0xe3,0xff,0xc0,0x7f,0xf8,
  0x00,0x07,0xe7,0xff,0xf1,0xff,0xfe,0x00,0x07,0xef,0xff,0xf1,0xff,0xfe,0x00,0x07,0xff,0xff,0xfb,0xff,0xff,0x00,0x07,0xff,
  0xff,0xff,0xff,0xff,0x00,0x07,0xff,0xff,0xff,0xff,0xff,0x00,0x07,0xe0,0x00,0xfc,0x00,0x1f,0x00,0x07,0xe0,0x00,0xfc,0x00,
  0x1f,0x00,0x07,0xe0,0x00,0xfc,0x00,0x1f,0x00,0x07,0xe0,0x00,0xfc,0x00,0x1f,0x00,0x07,0xe0,0x00,0xfc,0x00,0x1f,0x00,0x07,
  0xe0,0x00,0xfc,0x00,0x1f,0x00,0x07,0xe0,0x00,0xfc,0x00,0x1f,0x00,0x07,0xe0,0x00,0xfc,0x00,0x1f,0x00,0x07,0xe0,0x00,0xfc,
  0x00,0x1f,0x00,0x07,0xe0,0x00,0xfc,0x00,0x1f,0x00,0x07,0xe0,0x00,0xfc,0x00,0x1f,0x00,0x07,0xe0,0x00,0xfc,0x00,0x1f,0x00,
  0x07,0xe0,0x00,0xfc,0x00,0x1f,0x00,0x07,0xe0,0x00,0xfc,0x00,0x1f,0x00,0x07,0xe0,0x00,0xfc,0x00,0x1f,0x00,0x07,0xe0,0x00,
  0xfc,0x00,0x1f,0x00,0x07,0xe0,0x00,0xfc,0x00,0x1f,0x00,0x07,0xe0,0x00,0xfc,0x00,0x1f,0x00,0x07,0xe0,0x00,0xfc,0x00,0x1f,
  0x00,0x07,0xe0,0x00,0xfc,0x00,0x1f,0x00,0x07,0xe0,0x00,0xfc,0x00,0x1f,0x00,0x07,0xe0,0x00,0xfc,0x00,0x1f,0x00,0x07,0xe0,
  0x00,0xfc,0x00,0x1f,0x00,0x07,0xe0,0x00,0xfc,0x00,0x1f,0x00,0x07,0xe0,0x00,0xfc,0x00,0x1f,0x00,0x07,0xe3,0xff,0xf8,0x00,
  0x07,0xe7,0xff,0xfc,0x00,0x07,0xef,0xff,0xfe,0x00,0x07,0xff,0xff,0xff,0x00,0x07,0xff,0xff,0xff,0x00,0x07,0xff,0xff,0xff,
  0x00,0x07,0xe0,0x00,0x1f,0x00,0x07,0xe0,0x00,0x1f,0x00,0x07,0xe0,0x00,0x1f,0x00,0x07,0xe0,0x00,0x1f,0x00,0x07,0xe0,0x00,
  0x1f,0x00,0x07,0xe0,0x00,0x1f,0x00,0x07,0xe0,0x00,0x1f,0x00,0x07,0xe0,0x00,0x1f,0x00,0x07,0xe0,0x00,0x1f,0x00,0x07,0xe0,
  0x00,0x1f,0x00,0x07,0xe0,0x00,0x1f,0x00,0x07,0xe0,0x00,0x1f,0x00,0x07,0xe0,0x00,0x1f,0x00,0x07,0xe0,0x00,0x1f,0x00,0x07,
  0xe0,0x00,0x1f,0x00,0x07,0xe0,0x00,0x1f,0x00,0x07,0xe0,0x00,0x1f,0x00,0x07,0xe0,0x00,0x1f,0x00,0x07,0xe0,0x00,0x1f,0x00,
  0x07,0xe0,0x00,0x1f,0x00,0x07,0xe0,0x00,0x1f,0x00,0x07,0xe0,0x00,0x1f,0x00,0x07,0xe0,0x00,0x1f,0x00,0x07,0xe0,0x00,0x1f,
  0x00,0x07,0xe0,0x00,0x1f,0x00,0x00,0xff,0xff,0xf0,0x00,0x01,0xff,0xff,0xfc,0x00,0x03,0xff,0xff,0xfe,0x00,0x07,0xff,0xff,
  0xfe,0x00,0x07,0xff,0xff,0xff,0x00,0x07,0xff,0xff,0xff,0x00,0x07,0xe0,0x00,0x3f,0x00,0x07,0xe0,0x00,0x3f,0x00,0x07,0xe0,
  0x00,0x3f,0x00,0x07,0xe0,0x00,0x3f,0x00,0x07,0xe0,0x00,0x3f,0x00,0x07,0xe0,0x00,0x3f,0x00,0x07,0xe0,0x00,0x3f,0x00,0x07,
  0xe0,0x00,0x3f,0x00,0x07,0xe0,0x00,0x3f,0x00,0x07,0xe0,0x00,0x3f,0x00,0x07,0xe0,0x00,0x3f,0x00,0x07,0xe0,0x00,0x3f,0x00,
  0x07,0xe0,0x00,0x3f,0x00,0x07,0xe0,0x00,0x3f,0x00,0x07,0xe0,0x00,0x3f,0x00,0x07,0xe0,0x00,0x3f,0x00,0x07,0xe0,0x00,0x3f,
  0x00,0x07,0xe0,0x00,0x3f,0x00,0x07,0xe0,0x00,0x3f,0x00,0x07,0xff,0xff,0xff,0x00,0x07,0xff,0xff,0xff,0x00,0x07,0xff,0xff,
  0xfe,0x00,0x03,0xff,0xff,0xfe,0x00,0x01,0xff,0xff,0xfc,0x00,0x00,0xff,0xff,0xf0,0x00,0x07,0xe3,0xff,0xf8,0x00,0x07,0xe7,
  0xff,0xfc,0x00,0x07,0xef,0xff,0xfe,0x00,0x07,0xff,0xff,0xff,0x00,0x07,0xff,0xff,0xff,0x00,0x07,0xff,0xff,0xff,0x00,0x07,
  0xe0,0x00,0x1f,0x00,0x07,0xe0,0x00,0x1f,0x00,0x07,0xe0,0x00,0x1f,0x00,0x07,0xe0,0x00,0x1f,0x00,0x07,0xe0,0x00,0x1f,0x00,
  0x07,0xe0,0x00,0x1f,0x00,0x07,0xe0,0x00,0x1f,0x00,0x07,0xe0,0x00,0x1f,0x00,0x07,0xe0,0x00,0x1f,0x00,0x07,0xe0,0x00,0x1f,
  0x00,0x07,0xe0,0x00,0x1f,0x00,0x07,0xe0,0x00,0x1f,0x00,0x07,0xe0,0x00,0x1f,0x00,0x07,0xe0,0x00,0x1f,0x00,0x07,0xe0,0x00,
  0x1f,0x00,0x07,0xe0,0x00,0x1f,0x00,0x07,0xe0,0x00,0x1f,0x00,0x07,0xe0,0x00,0x1f,0x00,0x07,0xe0,0x00,0x1f,0x00,0x07,0xff,
  0xff,0xff,0x00,0x07,0xff,0xff,0xff,0x00,0x07,0xff,0xff,0xff,0x00,0x07,0xff,0xff,0xfe,0x00,0x07,0xff,0xff,0xfc,0x00,0x07,
  0xff,0xff,0xf8,0x00,0x07,0xe0,0x00,0x00,0x00,0x07,0xe0,0x00,0x00,0x00,0x07,0xe0,0x00,0x00,0x00,0x07,0xe0,0x00,0x00,0x00,
  0x07,0xe0,0x00,0x00,0x00,0x07,0xe0,0x00,0x00,0x00,0x07,0xe0,0x00,0x00,0x00,0x07,0xe0,0x00,0x00,0x00,0x07,0xe0,0x00,0x00,
  0x00,0x07,0xe0,0x00,0x00,0x00,0x07,0xe0,0x00,0x00,0x00,0x07,0xe0,0x00,0x00,0x00,0x07,0xe0,0x00,0x00,0x00,0x00,0xff,0xff,
  0xf8,0x00,0x01,0xff,0xff,0xfc,0x00,0x03,0xff,0xff,0xfe,0x00,0x07,0xff,0xff,0xff,0x00,0x07,0xff,0xff,0xff,0x00,0x07,0xff,
  0xff,0xff,0x00,0x07,0xe0,0x00,0x1f,0x00,0x07,0xe0,0x00,0x1f,0x00,0x07,0xe0,0x00,0x1f,0x00,0x07,0xe0,0x00,0x1f,0x00,0x07,
  0xe0,0x00,0x1f,0x00,0x07,0xe0,0x00,0x1f,0x00,0x07,0xe0,0x00,0x1f,0x00,0x07,0xe0,0x00,0x1f,0x00,0x07,0xe0,0x00,0x1f,0x00,
  0x07,0xe0,0x00,0x1f,0x00,0x07,0xe0,0x00,0x1f,0x00,0x07,0xe0,0x00,0x1f,0x00,0x07,0xe0,0x00,0x1f,0x00,0x07,0xe0,0x00,0x1f,
  0x00,0x07,0xe0,0x00,0x1f,0x00,0x07,0xe0,0x00,0x1f,0x00,0x07,0xe0,0x00,0x1f,0x00,0x07,0xe0,0x00,0x1f,0x00,0x07,0xe0,0x00,
  0x1f,0x00,0x07,0xff,0xff,0xff,0x00,0x07,0xff,0xff,0xff,0x00,0x07,0xff,0xff,0xdf,0x00,0x03,0xff,0xff,0x9f,0x00,0x01,0xff,
  0xff,0x9f,0x00,0x00,0xff,0xfe,0x1f,0x00,0x00,0x00,0x00,0x1f,0x00,0x00,0x00,0x00,0x1f,0x00,0x00,0x00,0x00,0x1f,0x00,0x00,
  0x00,0x00,0x1f,0x00,0x00,0x00,0x00,0x1f,0x00,0x00,0x00,0x00,0x1f,0x00,0x00,0x00,0x00,0x1f,0x00,0x00,0x00,0x00,0x1f,0x00,
  0x00,0x00,0x00,0x1f,0x00,0x00,0x00,0x00,0x1f,0x00,0x00,0x00,0x00,0x1f,0x00,0x00,0x00,0x00,0x1f,0x00,0x00,0x00,0x00,0x1f,
  0x00,0x07,0xe3,0xff,0x80,0x07,0xef,0xff,0xc0,0x07,0xef,0xff,0xe0,0x07,0xff,0xff,0xf0,0x07,0xff,0xff,0xf0,0x07,0xff,0xff,
  0xf0,0x07,0xe0,0x03,0xf0,0x07,0xe0,0x03,0xf0,0x07,0xe0,0x03,0xf0,0x07,0xe0,0x03,0xf0,0x07,0xe0,0x03,0xf0,0x07,0xe0,0x00,
  0x00,0x07,0xe0,0x00,0x00,0x07,0xe0,0x00,0x00,0x07,0xe0,0x00,0x00,0x07,0xe0,0x00,0x00,0x07,0xe0,0x00,0x00,0x07,0xe0,0x00,
  0x00,0x07,0xe0,0x00,0x00,0x07,0xe0,0x00,0x00,0x07,0xe0,0x00,0x00,0x07,0xe0,0x00,0x00,0x07,0xe0,0x00,0x00,0x07,0xe0,0x00,
  0x00,0x07,0xe0,0x00,0x00,0x07,0xe0,0x00,0x00,0x07,0xe0,0x00,0x00,0x07,0xe0,0x00,0x00,0x07,0xe0,0x00,0x00,0x07,0xe0,0x00,
  0x00,0x07,0xe0,0x00,0x00,0x00,0xff,0xff,0xf0,0x00,0x03,0xff,0xff,0xf0,0x00,0x07,0xff,0xff,0xf0,0x00,0x07,0xff,0xff,0xf0,
  0x00,0x0f,0xff,0xff,0xf0,0x00,0x0f,0xff,0xff,0xf0,0x00,0x0f,0xc0,0x00,0x00,0x00,0x0f,0xc0,0x00,0x00,0x00,0x0f,0xc0,0x00,
  0x00,0x00,0x0f,0xc0,0x00,0x00,0x00,0x0f,0xc0,0x00,0x00,0x00,0x0f,0xc0,0x00,0x00,0x00,0x0f,0xff,0xff,0xc0,0x00,0x0f,0xff,
  0xff,0xe0,0x00,0x07,0xff,0xff,0xf0,0x00,0x07,0xff,0xff,0xf8,0x00,0x03,0xff,0xff,0xf8,0x00,0x00,0xff,0xff,0xf8,0x00,0x00,
  0x00,0x00,0xf8,0x00,0x00,0x00,0x00,0xf8,0x00,0x00,0x00,0x00,0xf8,0x00,0x00,0x00,0x00,0xf8,0x00,0x00,0x00,0x00,0xf8,0x00,
  0x00,0x00,0x00,0xf8,0x00,0x00,0x00,0x00,0xf8,0x00,0x0f,0xff,0xff,0xf8,0x00,0x0f,0xff,0xff,0xf8,0x00,0x0f,0xff,0xff,0xf8,
  0x00,0x0f,0xff,0xff,0xf0,0x00,0x0f,0xff,0xff,0xe0,0x00,0x0f,0xff,0xff,0xc0,0x00,0x00,0x1f,0x00,0x00,0x00,0x1f,0x00,0x00,
  0x00,0x1f,0x00,0x00,0x00,0x1f,0x00,0x00,0x00,0x1f,0x00,0x00,0x00,0x1f,0x00,0x00,0x00,0x1f,0x00,0x00,0x00,0x1f,0x00,0x00,
  0x00,0x1f,0x00,0x00,0x00,0x1f,0x00,0x00,0x1f,0xff,0xff,0xe0,0x1f,0xff,0xff,0xe0,0x1f,0xff,0xff,0xe0,0x1f,0xff,0xff,0xe0,
  0x1f,0xff,0xff,0xe0,0x1f,0xff,0xff,0xe0,0x00,0x1f,0x00,0x00,0x00,0x1f,0x00,0x00,0x00,0x1f,0x00,0x00,0x00,0x1f,0x00,0x00,
  0x00,0x1f,0x00,0x00,0x00,0x1f,0x00,0x00,0x00,0x1f,0x00,0x00,0x00,0x1f,0x00,0x00,0x00,0x1f,0x00,0x00,0x00,0x1f,0x00,0x00,
  0x00,0x1f,0x00,0x00,0x00,0x1f,0x00,0x00,0x00,0x1f,0x00,0x00,0x00,0x1f,0x00,0x00,0x00,0x1f,0x00,0x00,0x00,0x1f,0x00,0x00,
  0x00,0x1f,0x00,0x00,0x00,0x1f,0x00,0x00,0x00,0x1f,0x00,0x00,0x00,0x1f,0xff,0xe0,0x00,0x1f,0xff,0xe0,0x00,0x1f,0xff,0xe0,
  0x00,0x0f,0xff,0xe0,0x00,0x07,0xff,0xe0,0x00,0x03,0xff,0xe0,0x07,0xe0,0x00,0x1f,0x00,0x07,0xe0,0x00,0x1f,0x00,0x07,0xe0,
  0x00,0x1f,0x00,0x07,0xe0,0x00,0x1f,0x00,0x07,0xe0,0x00,0x1f,0x00,0x07,0xe0,0x00,0x1f,0x00,0x07,0xe0,0x00,0x1f,0x00,0x07,
  0xe0,0x00,0x1f,0x00,0x07,0xe0,0x00,0x1f,0x00,0x07,0xe0,0x00,0x1f,0x00,0x07,0xe0,0x00,0x1f,0x00,0x07,0xe0,0x00,0x1f,0x00,
  0x07,0xe0,0x00,0x1f,0x00,0x07,0xe0,0x00,0x1f,0x00,0x07,0xe0,0x00,0x1f,0x00,0x07,0xe0,0x00,0x1f,0x00,0x07,0xe0,0x00,0x1f,
  0x00,0x07,0xe0,0x00,0x1f,0x00,0x07,0xe0,0x00,0x1f,0x00,0x07,0xe0,0x00,0x1f,0x00,0x07,0xe0,0x00,0x1f,0x00,0x07,0xe0,0x00,
  0x1f,0x00,0x07,0xe0,0x00,0x1f,0x00,0x07,0xe0,0x00,0x1f,0x00,0x07,0xe0,0x00,0x1f,0x00,0x07,0xff,0xff,0xff,0x00,0x07,0xff,
  0xff,0xff,0x00,0x07,0xff,0xff,0xff,0x00,0x03,0xff,0xff,0xdf,0x00,0x01,0xff,0xff,0x9f,0x00,0x00,0xff,0xfe,0x1f,0x00,0x7e,
  0x00,0x00,0x3f,0x00,0x3f,0x00,0x00,0x3f,0x00,0x3f,0x00,0x00,0x7e,0x00,0x1f,0x80,0x00,0x7e,0x00,0x1f,0x80,0x00,0xfc,0x00,
  0x1f,0x80,0x00,0xfc,0x00,0x0f,0xc0,0x00,0xfc,0x00,0x0f,0xc0,0x01,0xf8,0x00,0x07,0xe0,0x01,0xf8,0x00,0x07,0xe0,0x03,0xf0,
  0x00,0x07,0xe0,0x03,0xf0,0x00,0x03,0xf0,0x03,0xf0,0x00,0x03,0xf0,0x07,0xe0,0x00,0x01,0xf8,0x07,0xe0,0x00,0x01,0xf8,0x0f,
  0xc0,0x00,0x01,0xf8,0x0f,0xc0,0x00,0x00,0xfc,0x0f,0xc0,0x00,0x00,0xfc,0x1f,0x80,0x00,0x00,0x7c,0x1f,0x80,0x00,0x00,0x7e,
  0x3f,0x00,0x00,0x00,0x7e,0x3f,0x00,0x00,0x00,0x3f,0x3f,0x00,0x00,0x00,0x3f,0x7e,0x00,0x00,0x00,0x1f,0xfe,0x00,0x00,0x00,
  0x1f,0xfc,0x00,0x00,0x00,0x1f,0xfc,0x00,0x00,0x00,0x0f,0xf8,0x00,0x00,0x00,0x0f,0xf8,0x00,0x00,0x00,0x07,0xf8,0x00,0x00,
  0x00,0x07,0xf0,0x00,0x00,0x00,0x07,0xf0,0x00,0x00,0x7e,0x00,0x07,0xe0,0x00,0x7e,0x3f,0x00,0x07,0xf0,0x00,0x7e,0x3f,0x00,
  0x07,0xf0,0x00,0x7c,0x3f,0x00,0x0f,0xf0,0x00,0xfc,0x1f,0x00,0x0f,0xf8,0x00,0xfc,0x1f,0x80,0x0f,0xf8,0x00,0xf8,0x1f,0x80,
  0x1f,0xf8,0x01,0xf8,0x0f,0x80,0x1f,0xf8,0x01,0xf8,0x0f,0xc0,0x1f,0xfc,0x01,0xf8,0x0f,0xc0,0x1f,0x7c,0x03,0xf0,0x07,0xc0,
  0x3f,0x7c,0x03,0xf0,0x07,0xe0,0x3e,0x7e,0x03,0xf0,0x07,0xe0,0x3e,0x3e,0x03,0xe0,0x03,0xe0,0x7e,0x3e,0x07,0xe0,0x03,0xf0,
  0x7c,0x3e,0x07,0xe0,0x03,0xf0,0x7c,0x3f,0x07,0xc0,0x01,0xf0,0xfc,0x1f,0x0f,0xc0,0x01,0xf8,0xf8,0x1f,0x0f,0xc0,0x01,0xf8,
  0xf8,0x1f,0x8f,0x80,0x00,0xf8,0xf8,0x0f,0x9f,0x80,0x00,0xfd,0xf0,0x0f,0x9f,0x80,0x00,0xfd,0xf0,0x0f,0xdf,0x00,0x00,0x7d,
  0xf0,0x07,0xff,0x00,0x00,0x7f,0xf0,0x07,0xff,0x00,0x00,0x7f,0xe0,0x07,0xfe,0x00,0x00,0x7f,0xe0,0x03,0xfe,0x00,0x00,0x3f,
  0xe0,0x03,0xfe,0x00,0x00,0x3f,0xc0,0x03,0xfc,0x00,0x00,0x3f,0xc0,0x03,0xfc,0x00,0x00,0x1f,0xc0,0x01,0xfc,0x00,0x00,0x1f,
  0x80,0x01,0xf8,0x00,0x1f,0xc0,0x00,0x7f,0x00,0x1f,0xc0,0x00,0xfe,0x00,0x0f,0xe0,0x01,0xfc,0x00,0x07,0xf0,0x03,0xf8,0x00,
  0x03,0xf8,0x03,0xf8,0x00,0x03,0xf8,0x07,0xf0,0x00,0x01,0xfc,0x0f,0xe0,0x00,0x00,0xfe,0x1f,0xc0,0x00,0x00,0x7f,0x1f,0xc0,
  0x00,0x00,0x7f,0x3f,0x80,0x00,0x00,0x3f,0xff,0x00,0x00,0x00,0x1f,0xfe,0x00,0x00,0x00,0x0f,0xfe,0x00,0x00,0x00,0x0f,0xfc,
  0x00,0x00,0x00,0x07,0xf8,0x00,0x00,0x00,0x07,0xf8,0x00,0x00,0x00,0x07,0xfc,0x00,0x00,0x00,0x0f,0xfc,0x00,0x00,0x00,0x1f,
  0xfe,0x00,0x00,0x00,0x3f,0xff,0x00,0x00,0x00,0x3f,0xbf,0x80,0x00,0x00,0x7f,0x3f,0x80,0x00,0x00,0xfe,0x1f,0xc0,0x00,0x01,
  0xfc,0x0f,0xe0,0x00,0x01,0xfc,0x07,0xf0,0x00,0x03,0xf8,0x07,0xf0,0x00,0x07,0xf0,0x03,0xf8,0x00,0x0f,0xe0,0x01,0xfc,0x00,
  0x0f,0xe0,0x00,0xfe,0x00,0x1f,0xc0,0x00,0xfe,0x00,0x3f,0x80,0x00,0x7f,0x00,0x7e,0x00,0x00,0x7e,0x00,0x3f,0x00,0x00,0x7e,
  0x00,0x3f,0x00,0x00,0xfc,0x00,0x1f,0x80,0x00,0xfc,0x00,0x1f,0x80,0x00,0xfc,0x00,0x0f,0xc0,0x01,0xf8,0x00,0x0f,0xc0,0x01,
  0xf8,0x00,0x0f,0xc0,0x03,0xf0,0x00,0x07,0xe0,0x03,0xf0,0x00,0x07,0xe0,0x07,0xe0,0x00,0x03,0xf0,0x07,0xe0,0x00,0x03,0xf0,
  0x07,0xe0,0x00,0x01,0xf8,0x0f,0xc0,0x00,0x01,0xf8,0x0f,0xc0,0x00,0x01,0xf8,0x1f,0x80,0x00,0x00,0xfc,0x1f,0x80,0x00,0x00,
  0xfc,0x1f,0x00,0x00,0x00,0x7e,0x3f,0x00,0x00,0x00,0x7e,0x3f,0x00,0x00,0x00,0x3e,0x7e,0x00,0x00,0x00,0x3f,0x7e,0x00,0x00,
  0x00,0x3f,0xfc,0x00,0x00,0x00,0x1f,0xfc,0x00,0x00,0x00,0x1f,0xf8,0x00,0x00,0x00,0x0f,0xf8,0x00,0x00,0x00,0x0f,0xf8,0x00,
  0x00,0x00,0x07,0xf0,0x00,0x00,0x00,0x07,0xf0,0x00,0x00,0x00,0x07,0xe0,0x00,0x00,0x00,0x07,0xe0,0x00,0x00,0x00,0x07,0xc0,
  0x00,0x00,0x00,0x0f,0xc0,0x00,0x00,0x00,0x0f,0xc0,0x00,0x00,0x00,0x1f,0x80,0x00,0x00,0x00,0x1f,0x80,0x00,0x00,0x00,0x1f,
  0x00,0x00,0x00,0x00,0x3f,0x00,0x00,0x00,0x00,0x3e,0x00,0x00,0x00,0x00,0x7e,0x00,0x00,0x00,0x00,0x7e,0x00,0x00,0x00,0x00,
  0xfc,0x00,0x00,0x00,0x00,0xfc,0x00,0x00,0x00,0x00,0xf8,0x00,0x00,0x00,0x01,0xf8,0x00,0x00,0x00,0x0f,0xff,0xff,0xfc,0x00,
  0x0f,0xff,0xff,0xfc,0x00,0x0f,0xff,0xff,0xf8,0x00,0x0f,0xff,0xff,0xf8,0x00,0x0f,0xff,0xff,0xf0,0x00,0x0f,0xff,0xff,0xe0,
  0x00,0x00,0x00,0x0f,0xc0,0x00,0x00,0x00,0x1f,0xc0,0x00,0x00,0x00,0x3f,0x80,0x00,0x00,0x00,0x3f,0x00,0x00,0x00,0x00,0x7f,
  0x00,0x00,0x00,0x00,0xfe,0x00,0x00,0x00,0x00,0xfc,0x00,0x00,0x00,0x01,0xfc,0x00,0x00,0x00,0x03,0xf8,0x00,0x00,0x00,0x07,
  0xf0,0x00,0x00,0x00,0x07,0xe0,0x00,0x00,0x00,0x0f,0xe0,0x00,0x00,0x00,0x1f,0xc0,0x00,0x00,0x00,0x1f,0x80,0x00,0x00,0x00,
  0x3f,0x80,0x00,0x00,0x00,0x7f,0x00,0x00,0x00,0x00,0x7e,0x00,0x00,0x00,0x00,0xfc,0x00,0x00,0x00,0x01,0xfc,0x00,0x00,0x00,
  0x03,0xff,0xff,0xfc,0x00,0x03,0xff,0xff,0xfc,0x00,0x07,0xff,0xff,0xfc,0x00,0x0f,0xff,0xff,0xfc,0x00,0x0f,0xff,0xff,0xfc,
  0x00,0x0f,0xff,0xff,0xfc,0x00,0x00,0x01,0xf0,0x00,0x0f,0xf0,0x00,0x1f,0xf0,0x00,0x3f,0xf0,0x00,0x7f,0xf0,0x00,0xff,0xf0,
  0x01,0xff,0x00,0x01,0xfc,0x00,0x01,0xf8,0x00,0x01,0xf8,0x00,0x01,0xf8,0x00,0x03,0xf8,0x00,0x01,0xf8,0x00,0x01,0xf8,0x00,
  0x01,0xf8,0x00,0x01,0xf8,0x00,0x01,0xf8,0x00,0x01,0xf8,0x00,0x01,0xf8,0x00,0x01,0xf8,0x00,0x01,0xf8,0x00,0x01,0xf8,0x00,
  0x01,0xf8,0x00,0x01,0xf8,0x00,0x03,0xf0,0x00,0x07,0xf0,0x00,0x7f,0xf0,0x00,0x7f,0xe0,0x00,0x7f,0xc0,0x00,0x7f,0xc0,0x00,
  0x7f,0xe0,0x00,0x7f,0xf0,0x00,0x07,0xf0,0x00,0x03,0xf0,0x00,0x01,0xf8,0x00,0x01,0xf8,0x00,0x01,0xf8,0x00,0x01,0xf8,0x00,
  0x01,0xf8,0x00,0x01,0xf8,0x00,0x01,0xf8,0x00,0x01,0xf8,0x00,0x01,0xf8,0x00,0x01,0xf8,0x00,0x01,0xf8,0x00,0x01,0xf8,0x00,
  0x03,0xf8,0x00,0x01,0xf8,0x00,0x01,0xf8,0x00,0x01,0xf8,0x00,0x01,0xfc,0x00,0x01,0xff,0x00,0x00,0xff,0xf0,0x00,0x7f,0xf0,
  0x00,0x7f,0xf0,0x00,0x1f,0xf0,0x00,0x0f,0xf0,0x00,0x01,0xf0,0x07,0xe0,0x00,0x07,0xe0,0x00,0x07,0xe0,0x00,0x07,0xe0,0x00,
  0x07,0xe0,0x00,0x07,0xe0,0x00,0x07,0xe0,0x00,0x07,0xe0,0x00,0x07,0xe0,0x00,0x07,0xe0,0x00,0x07,0xe0,0x00,0x07,0xe0,0x00,
  0x07,0xe0,0x00,0x07,0xe0,0x00,0x07,0xe0,0x00,0x07,0xe0,0x00,0x07,0xe0,0x00,0x07,0xe0,0x00,0x07,0xe0,0x00,0x07,0xe0,0x00,
  0x07,0xe0,0x00,0x07,0xe0,0x00,0x07,0xe0,0x00,0x07,0xe0,0x00,0x07,0xe0,0x00,0x07,0xe0,0x00,0x07,0xe0,0x00,0x07,0xe0,0x00,
  0x07,0xe0,0x00,0x07,0xe0,0x00,0x07,0xe0,0x00,0x07,0xe0,0x00,0x07,0xe0,0x00,0x07,0xe0,0x00,0x07,0xe0,0x00,0x07,0xe0,0x00,
  0x07,0xe0,0x00,0x07,0xe0,0x00,0x07,0xe0,0x00,0x07,0xe0,0x00,0x07,0xe0,0x00,0x07,0xe0,0x00,0x07,0xe0,0x00,0x07,0xe0,0x00,
  0x07,0xe0,0x00,0x07,0xe0,0x00,0x07,0xe0,0x00,0x07,0xe0,0x00,0x07,0xe0,0x00,0x07,0xe0,0x00,0x07,0xe0,0x00,0x07,0xe0,0x00,
  0x07,0xe0,0x00,0x07,0xe0,0x00,0x07,0xe0,0x00,0x07,0xe0,0x00,0x07,0xe0,0x00,0x07,0xe0,0x00,0x0f,0x00,0x00,0x0f,0xe0,0x00,
  0x0f,0xf8,0x00,0x0f,0xfc,0x00,0x0f,0xfe,0x00,0x0f,0xfe,0x00,0x01,0xff,0x00,0x00,0x7f,0x00,0x00,0x3f,0x00,0x00,0x3f,0x80,
  0x00,0x1f,0x80,0x00,0x1f,0x80,0x00,0x1f,0x80,0x00,0x1f,0x80,0x00,0x1f,0x80,0x00,0x1f,0x80,0x00,0x3f,0x00,0x00,0x3f,0x00,
  0x00,0x3f,0x00,0x00,0x3f,0x00,0x00,0x3f,0x00,0x00,0x3f,0x00,0x00,0x3f,0x00,0x00,0x1f,0x80,0x00,0x1f,0x80,0x00,0x1f,0xe0,
  0x00,0x0f,0xfc,0x00,0x0f,0xfc,0x00,0x07,0xfc,0x00,0x07,0xfc,0x00,0x0f,0xfc,0x00,0x0f,0xfc,0x00,0x1f,0xe0,0x00,0x1f,0x80,
  0x00,0x1f,0x80,0x00,0x3f,0x00,0x00,0x3f,0x00,0x00,0x3f,0x00,0x00,0x3f,0x00,0x00,0x3f,0x00,0x00,0x3f,0x00,0x00,0x3f,0x00,
  0x00,0x1f,0x80,0x00,0x1f,0x80,0x00,0x1f,0x80,0x00,0x1f,0x80,0x00,0x1f,0x80,0x00,0x1f,0x80,0x00,0x3f,0x80,0x00,0x3f,0x00,
  0x00,0x7f,0x00,0x01,0xff,0x00,0x0f,0xfe,0x00,0x0f,0xfe,0x00,0x0f,0xfc,0x00,0x0f,0xf8,0x00,0x0f,0xe0,0x00,0x0f,0x00,0x00,
  0x00,0x7f,0x00,0x1f,0x00,0x01,0xff,0xc0,0x3f,0x00,0x03,0xff,0xf8,0x7e,0x00,0x07,0xff,0xff,0xfe,0x00,0x0f,0xff,0xff,0xfc,
  0x00,0x0f,0xc1,0xff,0xfc,0x00,0x0f,0x80,0x7f,0xf0,0x00,0x0f,0x80,0x0f,0xc0,0x00,0x00,0x00,0x00,0x00,0x00,0x00,0x00,0x00,
  0x00,0x00,0x00,0x00,0x00,0x00,0x00,0x00,0x00,0x00,0x00,0x00,0x00,0x00,0x00,0x00,0x00,0x00,0x00,0x00,0x00,0x00,0x00,0x00,
  0x00,0x00,0x00,0x00,0x00,0x00,0x00,0x00,0x00,0x00,0x00,0x00,0x00,0x00,0x00,0x00,0x00,0x00,0x00,0x00,0x00,0x00,0x00,0x00,
  0x00,0x00,0x00,0x00,0x00,0x00,0x00,0x00,0x00,0x00,0x00,0x00,0x00,0x00,0x00,0x00,0x00,0x00,0x00,0x00,0x3f,0x00,0x00,0x00,
  0xff,0xc0,0x00,0x01,0xff,0xe0,0x00,0x03,0xff,0xf0,0x00,0x07,0xff,0xf8,0x00,0x07,0xe1,0xfc,0x00,0x0f,0xc0,0x7c,0x00,0x0f,
  0x80,0x7c,0x00,0x0f,0x80,0x3e,0x00,0x0f,0x00,0x3e,0x00,0x0f,0x00,0x3e,0x00,0x0f,0x80,0x3c,0x00,0x0f,0x80,0x7c,0x00,0x07,
  0xc0,0x7c,0x00,0x07,0xe1,0xf8,0x00,0x03,0xff,0xf0,0x00,0x01,0xff,0xf0,0x00,0x00,0xff,0xc0,0x00,0x00,0x3f,0x00,0x00,0x00,
  0x00,0x00,0x00,0x00,0x00,0x00,0x00,0x00,0x00,0x00,0x00,0x00,0x00,0x00,0x00,0x00,0x00,0x00,0x00,0x00,0x00,0x00,0x00,0x00,
  0x00,0x00,0x00,0x00,0x00,0x00,0x00,0x00,0x00,0x00,0x00,0x00,0x00,0x00,0x00,0x00,0x00,0x00,0x00,0x00,0x00,0x00,0x00,0x00,
  0x00,0x00,0x00,0x00,0x00,0x00,0x00,0x00,0x00,0x00,0x00,0x00,0x00,0x00,0x00,0x00,0x00,0x00,0x00,0x00,0x00,0x00,0x00,0x00,
  0x00,0x00,0x00,0x00,0x00,0x00,0x00,0x00,0x00,0x00,0x00,0x00,0x00,0x00,0x00,0x00,0x00,0x00,0x00,0x00,0x00,0x00,0x00,
};
const Glyph font60Glyphs[] = {{32,0,44,18,1,18,0},{33,0,2,17,42,17,3},{34,0,2,29,42,29,129},{35,0,2,46,42,46,297},{36,0,-4,41,54,41,549},{37,0,2,58,42,58,873},{38,0,2,45,42,45,1209},{39,0,2,17,42,17,1461},{40,0,-1,23,58,23,1587},{41,0,-1,23,58,23,1761},{42,0,2,33,42,33,1935},{43,0,11,42,33,42,2145},{44,0,35,18,18,18,2343},{45,0,24,24,20,24,2397},{46,0,35,18,9,18,2457},{47,0,-1,27,48,27,2484},{48,0,2,44,42,44,2676},{49,0,2,21,42,21,2928},{50,0,2,41,42,41,3054},{51,0,2,40,42,40,3306},{52,0,2,36,42,36,3516},{53,0,2,38,42,38,3726},{54,0,2,42,42,42,3936},{55,0,2,35,42,35,4188},{56,0,2,41,42,41,4398},{57,0,2,42,42,42,4650},{58,0,13,18,31,18,4902},{59,0,13,18,40,18,4995},{60,0,10,40,34,40,5115},{61,0,17,42,27,42,5285},{62,0,10,40,34,40,5447},{63,0,2,34,42,34,5617},{64,0,2,64,55,64,5827},{65,0,2,42,42,42,6267},{66,0,2,42,42,42,6519},{67,0,2,44,42,44,6771},{68,0,2,46,42,46,7023},{69,0,2,40,42,40,7275},{70,0,2,39,42,39,7485},{71,0,2,46,42,46,7695},{72,0,2,47,42,47,7947},{73,0,2,17,42,17,8199},{74,0,2,39,42,39,8325},{75,0,2,41,42,41,8535},{76,0,2,35,42,35,8787},{77,0,2,56,42,56,8997},{78,0,2,48,42,48,9291},{79,0,2,47,42,47,9543},{80,0,2,42,42,42,9795},{81,0,2,47,50,47,10047},{82,0,2,43,42,43,10347},{83,0,2,43,42,43,10599},{84,0,2,37,42,37,10851},{85,0,2,47,42,47,11061},{86,0,2,43,42,43,11313},{87,0,2,59,42,59,11565},{88,0,2,41,42,41,11901},{89,0,2,41,42,41,12153},{90,0,2,41,42,41,12405},{91,0,-1,25,58,25,12657},{92,0,-1,27,48,27,12889},{93,0,-1,25,58,25,13081},{94,0,2,33,42,33,13313},{95,-1,44,39,17,37,13523},{96,0,1,23,43,23,13608},{97,0,13,36,31,36,13737},{98,0,1,37,43,37,13892},{99,0,13,36,31,36,14107},{100,0,1,37,43,37,14262},{101,0,13,36,31,36,14477},{102,0,1,30,43,30,14632},{103,0,13,37,44,37,14804},{104,0,1,37,43,37,15024},{105,0,1,16,43,16,15239},{106,0,1,16,56,16,15325},{107,0,1,34,43,33,15437},{108,0,1,15,43,15,15652},{109,0,13,53,31,53,15738},{110,0,13,37,31,37,15955},{111,0,13,37,31,37,16110},{112,0,13,37,44,37,16265},{113,0,13,37,44,37,16485},{114,0,13,31,31,31,16705},{115,0,13,34,31,34,16829},{116,0,3,31,41,31,16984},{117,0,13,37,31,37,17148},{118,0,13,33,31,33,17303},{119,0,13,48,31,48,17458},{120,0,13,34,31,34,17644},{121,0,13,33,44,33,17799},{122,0,13,34,31,34,18019},{123,0,-1,23,58,23,18174},{124,0,-1,17,58,17,18348},{125,0,-1,23,58,23,18522},{126,0,21,35,23,35,18696},{176,0,1,26,43,26,18811}};
const BitmapFont font60={font60Bits,font60Glyphs,96};
const uint8_t font80Bits[] = {
  0x00,0x00,0x00,0x03,0xff,0x80,0x03,0xff,0x80,0x03,0xff,0x80,0x03,0xff,0x80,0x03,0xff,0x00,0x01,0xff,0x00,0x01,0xff,0x00,
  0x01,0xff,0x00,0x01,0xff,0x00,0x01,0xff,0x00,0x01,0xff,0x00,0x01,0xff,0x00,0x01,0xff,0x00,0x01,0xff,0x00,0x01,0xff,0x00,
  0x01,0xfe,0x00,0x00,0xfe,0x00,0x00,0xfe,0x00,0x00,0xfe,0x00,0x00,0xfe,0x00,0x00,0xfe,0x00,0x00,0xfe,0x00,0x00,0xfe,0x00,
  0x00,0xfe,0x00,0x00,0xfe,0x00,0x00,0xfe,0x00,0x00,0xfc,0x00,0x00,0x7c,0x00,0x00,0x7c,0x00,0x00,0x7c,0x00,0x00,0x7c,0x00,
  0x00,0x7c,0x00,0x00,0x7c,0x00,0x00,0x7c,0x00,0x00,0x7c,0x00,0x00,0x00,0x00,0x00,0x00,0x00,0x00,0x00,0x00,0x00,0x00,0x00,
  0x00,0x00,0x00,0x00,0x00,0x00,0x00,0x00,0x00,0x00,0x00,0x00,0x00,0x00,0x00,0x03,0xff,0x80,0x03,0xff,0x80,0x03,0xff,0x80,
  0x03,0xff,0x80,0x03,0xff,0x80,0x03,0xff,0x80,0x03,0xff,0x80,0x03,0xff,0x80,0x03,0xff,0x80,0x03,0xff,0x80,0x03,0xff,0x80,
  0x03,0xff,0x80,0x03,0xff,0x83,0xff,0x80,0x03,0xff,0x83,0xff,0x80,0x03,0xff,0x83,0xff,0x80,0x03,0xff,0x83,0xff,0x80,0x03,
  0xff,0x83,0xff,0x80,0x03,0xff,0x83,0xff,0x80,0x03,0xff,0x83,0xff,0x80,0x03,0xff,0x83,0xff,0x80,0x03,0xff,0x83,0xff,0x80,
  0x01,0xff,0x81,0xff,0x80,0x01,0xff,0x01,0xff,0x80,0x01,0xff,0x01,0xff,0x00,0x01,0xff,0x01,0xff,0x00,0x01,0xff,0x01,0xff,
  0x00,0x01,0xff,0x01,0xff,0x00,0x01,0xff,0x01,0xff,0x00,0x00,0xff,0x00,0xff,0x00,0x00,0xfe,0x00,0xfe,0x00,0x00,0xfe,0x00,
  0xfe,0x00,0x00,0xfe,0x00,0xfe,0x00,0x00,0xfe,0x00,0xfe,0x00,0x00,0xfe,0x00,0xfe,0x00,0x00,0xfe,0x00,0xfe,0x00,0x00,0x7e,
  0x00,0x7e,0x00,0x00,0x7c,0x00,0x7c,0x00,0x00,0x7c,0x00,0x7c,0x00,0x00,0x00,0x00,0x00,0x00,0x00,0x00,0x00,0x00,0x00,0x00,
  0x00,0x00,0x00,0x00,0x00,0x00,0x00,0x00,0x00,0x00,0x00,0x00,0x00,0x00,0x00,0x00,0x00,0x00,0x00,0x00,0x00,0x00,0x00,0x00,
  0x00,0x00,0x00,0x00,0x00,0x00,0x00,0x00,0x00,0x00,0x00,0x00,0x00,0x00,0x00,0x00,0x00,0x00,0x00,0x00,0x00,0x00,0x00,0x00,
  0x00,0x00,0x00,0x00,0x00,0x00,0x00,0x00,0x00,0x00,0x00,0x00,0x00,0x00,0x00,0x00,0x00,0x00,0x00,0x00,0x00,0x00,0x00,0x00,
  0x00,0x00,0x00,0x00,0x00,0x00,0x00,0x00,0x00,0x00,0x00,0x00,0x00,0x00,0x00,0x00,0x00,0x00,0x00,0x00,0x00,0x00,0x00,0x00,
  0x00,0x00,0x00,0x00,0x00,0x00,0x00,0x00,0x00,0x00,0x00,0x00,0x00,0x00,0x00,0x00,0x00,0x00,0x00,0x00,0x00,0x00,0x00,0x00,
  0x00,0x00,0x00,0x00,0x00,0x00,0x00,0x00,0x00,0x00,0x00,0x00,0x00,0x00,0x00,0x00,0x00,0x00,0x00,0x00,0x00,0x07,0xf0,0x00,
  0x3f,0x80,0x00,0x00,0x00,0x07,0xf0,0x00,0x3f,0x80,0x00,0x00,0x00,0x07,0xf0,0x00,0x3f,0x80,0x00,0x00,0x00,0x07,0xe0,0x00,
  0x7f,0x00,0x00,0x00,0x00,0x0f,0xe0,0x00,0x7f,0x00,0x00,0x00,0x00,0x0f,0xe0,0x00,0x7f,0x00,0x00,0x00,0x00,0x0f,0xe0,0x00,
  0x7f,0x00,0x00,0x00,0x00,0x0f,0xe0,0x00,0x7f,0x00,0x00,0x00,0x00,0x0f,0xe0,0x00,0x7f,0x00,0x00,0x00,0x00,0x0f,0xe0,0x00,
  0x7e,0x00,0x00,0x00,0x00,0x1f,0xc0,0x00,0xfe,0x00,0x00,0x00,0x00,0x1f,0xc0,0x00,0xfe,0x00,0x00,0x00,0x00,0x1f,0xc0,0x00,
  0xfe,0x00,0x00,0x00,0x00,0x1f,0xc0,0x00,0xfe,0x00,0x00,0x01,0xff,0xff,0xff,0xff,0xff,0xfc,0x00,0x01,0xff,0xff,0xff,0xff,
  0xff,0xfc,0x00,0x01,0xff,0xff,0xff,0xff,0xff,0xfc,0x00,0x01,0xff,0xff,0xff,0xff,0xff,0xfc,0x00,0x01,0xff,0xff,0xff,0xff,
  0xff,0xfc,0x00,0x01,0xff,0xff,0xff,0xff,0xff,0xfc,0x00,0x01,0xff,0xff,0xff,0xff,0xff,0xfc,0x00,0x00,0x00,0x3f,0x80,0x01,
  0xfc,0x00,0x00,0x00,0x00,0x3f,0x80,0x01,0xfc,0x00,0x00,0x00,0x00,0x3f,0x00,0x03,0xf8,0x00,0x00,0x00,0x00,0x7f,0x00,0x03,
  0xf8,0x00,0x00,0x00,0x00,0x7f,0x00,0x03,0xf8,0x00,0x00,0x00,0x00,0x7f,0x00,0x03,0xf8,0x00,0x00,0x00,0x00,0x7f,0x00,0x03,
  0xf8,0x00,0x00,0x00,0x00,0x7f,0x00,0x03,0xf8,0x00,0x00,0x00,0x00,0x7e,0x00,0x03,0xf0,0x00,0x00,0x00,0x00,0xfe,0x00,0x07,
  0xf0,0x00,0x00,0x00,0x00,0xfe,0x00,0x07,0xf0,0x00,0x00,0x00,0x00,0xfe,0x00,0x07,0xf0,0x00,0x00,0x00,0x00,0xfe,0x00,0x07,
  0xf0,0x00,0x00,0x00,0x00,0xfe,0x00,0x07,0xf0,0x00,0x00,0x01,0xff,0xff,0xff,0xff,0xff,0xfc,0x00,0x01,0xff,0xff,0xff,0xff,
  0xff,0xfc,0x00,0x01,0xff,0xff,0xff,0xff,0xff,0xfc,0x00,0x01,0xff,0xff,0xff,0xff,0xff,0xfc,0x00,0x01,0xff,0xff,0xff,0xff,
  0xff,0xfc,0x00,0x01,0xff,0xff,0xff,0xff,0xff,0xfc,0x00,0x01,0xff,0xff,0xff,0xff,0xff,0xfc,0x00,0x00,0x01,0xf8,0x00,0x0f,
  0xc0,0x00,0x00,0x00,0x03,0xf8,0x00,0x1f,0xc0,0x00,0x00,0x00,0x03,0xf8,0x00,0x1f,0xc0,0x00,0x00,0x00,0x03,0xf8,0x00,0x1f,
  0xc0,0x00,0x00,0x00,0x03,0xf8,0x00,0x1f,0xc0,0x00,0x00,0x00,0x03,0xf8,0x00,0x1f,0xc0,0x00,0x00,0x00,0x03,0xf8,0x00,0x1f,
  0xc0,0x00,0x00,0x00,0x03,0xf0,0x00,0x1f,0x80,0x00,0x00,0x00,0x07,0xf0,0x00,0x3f,0x80,0x00,0x00,0x00,0x07,0xf0,0x00,0x3f,
  0x80,0x00,0x00,0x00,0x07,0xf0,0x00,0x3f,0x80,0x00,0x00,0x00,0x07,0xf0,0x00,0x3f,0x80,0x00,0x00,0x00,0x07,0xf0,0x00,0x3f,
  0x80,0x00,0x00,0x00,0x07,0xf0,0x00,0x3f,0x80,0x00,0x00,0x00,0x00,0x00,0xff,0x00,0x00,0x00,0x00,0x00,0x00,0xff,0x00,0x00,
  0x00,0x00,0x00,0x00,0xff,0x00,0x00,0x00,0x00,0x00,0x00,0xff,0x00,0x00,0x00,0x00,0x00,0x00,0xff,0x00,0x00,0x00,0x00,0x00,
  0x00,0xff,0x00,0x00,0x00,0x00,0x00,0x00,0xff,0x00,0x00,0x00,0x00,0x00,0x00,0xff,0x00,0x00,0x00,0x00,0x0f,0xff,0xff,0xff,
  0xf0,0x00,0x00,0x3f,0xff,0xff,0xff,0xfc,0x00,0x00,0x7f,0xff,0xff,0xff,0xfe,0x00,0x00,0xff,0xff,0xff,0xff,0xff,0x00,0x01,
  0xff,0xff,0xff,0xff,0xff,0x80,0x01,0xff,0xff,0xff,0xff,0xff,0x80,0x01,0xff,0xff,0xff,0xff,0xff,0x80,0x03,0xff,0xff,0xff,
  0xff,0xff,0xc0,0x03,0xfc,0x00,0xff,0x00,0x3f,0xc0,0x03,0xfc,0x00,0xff,0x00,0x3f,0xc0,0x03,0xfc,0x00,0xff,0x00,0x3f,0xc0,
  0x03,0xfc,0x00,0xff,0x00,0x3f,0xc0,0x03,0xfc,0x00,0xff,0x00,0x3f,0xc0,0x03,0xfc,0x00,0xff,0x00,0x3f,0xc0,0x03,0xfc,0x00,
  0xff,0x00,0x3f,0xc0,0x03,0xfc,0x00,0xff,0x00,0x00,0x00,0x03,0xfc,0x00,0xff,0x00,0x00,0x00,0x03,0xfc,0x00,0xff,0x00,0x00,
  0x00,0x03,0xfc,0x00,0xff,0x00,0x00,0x00,0x03,0xfc,0x00,0xff,0x00,0x00,0x00,0x03,0xfc,0x00,0xff,0x00,0x00,0x00,0x03,0xfc,
  0x00,0xff,0x00,0x00,0x00,0x03,0xfc,0x00,0xff,0x00,0x00,0x00,0x03,0xfc,0x00,0xff,0x00,0x00,0x00,0x03,0xff,0xff,0xff,0xff,
  0xf0,0x00,0x01,0xff,0xff,0xff,0xff,0xfc,0x00,0x01,0xff,0xff,0xff,0xff,0xfe,0x00,0x01,0xff,0xff,0xff,0xff,0xff,0x00,0x00,
  0xff,0xff,0xff,0xff,0xff,0x80,0x00,0x7f,0xff,0xff,0xff,0xff,0x80,0x00,0x3f,0xff,0xff,0xff,0xff,0x80,0x00,0x0f,0xff,0xff,
  0xff,0xff,0xc0,0x00,0x00,0x00,0xff,0x00,0x3f,0xc0,0x00,0x00,0x00,0xff,0x00,0x3f,0xc0,0x00,0x00,0x00,0xff,0x00,0x3f,0xc0,
  0x00,0x00,0x00,0xff,0x00,0x3f,0xc0,0x00,0x00,0x00,0xff,0x00,0x3f,0xc0,0x00,0x00,0x00,0xff,0x00,0x3f,0xc0,0x00,0x00,0x00,
  0xff,0x00,0x3f,0xc0,0x00,0x00,0x00,0xff,0x00,0x3f,0xc0,0x00,0x00,0x00,0xff,0x00,0x3f,0xc0,0x03,0xf8,0x00,0xff,0x00,0x3f,
  0xc0,0x03,0xf8,0x00,0xff,0x00,0x3f,0xc0,0x03,0xf8,0x00,0xff,0x00,0x3f,0xc0,0x03,0xf8,0x00,0xff,0x00,0x3f,0xc0,0x03,0xf8,
  0x00,0xff,0x00,0x3f,0xc0,0x03,0xf8,0x00,0xff,0x00,0x3f,0xc0,0x03,0xf8,0x00,0xff,0x00,0x3f,0xc0,0x03,0xff,0xff,0xff,0xff,
  0xff,0xc0,0x03,0xff,0xff,0xff,0xff,0xff,0x80,0x03,0xff,0xff,0xff,0xff,0xff,0x80,0x03,0xff,0xff,0xff,0xff,0xff,0x80,0x01,
  0xff,0xff,0xff,0xff,0xff,0x00,0x00,0xff,0xff,0xff,0xff,0xfe,0x00,0x00,0x7f,0xff,0xff,0xff,0xfc,0x00,0x00,0x1f,0xff,0xff,
  0xff,0xf0,0x00,0x00,0x00,0x00,0xff,0x00,0x00,0x00,0x00,0x00,0x00,0xff,0x00,0x00,0x00,0x00,0x00,0x00,0xff,0x00,0x00,0x00,
  0x00,0x00,0x00,0xff,0x00,0x00,0x00,0x00,0x00,0x00,0xff,0x00,0x00,0x00,0x00,0x00,0x00,0xff,0x00,0x00,0x00,0x00,0x00,0x00,
  0xff,0x00,0x00,0x00,0x00,0x00,0x00,0xff,0x00,0x00,0x00,0x00,0x1f,0xff,0x80,0x00,0x00,0x03,0xfc,0x00,0x00,0x00,0x7f,0xff,
  0xe0,0x00,0x00,0x03,0xf8,0x00,0x00,0x00,0xff,0xff,0xf0,0x00,0x00,0x07,0xf0,0x00,0x00,0x01,0xff,0xff,0xf8,0x00,0x00,0x0f,
  0xf0,0x00,0x00,0x03,0xff,0xff,0xfc,0x00,0x00,0x1f,0xe0,0x00,0x00,0x03,0xff,0xff,0xfc,0x00,0x00,0x1f,0xc0,0x00,0x00,0x03,
  0xff,0xff,0xfc,0x00,0x00,0x3f,0x80,0x00,0x00,0x03,0xf0,0x00,0xfc,0x00,0x00,0x7f,0x80,0x00,0x00,0x03,0xf0,0x00,0xfe,0x00,
  0x00,0x7f,0x00,0x00,0x00,0x03,0xf0,0x00,0xfe,0x00,0x00,0xfe,0x00,0x00,0x00,0x03,0xf0,0x00,0xfe,0x00,0x01,0xfe,0x00,0x00,
  0x00,0x03,0xf0,0x00,0xfe,0x00,0x03,0xfc,0x00,0x00,0x00,0x03,0xf0,0x00,0xfe,0x00,0x03,0xf8,0x00,0x00,0x00,0x03,0xf0,0x00,
  0xfe,0x00,0x07,0xf0,0x00,0x00,0x00,0x03,0xf0,0x00,0xfe,0x00,0x0f,0xf0,0x00,0x00,0x00,0x03,0xf0,0x00,0xfe,0x00,0x0f,0xe0,
  0x00,0x00,0x00,0x03,0xf0,0x00,0xfe,0x00,0x1f,0xc0,0x00,0x00,0x00,0x03,0xf0,0x00,0xfe,0x00,0x3f,0xc0,0x00,0x00,0x00,0x03,
  0xf0,0x00,0xfe,0x00,0x7f,0x80,0x00,0x00,0x00,0x03,0xf0,0x00,0xfe,0x00,0x7f,0x00,0x00,0x00,0x00,0x03,0xf0,0x00,0xfe,0x00,
  0xfe,0x00,0x00,0x00,0x00,0x03,0xf0,0x00,0xfc,0x01,0xfe,0x00,0x00,0x00,0x00,0x03,0xff,0xff,0xfc,0x01,0xfc,0x00,0x00,0x00,
  0x00,0x03,0xff,0xff,0xfc,0x03,0xf8,0x00,0x00,0x00,0x00,0x03,0xff,0xff,0xfc,0x07,0xf8,0x00,0x00,0x00,0x00,0x01,0xff,0xff,
  0xf8,0x0f,0xf0,0x00,0x00,0x00,0x00,0x00,0xff,0xff,0xf0,0x0f,0xe0,0x00,0x00,0x00,0x00,0x00,0x7f,0xff,0xe0,0x1f,0xc0,0x1f,
  0xff,0xc0,0x00,0x00,0x1f,0xff,0x80,0x3f,0xc0,0x3f,0xff,0xf0,0x00,0x00,0x00,0x00,0x00,0x3f,0x80,0xff,0xff,0xf8,0x00,0x00,
  0x00,0x00,0x00,0x7f,0x00,0xff,0xff,0xfc,0x00,0x00,0x00,0x00,0x00,0xff,0x01,0xff,0xff,0xfc,0x00,0x00,0x00,0x00,0x01,0xfe,
  0x01,0xff,0xff,0xfe,0x00,0x00,0x00,0x00,0x01,0xfc,0x03,0xff,0xff,0xfe,0x00,0x00,0x00,0x00,0x03,0xf8,0x03,0xf8,0x00,0xfe,
  0x00,0x00,0x00,0x00,0x07,0xf8,0x03,0xf8,0x00,0xfe,0x00,0x00,0x00,0x00,0x07,0xf0,0x03,0xf8,0x00,0xfe,0x00,0x00,0x00,0x00,
  0x0f,0xe0,0x03,0xf8,0x00,0xfe,0x00,0x00,0x00,0x00,0x1f,0xe0,0x03,0xf8,0x00,0xfe,0x00,0x00,0x00,0x00,0x3f,0xc0,0x03,0xf8,
  0x00,0xfe,0x00,0x00,0x00,0x00,0x3f,0x80,0x03,0xf8,0x00,0xfe,0x00,0x00,0x00,0x00,0x7f,0x00,0x03,0xf8,0x00,0xfe,0x00,0x00,
  0x00,0x00,0xff,0x00,0x03,0xf8,0x00,0xfe,0x00,0x00,0x00,0x00,0xfe,0x00,0x03,0xf8,0x00,0xfe,0x00,0x00,0x00,0x01,0xfc,0x00,
  0x03,0xf8,0x00,0xfe,0x00,0x00,0x00,0x03,0xfc,0x00,0x03,0xf8,0x00,0xfe,0x00,0x00,0x00,0x03,0xf8,0x00,0x03,0xf8,0x00,0xfe,
  0x00,0x00,0x00,0x07,0xf0,0x00,0x03,0xf8,0x00,0xfe,0x00,0x00,0x00,0x0f,0xe0,0x00,0x03,0xf8,0x00,0xfe,0x00,0x00,0x00,0x1f,
  0xe0,0x00,0x03,0xff,0xff,0xfe,0x00,0x00,0x00,0x1f,0xc0,0x00,0x01,0xff,0xff,0xfe,0x00,0x00,0x00,0x3f,0x80,0x00,0x01,0xff,
  0xff,0xfc,0x00,0x00,0x00,0x7f,0x80,0x00,0x00,0xff,0xff,0xfc,0x00,0x00,0x00,0x7f,0x00,0x00,0x00,0xff,0xff,0xf8,0x00,0x00,
  0x00,0xfe,0x00,0x00,0x00,0x3f,0xff,0xf0,0x00,0x00,0x01,0xfc,0x00,0x00,0x00,0x1f,0xff,0xc0,0x00,0x00,0x00,0xff,0xff,0xf0,
  0x00,0x00,0x00,0x00,0x07,0xff,0xff,0xfe,0x00,0x00,0x00,0x00,0x1f,0xff,0xff,0xff,0x80,0x00,0x00,0x00,0x3f,0xff,0xff,0xff,
  0xc0,0x00,0x00,0x00,0x7f,0xff,0xff,0xff,0xe0,0x00,0x00,0x00,0xff,0xff,0xff,0xff,0xf0,0x00,0x00,0x00,0xff,0xff,0xff,0xff,
  0xf0,0x00,0x00,0x01,0xff,0xff,0xff,0xff,0xf0,0x00,0x00,0x01,0xff,0x80,0x00,0x1f,0xf8,0x00,0x00,0x01,0xff,0x00,0x00,0x0f,
  0xf8,0x00,0x00,0x01,0xfe,0x00,0x00,0x07,0xf8,0x00,0x00,0x01,0xfe,0x00,0x00,0x07,0xf8,0x00,0x00,0x03,0xfc,0x00,0x00,0x07,
  0xf8,0x00,0x00,0x03,0xfc,0x00,0x00,0x03,0xf8,0x00,0x00,0x03,0xfc,0x00,0x00,0x03,0xf8,0x00,0x00,0x03,0xfc,0x00,0x00,0x03,
  0xf8,0x00,0x00,0x03,0xfc,0x00,0x00,0x03,0xf8,0x00,0x00,0x01,0xfc,0x00,0x00,0x00,0x00,0x00,0x00,0x01,0xfc,0x00,0x00,0x00,
  0x00,0x00,0x00,0x01,0xfc,0x00,0x00,0x00,0x00,0x00,0x00,0x01,0xfe,0x00,0x00,0x00,0x00,0x00,0x00,0x00,0xfe,0x00,0x00,0x00,
  0x00,0x00,0x00,0x00,0xff,0x00,0x00,0x00,0x00,0x00,0x00,0x00,0x7f,0x80,0x00,0x00,0x00,0x00,0x00,0x00,0x7f,0xff,0xff,0xff,
  0xff,0xff,0x00,0x00,0x3f,0xff,0xff,0xff,0xff,0xff,0x00,0x00,0x0f,0xff,0xff,0xff,0xff,0xff,0x00,0x00,0x0f,0xff,0xff,0xff,
  0xff,0xff,0x00,0x00,0x3f,0xff,0xff,0xff,0xff,0xff,0x00,0x00,0x7f,0xff,0xff,0xff,0xff,0xff,0x00,0x00,0xff,0xff,0xff,0xff,
  0xff,0xff,0x00,0x01,0xff,0xff,0xff,0xff,0xff,0xff,0x00,0x01,0xff,0x00,0x00,0x03,0xfc,0x00,0x00,0x01,0xfe,0x00,0x00,0x03,
  0xfc,0x00,0x00,0x03,0xfc,0x00,0x00,0x03,0xfc,0x00,0x00,0x03,0xfc,0x00,0x00,0x03,0xfc,0x00,0x00,0x03,0xfc,0x00,0x00,0x03,
  0xfc,0x00,0x00,0x03,0xf8,0x00,0x00,0x03,0xfc,0x00,0x00,0x03,0xf8,0x00,0x00,0x03,0xfc,0x00,0x00,0x03,0xf8,0x00,0x00,0x03,
  0xfc,0x00,0x00,0x03,0xf8,0x00,0x00,0x03,0xfc,0x00,0x00,0x03,0xf8,0x00,0x00,0x03,0xfc,0x00,0x00,0x03,0xf8,0x00,0x00,0x03,
  0xfc,0x00,0x00,0x03,0xfc,0x00,0x00,0x03,0xfc,0x00,0x00,0x03,0xfc,0x00,0x00,0x03,0xfe,0x00,0x00,0x03,0xfc,0x00,0x00,0x03,
  0xfe,0x00,0x00,0x03,0xfe,0x00,0x00,0x07,0xff,0x00,0x00,0x03,0xff,0x00,0x00,0x1f,0xff,0x80,0x00,0x03,0xff,0xff,0xff,0xff,
  0xff,0xff,0x00,0x01,0xff,0xff,0xff,0xff,0xff,0xff,0x00,0x01,0xff,0xff,0xff,0xff,0xff,0xff,0x00,0x00,0xff,0xff,0xff,0xff,
  0xff,0xff,0x00,0x00,0x7f,0xff,0xff,0xff,0x9f,0xff,0x00,0x00,0x3f,0xff,0xff,0xff,0x0f,0xff,0x00,0x00,0x0f,0xff,0xff,0xfc,
  0x03,0xff,0x00,0x00,0x01,0xff,0xff,0xf0,0x00,0x7f,0x00,0x03,0xff,0x80,0x03,0xff,0x80,0x03,0xff,0x80,0x03,0xff,0x80,0x03,
  0xff,0x80,0x03,0xff,0x80,0x03,0xff,0x80,0x03,0xff,0x80,0x03,0xff,0x80,0x01,0xff,0x80,0x01,0xff,0x00,0x01,0xff,0x00,0x01,
  0xff,0x00,0x01,0xff,0x00,0x01,0xff,0x00,0x01,0xff,0x00,0x00,0xff,0x00,0x00,0xfe,0x00,0x00,0xfe,0x00,0x00,0xfe,0x00,0x00,
  0xfe,0x00,0x00,0xfe,0x00,0x00,0xfe,0x00,0x00,0x7e,0x00,0x00,0x7c,0x00,0x00,0x7c,0x00,0x00,0x00,0x00,0x00,0x00,0x00,0x00,
  0x00,0x00,0x00,0x00,0x00,0x00,0x00,0x00,0x00,0x00,0x00,0x00,0x00,0x00,0x00,0x00,0x00,0x00,0x00,0x00,0x00,0x00,0x00,0x00,
  0x00,0x00,0x00,0x00,0x00,0x00,0x00,0x00,0x00,0x00,0x00,0x00,0x00,0x00,0x00,0x00,0x00,0x00,0x00,0x00,0x00,0x00,0x00,0x00,
  0x00,0x00,0x00,0x00,0x00,0x00,0x00,0x00,0x00,0x00,0x00,0x00,0x00,0x00,0x00,0x00,0x00,0x00,0x00,0x00,0x00,0x00,0x00,0x00,
  0x00,0x00,0x00,0x00,0x00,0x00,0x00,0x00,0x00,0x00,0x00,0x00,0x00,0x0f,0xc0,0x00,0x00,0x7f,0xc0,0x00,0x01,0xff,0xc0,0x00,
  0x07,0xff,0xc0,0x00,0x0f,0xff,0xc0,0x00,0x1f,0xff,0xc0,0x00,0x3f,0xff,0xc0,0x00,0x7f,0xff,0xc0,0x00,0xff,0xf8,0x00,0x00,
  0xff,0xe0,0x00,0x01,0xff,0x80,0x00,0x01,0xff,0x00,0x00,0x01,0xff,0x00,0x00,0x03,0xfe,0x00,0x00,0x03,0xfc,0x00,0x00,0x03,
  0xfc,0x00,0x00,0x03,0xfc,0x00,0x00,0x03,0xfc,0x00,0x00,0x03,0xfc,0x00,0x00,0x03,0xfc,0x00,0x00,0x03,0xfc,0x00,0x00,0x03,
  0xfc,0x00,0x00,0x03,0xfc,0x00,0x00,0x03,0xfc,0x00,0x00,0x03,0xfc,0x00,0x00,0x03,0xfc,0x00,0x00,0x03,0xfc,0x00,0x00,0x03,
  0xfc,0x00,0x00,0x03,0xfc,0x00,0x00,0x03,0xfc,0x00,0x00,0x03,0xfc,0x00,0x00,0x03,0xfc,0x00,0x00,0x03,0xfc,0x00,0x00,0x03,
  0xfc,0x00,0x00,0x03,0xfc,0x00,0x00,0x03,0xfc,0x00,0x00,0x03,0xfc,0x00,0x00,0x03,0xfc,0x00,0x00,0x03,0xfc,0x00,0x00,0x03,
  0xfc,0x00,0x00,0x03,0xfc,0x00,0x00,0x03,0xfc,0x00,0x00,0x03,0xfc,0x00,0x00,0x03,0xfc,0x00,0x00,0x03,0xfc,0x00,0x00,0x03,
  0xfc,0x00,0x00,0x03,0xfc,0x00,0x00,0x03,0xfc,0x00,0x00,0x03,0xfc,0x00,0x00,0x03,0xfc,0x00,0x00,0x03,0xfc,0x00,0x00,0x03,
  0xfc,0x00,0x00,0x03,0xfc,0x00,0x00,0x03,0xfc,0x00,0x00,0x03,0xfc,0x00,0x00,0x03,0xfc,0x00,0x00,0x03,0xfc,0x00,0x00,0x03,
  0xfc,0x00,0x00,0x03,0xfc,0x00,0x00,0x03,0xfc,0x00,0x00,0x03,0xfc,0x00,0x00,0x03,0xfc,0x00,0x00,0x03,0xfc,0x00,0x00,0x03,
  0xfe,0x00,0x00,0x01,0xfe,0x00,0x00,0x01,0xff,0x00,0x00,0x01,0xff,0x80,0x00,0x00,0xff,0xe0,0x00,0x00,0xff,0xf8,0x00,0x00,
  0x7f,0xff,0xc0,0x00,0x3f,0xff,0xc0,0x00,0x1f,0xff,0xc0,0x00,0x0f,0xff,0xc0,0x00,0x07,0xff,0xc0,0x00,0x01,0xff,0xc0,0x00,
  0x00,0x7f,0xc0,0x00,0x00,0x0f,0xc0,0x07,0xe0,0x00,0x00,0x07,0xfc,0x00,0x00,0x07,0xff,0x00,0x00,0x07,0xff,0xc0,0x00,0x07,
  0xff,0xe0,0x00,0x07,0xff,0xf0,0x00,0x07,0xff,0xf8,0x00,0x07,0xff,0xfc,0x00,0x00,0x3f,0xfe,0x00,0x00,0x0f,0xfe,0x00,0x00,
  0x03,0xff,0x00,0x00,0x01,0xff,0x00,0x00,0x00,0xff,0x00,0x00,0x00,0xff,0x80,0x00,0x00,0x7f,0x80,0x00,0x00,0x7f,0x80,0x00,
  0x00,0x7f,0x80,0x00,0x00,0x7f,0x80,0x00,0x00,0x7f,0x80,0x00,0x00,0x3f,0xc0,0x00,0x00,0x3f,0xc0,0x00,0x00,0x3f,0xc0,0x00,
  0x00,0x3f,0xc0,0x00,0x00,0x3f,0xc0,0x00,0x00,0x3f,0xc0,0x00,0x00,0x3f,0xc0,0x00,0x00,0x3f,0xc0,0x00,0x00,0x3f,0xc0,0x00,
  0x00,0x3f,0xc0,0x00,0x00,0x3f,0xc0,0x00,0x00,0x3f,0xc0,0x00,0x00,0x3f,0xc0,0x00,0x00,0x3f,0xc0,0x00,0x00,0x3f,0xc0,0x00,
  0x00,0x3f,0xc0,0x00,0x00,0x3f,0xc0,0x00,0x00,0x3f,0xc0,0x00,0x00,0x3f,0xc0,0x00,0x00,0x3f,0xc0,0x00,0x00,0x3f,0xc0,0x00,
  0x00,0x3f,0xc0,0x00,0x00,0x3f,0xc0,0x00,0x00,0x3f,0xc0,0x00,0x00,0x3f,0xc0,0x00,0x00,0x3f,0xc0,0x00,0x00,0x3f,0xc0,0x00,
  0x00,0x3f,0xc0,0x00,0x00,0x3f,0xc0,0x00,0x00,0x3f,0xc0,0x00,0x00,0x3f,0xc0,0x00,0x00,0x3f,0xc0,0x00,0x00,0x3f,0xc0,0x00,
  0x00,0x3f,0xc0,0x00,0x00,0x3f,0xc0,0x00,0x00,0x3f,0xc0,0x00,0x00,0x3f,0xc0,0x00,0x00,0x3f,0xc0,0x00,0x00,0x3f,0xc0,0x00,
  0x00,0x7f,0x80,0x00,0x00,0x7f,0x80,0x00,0x00,0x7f,0x80,0x00,0x00,0x7f,0x80,0x00,0x00,0x7f,0x80,0x00,0x00,0xff,0x80,0x00,
  0x00,0xff,0x00,0x00,0x01,0xff,0x00,0x00,0x03,0xff,0x00,0x00,0x0f,0xfe,0x00,0x00,0x3f,0xfe,0x00,0x07,0xff,0xfc,0x00,0x07,
  0xff,0xf8,0x00,0x07,0xff,0xf0,0x00,0x07,0xff,0xe0,0x00,0x07,0xff,0xc0,0x00,0x07,0xff,0x00,0x00,0x07,0xfc,0x00,0x00,0x07,
  0xe0,0x00,0x00,0x00,0x00,0x1f,0x80,0x00,0x00,0x00,0x00,0x1f,0x80,0x00,0x00,0x00,0x00,0x1f,0x80,0x00,0x00,0x00,0x00,0x1f,
  0x80,0x00,0x00,0x00,0x00,0x1f,0x80,0x00,0x00,0x00,0x00,0x1f,0x80,0x00,0x00,0x00,0x00,0x1f,0x80,0x00,0x00,0x00,0x00,0x1f,
  0x80,0x00,0x00,0x00,0x00,0x1f,0x80,0x00,0x00,0x01,0x80,0x1f,0x80,0x18,0x00,0x03,0xf0,0x1f,0x80,0xfc,0x00,0x03,0xfc,0x1f,
  0x87,0xfc,0x00,0x03,0xff,0x9f,0x9f,0xfc,0x00,0x07,0xff,0xff,0xff,0xfe,0x00,0x07,0xff,0xff,0xff,0xfe,0x00,0x03,0xff,0xff,
  0xff,0xfc,0x00,0x00,0x3f,0xff,0xff,0xc0,0x00,0x00,0x07,0xff,0xfe,0x00,0x00,0x00,0x00,0x7f,0xe0,0x00,0x00,0x00,0x00,0x7f,
  0xe0,0x00,0x00,0x00,0x00,0xff,0xf0,0x00,0x00,0x00,0x01,0xff,0xf8,0x00,0x00,0x00,0x03,0xff,0xfc,0x00,0x00,0x00,0x03,0xf9,
  0xfc,0x00,0x00,0x00,0x07,0xf0,0xfe,0x00,0x00,0x00,0x0f,0xf0,0xff,0x00,0x00,0x00,0x1f,0xe0,0x7f,0x80,0x00,0x00,0x1f,0xc0,
  0x3f,0x80,0x00,0x00,0x3f,0xc0,0x3f,0xc0,0x00,0x00,0x3f,0x80,0x1f,0xc0,0x00,0x00,0x1f,0x00,0x0f,0x80,0x00,0x00,0x07,0x00,
  0x0e,0x00,0x00,0x00,0x02,0x00,0x04,0x00,0x00,0x00,0x00,0x00,0x00,0x00,0x00,0x00,0x00,0x00,0x00,0x00,0x00,0x00,0x00,0x00,
  0x00,0x00,0x00,0x00,0x00,0x00,0x00,0x00,0x00,0x00,0x00,0x00,0x00,0x00,0x00,0x00,0x00,0x00,0x00,0x00,0x00,0x00,0x00,0x00,
  0x00,0x00,0x00,0x00,0x00,0x00,0x00,0x00,0x00,0x00,0x00,0x00,0x00,0x00,0x00,0x00,0x00,0x00,0x00,0x00,0x00,0x00,0x00,0x00,
  0x00,0x00,0x00,0x00,0x00,0x00,0x00,0x00,0x00,0x00,0x00,0x00,0x00,0x00,0x00,0x00,0x00,0x00,0x00,0x00,0x00,0x00,0x00,0x00,
  0x00,0x00,0x00,0x00,0x00,0x00,0x00,0x00,0x00,0x00,0x00,0x00,0x00,0x00,0x00,0x00,0x00,0x00,0x00,0x00,0x00,0x00,0x00,0x00,
  0x00,0x00,0x00,0x00,0x00,0x00,0x00,0x00,0x00,0x00,0x00,0x00,0x00,0x00,0x00,0x00,0x00,0x00,0x00,0x00,0x00,0x00,0x00,0x00,
  0x00,0x00,0x00,0x00,0x00,0x00,0xff,0x00,0x00,0x00,0x00,0x00,0x00,0xff,0x00,0x00,0x00,0x00,0x00,0x00,0xff,0x00,0x00,0x00,
  0x00,0x00,0x00,0xff,0x00,0x00,0x00,0x00,0x00,0x00,0xff,0x00,0x00,0x00,0x00,0x00,0x00,0xff,0x00,0x00,0x00,0x00,0x00,0x00,
  0xff,0x00,0x00,0x00,0x00,0x00,0x00,0xff,0x00,0x00,0x00,0x00,0x00,0x00,0xff,0x00,0x00,0x00,0x00,0x00,0x00,0xff,0x00,0x00,
  0x00,0x00,0x00,0x00,0xff,0x00,0x00,0x00,0x00,0x00,0x00,0xff,0x00,0x00,0x00,0x00,0x00,0x00,0xff,0x00,0x00,0x00,0x00,0x00,
  0x00,0xff,0x00,0x00,0x00,0x00,0x00,0x00,0xff,0x00,0x00,0x00,0x00,0x00,0x00,0xff,0x00,0x00,0x00,0x00,0x00,0x00,0xff,0x00,
  0x00,0x00,0x03,0xff,0xff,0xff,0xff,0xff,0xc0,0x03,0xff,0xff,0xff,0xff,0xff,0xc0,0x03,0xff,0xff,0xff,0xff,0xff,0xc0,0x03,
  0xff,0xff,0xff,0xff,0xff,0xc0,0x03,0xff,0xff,0xff,0xff,0xff,0xc0,0x03,0xff,0xff,0xff,0xff,0xff,0xc0,0x03,0xff,0xff,0xff,
  0xff,0xff,0xc0,0x03,0xff,0xff,0xff,0xff,0xff,0xc0,0x00,0x00,0x00,0xff,0x00,0x00,0x00,0x00,0x00,0x00,0xff,0x00,0x00,0x00,
  0x00,0x00,0x00,0xff,0x00,0x00,0x00,0x00,0x00,0x00,0xff,0x00,0x00,0x00,0x00,0x00,0x00,0xff,0x00,0x00,0x00,0x00,0x00,0x00,
  0xff,0x00,0x00,0x00,0x00,0x00,0x00,0xff,0x00,0x00,0x00,0x00,0x00,0x00,0xff,0x00,0x00,0x00,0x00,0x00,0x00,0xff,0x00,0x00,
  0x00,0x00,0x00,0x00,0xff,0x00,0x00,0x00,0x00,0x00,0x00,0xff,0x00,0x00,0x00,0x00,0x00,0x00,0xff,0x00,0x00,0x00,0x00,0x00,
  0x00,0xff,0x00,0x00,0x00,0x00,0x00,0x00,0xff,0x00,0x00,0x00,0x00,0x00,0x00,0xff,0x00,0x00,0x00,0x00,0x00,0x00,0xff,0x00,
  0x00,0x00,0x00,0x00,0x00,0xff,0x00,0x00,0x00,0x00,0x00,0x00,0xff,0x00,0x00,0x00,0x00,0x00,0x00,0x00,0x00,0x00,0x00,0x03,
  0xff,0xc0,0x00,0x03,0xff,0xc0,0x00,0x03,0xff,0xc0,0x00,0x03,0xff,0xc0,0x00,0x03,0xff,0xc0,0x00,0x03,0xff,0xc0,0x00,0x03,
  0xff,0xc0,0x00,0x03,0xff,0xc0,0x00,0x03,0xff,0xc0,0x00,0x03,0xff,0xc0,0x00,0x03,0xff,0xc0,0x00,0x03,0xff,0xc0,0x00,0x00,
  0x0f,0xc0,0x00,0x00,0x1f,0x80,0x00,0x00,0x1f,0x80,0x00,0x00,0x3f,0x00,0x00,0x00,0x3f,0x00,0x00,0x00,0x3e,0x00,0x00,0x00,
  0x7e,0x00,0x00,0x00,0x7c,0x00,0x00,0x00,0xfc,0x00,0x00,0x00,0xf8,0x00,0x00,0x01,0xf8,0x00,0x00,0x01,0xf0,0x00,0x00,0x03,
  0xff,0xff,0x80,0x03,0xff,0xff,0x80,0x03,0xff,0xff,0x80,0x03,0xff,0xff,0x80,0x03,0xff,0xff,0x80,0x03,0xff,0xff,0x80,0x03,
  0xff,0xff,0x80,0x03,0xff,0xff,0x80,0x00,0x00,0x00,0x00,0x00,0x00,0x00,0x00,0x00,0x00,0x00,0x00,0x00,0x00,0x00,0x00,0x00,
  0x00,0x00,0x00,0x00,0x00,0x00,0x00,0x00,0x00,0x00,0x00,0x00,0x00,0x00,0x00,0x00,0x00,0x00,0x00,0x00,0x00,0x00,0x00,0x00,
  0x00,0x00,0x00,0x00,0x00,0x00,0x00,0x00,0x00,0x00,0x00,0x00,0x00,0x00,0x00,0x00,0x00,0x00,0x00,0x00,0x00,0x00,0x00,0x00,
  0x00,0x00,0x00,0x00,0x00,0x00,0x00,0x00,0x00,0x00,0x00,0x03,0xff,0xc0,0x00,0x03,0xff,0xc0,0x00,0x03,0xff,0xc0,0x00,0x03,
  0xff,0xc0,0x00,0x03,0xff,0xc0,0x00,0x03,0xff,0xc0,0x00,0x03,0xff,0xc0,0x00,0x03,0xff,0xc0,0x00,0x03,0xff,0xc0,0x00,0x03,
  0xff,0xc0,0x00,0x03,0xff,0xc0,0x00,0x03,0xff,0xc0,0x00,0x00,0x00,0x00,0xff,0x00,0x00,0x00,0x00,0xff,0x00,0x00,0x00,0x00,
  0xfe,0x00,0x00,0x00,0x01,0xfe,0x00,0x00,0x00,0x01,0xfe,0x00,0x00,0x00,0x01,0xfc,0x00,0x00,0x00,0x03,0xfc,0x00,0x00,0x00,
  0x03,0xfc,0x00,0x00,0x00,0x03,0xf8,0x00,0x00,0x00,0x07,0xf8,0x00,0x00,0x00,0x07,0xf8,0x00,0x00,0x00,0x07,0xf0,0x00,0x00,
  0x00,0x0f,0xf0,0x00,0x00,0x00,0x0f,0xf0,0x00,0x00,0x00,0x0f,0xe0,0x00,0x00,0x00,0x1f,0xe0,0x00,0x00,0x00,0x1f,0xe0,0x00,
  0x00,0x00,0x1f,0xc0,0x00,0x00,0x00,0x3f,0xc0,0x00,0x00,0x00,0x3f,0xc0,0x00,0x00,0x00,0x3f,0x80,0x00,0x00,0x00,0x7f,0x80,
  0x00,0x00,0x00,0x7f,0x80,0x00,0x00,0x00,0x7f,0x00,0x00,0x00,0x00,0xff,0x00,0x00,0x00,0x00,0xff,0x00,0x00,0x00,0x00,0xfe,
  0x00,0x00,0x00,0x01,0xfe,0x00,0x00,0x00,0x01,0xfe,0x00,0x00,0x00,0x01,0xfc,0x00,0x00,0x00,0x03,0xfc,0x00,0x00,0x00,0x03,
  0xfc,0x00,0x00,0x00,0x03,0xf8,0x00,0x00,0x00,0x07,0xf8,0x00,0x00,0x00,0x07,0xf8,0x00,0x00,0x00,0x07,0xf0,0x00,0x00,0x00,
  0x0f,0xf0,0x00,0x00,0x00,0x0f,0xe0,0x00,0x00,0x00,0x0f,0xe0,0x00,0x00,0x00,0x1f,0xe0,0x00,0x00,0x00,0x1f,0xc0,0x00,0x00,
  0x00,0x1f,0xc0,0x00,0x00,0x00,0x3f,0xc0,0x00,0x00,0x00,0x3f,0x80,0x00,0x00,0x00,0x3f,0x80,0x00,0x00,0x00,0x7f,0x80,0x00,
  0x00,0x00,0x7f,0x00,0x00,0x00,0x00,0x7f,0x00,0x00,0x00,0x00,0xff,0x00,0x00,0x00,0x00,0xfe,0x00,0x00,0x00,0x00,0xfe,0x00,
  0x00,0x00,0x01,0xfe,0x00,0x00,0x00,0x01,0xfc,0x00,0x00,0x00,0x01,0xfc,0x00,0x00,0x00,0x03,0xfc,0x00,0x00,0x00,0x03,0xf8,
  0x00,0x00,0x00,0x03,0xf8,0x00,0x00,0x00,0x07,0xf8,0x00,0x00,0x00,0x07,0xf0,0x00,0x00,0x00,0x07,0xf0,0x00,0x00,0x00,0x0f,
  0xf0,0x00,0x00,0x00,0x0f,0xe0,0x00,0x00,0x00,0x0f,0xe0,0x00,0x00,0x00,0x1f,0xe0,0x00,0x00,0x00,0x00,0x07,0xff,0xff,0xff,
  0xfc,0x00,0x00,0x00,0x1f,0xff,0xff,0xff,0xff,0x00,0x00,0x00,0x7f,0xff,0xff,0xff,0xff,0x80,0x00,0x00,0x7f,0xff,0xff,0xff,
  0xff,0xc0,0x00,0x00,0xff,0xff,0xff,0xff,0xff,0xc0,0x00,0x00,0xff,0xff,0xff,0xff,0xff,0xe0,0x00,0x01,0xff,0xff,0xff,0xff,
  0xff,0xe0,0x00,0x01,0xff,0xff,0xff,0xff,0xff,0xe0,0x00,0x01,0xfe,0x00,0x00,0x00,0x1f,0xe0,0x00,0x01,0xfe,0x00,0x00,0x00,
  0x1f,0xe0,0x00,0x01,0xfe,0x00,0x00,0x00,0x1f,0xe0,0x00,0x01,0xfe,0x00,0x00,0x00,0x1f,0xe0,0x00,0x01,0xfe,0x00,0x00,0x00,
  0x1f,0xe0,0x00,0x01,0xfe,0x00,0x00,0x00,0x1f,0xe0,0x00,0x01,0xfe,0x00,0x00,0x00,0x1f,0xe0,0x00,0x01,0xfe,0x00,0x00,0x00,
  0x1f,0xe0,0x00,0x01,0xfe,0x00,0x00,0x00,0x1f,0xe0,0x00,0x01,0xfe,0x00,0x00,0x00,0x1f,0xe0,0x00,0x01,0xfe,0x00,0x00,0x00,
  0x1f,0xe0,0x00,0x01,0xfe,0x00,0x00,0x00,0x1f,0xe0,0x00,0x01,0xfe,0x00,0x00,0x00,0x1f,0xe0,0x00,0x01,0xfe,0x00,0x00,0x00,
  0x1f,0xe0,0x00,0x01,0xfe,0x00,0x00,0x00,0x1f,0xe0,0x00,0x01,0xfe,0x00,0x00,0x00,0x1f,0xe0,0x00,0x01,0xfe,0x00,0x00,0x00,
  0x1f,0xe0,0x00,0x01,0xfe,0x00,0x00,0x00,0x1f,0xe0,0x00,0x01,0xfe,0x00,0x00,0x00,0x1f,0xe0,0x00,0x01,0xfe,0x00,0x00,0x00,
  0x1f,0xe0,0x00,0x01,0xfe,0x00,0x00,0x00,0x1f,0xe0,0x00,0x01,0xfe,0x00,0x00,0x00,0x1f,0xe0,0x00,0x01,0xfe,0x00,0x00,0x00,
  0x1f,0xe0,0x00,0x01,0xfe,0x00,0x00,0x00,0x1f,0xe0,0x00,0x01,0xfe,0x00,0x00,0x00,0x1f,0xe0,0x00,0x01,0xfe,0x00,0x00,0x00,
  0x1f,0xe0,0x00,0x01,0xfe,0x00,0x00,0x00,0x1f,0xe0,0x00,0x01,0xfe,0x00,0x00,0x00,0x1f,0xe0,0x00,0x01,0xfe,0x00,0x00,0x00,
  0x1f,0xe0,0x00,0x01,0xfe,0x00,0x00,0x00,0x1f,0xe0,0x00,0x01,0xfe,0x00,0x00,0x00,0x1f,0xe0,0x00,0x01,0xfe,0x00,0x00,0x00,
  0x1f,0xe0,0x00,0x01,0xfe,0x00,0x00,0x00,0x1f,0xe0,0x00,0x01,0xfe,0x00,0x00,0x00,0x1f,0xe0,0x00,0x01,0xfe,0x00,0x00,0x00,
  0x1f,0xe0,0x00,0x01,0xfe,0x00,0x00,0x00,0x1f,0xe0,0x00,0x01,0xfe,0x00,0x00,0x00,0x1f,0xe0,0x00,0x01,0xfe,0x00,0x00,0x00,
  0x1f,0xe0,0x00,0x01,0xfe,0x00,0x00,0x00,0x1f,0xe0,0x00,0x01,0xfe,0x00,0x00,0x00,0x1f,0xe0,0x00,0x01,0xff,0xff,0xff,0xff,
  0xff,0xe0,0x00,0x01,0xff,0xff,0xff,0xff,0xff,0xe0,0x00,0x00,0xff,0xff,0xff,0xff,0xff,0xe0,0x00,0x00,0xff,0xff,0xff,0xff,
  0xff,0xc0,0x00,0x00,0x7f,0xff,0xff,0xff,0xff,0xc0,0x00,0x00,0x7f,0xff,0xff,0xff,0xff,0x80,0x00,0x00,0x1f,0xff,0xff,0xff,
  0xff,0x00,0x00,0x00,0x0f,0xff,0xff,0xff,0xfc,0x00,0x00,0x3f,0xff,0xf0,0x00,0x3f,0xff,0xf0,0x00,0x3f,0xff,0xf0,0x00,0x3f,
  0xff,0xf0,0x00,0x3f,0xff,0xf0,0x00,0x3f,0xff,0xf0,0x00,0x3f,0xff,0xf0,0x00,0x3f,0xff,0xf0,0x00,0x00,0x0f,0xf0,0x00,0x00,
  0x0f,0xf0,0x00,0x00,0x0f,0xf0,0x00,0x00,0x0f,0xf0,0x00,0x00,0x0f,0xf0,0x00,0x00,0x0f,0xf0,0x00,0x00,0x0f,0xf0,0x00,0x00,
  0x0f,0xf0,0x00,0x00,0x0f,0xf0,0x00,0x00,0x0f,0xf0,0x00,0x00,0x0f,0xf0,0x00,0x00,0x0f,0xf0,0x00,0x00,0x0f,0xf0,0x00,0x00,
  0x0f,0xf0,0x00,0x00,0x0f,0xf0,0x00,0x00,0x0f,0xf0,0x00,0x00,0x0f,0xf0,0x00,0x00,0x0f,0xf0,0x00,0x00,0x0f,0xf0,0x00,0x00,
  0x0f,0xf0,0x00,0x00,0x0f,0xf0,0x00,0x00,0x0f,0xf0,0x00,0x00,0x0f,0xf0,0x00,0x00,0x0f,0xf0,0x00,0x00,0x0f,0xf0,0x00,0x00,
  0x0f,0xf0,0x00,0x00,0x0f,0xf0,0x00,0x00,0x0f,0xf0,0x00,0x00,0x0f,0xf0,0x00,0x00,0x0f,0xf0,0x00,0x00,0x0f,0xf0,0x00,0x00,
  0x0f,0xf0,0x00,0x00,0x0f,0xf0,0x00,0x00,0x0f,0xf0,0x00,0x00,0x0f,0xf0,0x00,0x00,0x0f,0xf0,0x00,0x00,0x0f,0xf0,0x00,0x00,
  0x0f,0xf0,0x00,0x00,0x0f,0xf0,0x00,0x00,0x0f,0xf0,0x00,0x00,0x0f,0xf0,0x00,0x00,0x0f,0xf0,0x00,0x00,0x0f,0xf0,0x00,0x00,
  0x0f,0xf0,0x00,0x00,0x0f,0xf0,0x00,0x00,0x0f,0xf0,0x00,0x00,0x0f,0xf0,0x00,0x00,0x0f,0xf0,0x00,0x00,0x0f,0xff,0xff,0xff,
  0xc0,0x00,0x00,0x3f,0xff,0xff,0xff,0xf0,0x00,0x00,0x7f,0xff,0xff,0xff,0xf8,0x00,0x00,0xff,0xff,0xff,0xff,0xfc,0x00,0x01,
  0xff,0xff,0xff,0xff,0xfe,0x00,0x01,0xff,0xff,0xff,0xff,0xfe,0x00,0x01,0xff,0xff,0xff,0xff,0xff,0x00,0x03,0xff,0xff,0xff,
  0xff,0xff,0x00,0x03,0xfc,0x00,0x00,0x00,0xff,0x00,0x03,0xfc,0x00,0x00,0x00,0xff,0x00,0x03,0xfc,0x00,0x00,0x00,0xff,0x00,
  0x03,0xfc,0x00,0x00,0x00,0xff,0x00,0x03,0xfc,0x00,0x00,0x00,0xff,0x00,0x03,0xfc,0x00,0x00,0x00,0xff,0x00,0x03,0xfc,0x00,
  0x00,0x00,0xff,0x00,0x00,0x00,0x00,0x00,0x00,0xff,0x00,0x00,0x00,0x00,0x00,0x00,0xff,0x00,0x00,0x00,0x00,0x00,0x00,0xff,
  0x00,0x00,0x00,0x00,0x00,0x00,0xff,0x00,0x00,0x00,0x00,0x00,0x00,0xff,0x00,0x00,0x00,0x00,0x00,0x03,0xff,0x00,0x00,0x00,
  0x00,0x00,0x0f,0xfe,0x00,0x00,0x00,0x00,0x00,0x3f,0xfe,0x00,0x00,0x00,0x00,0x01,0xff,0xfc,0x00,0x00,0x00,0x00,0x07,0xff,
  0xfc,0x00,0x00,0x00,0x00,0x1f,0xff,0xf8,0x00,0x00,0x00,0x00,0x7f,0xff,0xe0,0x00,0x00,0x00,0x01,0xff,0xff,0x80,0x00,0x00,
  0x00,0x07,0xff,0xfe,0x00,0x00,0x00,0x00,0x1f,0xff,0xf8,0x00,0x00,0x00,0x00,0x7f,0xff,0xe0,0x00,0x00,0x00,0x03,0xff,0xff,
  0x00,0x00,0x00,0x00,0x0f,0xff,0xfc,0x00,0x00,0x00,0x00,0x3f,0xff,0xf0,0x00,0x00,0x00,0x00,0x7f,0xff,0xc0,0x00,0x00,0x00,
  0x00,0xff,0xff,0x00,0x00,0x00,0x00,0x01,0xff,0xfc,0x00,0x00,0x00,0x00,0x01,0xff,0xf0,0x00,0x00,0x00,0x00,0x01,0xff,0x80,
  0x00,0x00,0x00,0x00,0x01,0xfe,0x00,0x00,0x00,0x00,0x00,0x03,0xfc,0x00,0x00,0x00,0x00,0x00,0x03,0xfc,0x00,0x00,0x00,0x7f,
  0x80,0x03,0xfc,0x00,0x00,0x00,0x7f,0x80,0x03,0xfc,0x00,0x00,0x00,0x7f,0x80,0x03,0xfc,0x00,0x00,0x00,0x7f,0x80,0x03,0xfc,
  0x00,0x00,0x00,0x7f,0x80,0x03,0xfc,0x00,0x00,0x00,0x7f,0x80,0x03,0xfc,0x00,0x00,0x00,0x7f,0x80,0x03,0xff,0xff,0xff,0xff,
  0xff,0x80,0x03,0xff,0xff,0xff,0xff,0xff,0x80,0x03,0xff,0xff,0xff,0xff,0xff,0x80,0x03,0xff,0xff,0xff,0xff,0xff,0x80,0x03,
  0xff,0xff,0xff,0xff,0xff,0x80,0x03,0xff,0xff,0xff,0xff,0xff,0x80,0x03,0xff,0xff,0xff,0xff,0xff,0x80,0x03,0xff,0xff,0xff,
  0xff,0xff,0x80,0x00,0x03,0xff,0xff,0xfc,0x00,0x00,0x00,0x1f,0xff,0xff,0xff,0x80,0x00,0x00,0x7f,0xff,0xff,0xff,0xe0,0x00,
  0x00,0xff,0xff,0xff,0xff,0xf0,0x00,0x01,0xff,0xff,0xff,0xff,0xf8,0x00,0x01,0xff,0xff,0xff,0xff,0xf8,0x00,0x03,0xff,0xff,
  0xff,0xff,0xfc,0x00,0x03,0xff,0xff,0xff,0xff,0xfc,0x00,0x07,0xff,0x00,0x00,0x0f,0xfc,0x00,0x07,0xfc,0x00,0x00,0x03,0xfe,
  0x00,0x07,0xf8,0x00,0x00,0x03,0xfe,0x00,0x07,0xf8,0x00,0x00,0x01,0xfe,0x00,0x07,0xf8,0x00,0x00,0x01,0xfe,0x00,0x07,0xf8,
  0x00,0x00,0x01,0xfe,0x00,0x07,0xf8,0x00,0x00,0x01,0xfe,0x00,0x07,0xf8,0x00,0x00,0x01,0xfe,0x00,0x07,0xf8,0x00,0x00,0x01,
  0xfe,0x00,0x00,0x00,0x00,0x00,0x01,0xfe,0x00,0x00,0x00,0x00,0x00,0x01,0xfe,0x00,0x00,0x00,0x00,0x00,0x01,0xfe,0x00,0x00,
  0x00,0x00,0x00,0x01,0xfc,0x00,0x00,0x00,0x00,0x00,0x01,0xfc,0x00,0x00,0x00,0x00,0x00,0x03,0xf8,0x00,0x00,0x00,0x00,0x00,
  0x0f,0xf8,0x00,0x00,0x00,0x7f,0xff,0xff,0xf0,0x00,0x00,0x00,0x7f,0xff,0xff,0xe0,0x00,0x00,0x00,0x7f,0xff,0xff,0xc0,0x00,
  0x00,0x00,0x7f,0xff,0xff,0x80,0x00,0x00,0x00,0x7f,0xff,0xff,0xe0,0x00,0x00,0x00,0x7f,0xff,0xff,0xf0,0x00,0x00,0x00,0x7f,
  0xff,0xff,0xf8,0x00,0x00,0x00,0x7f,0xff,0xff,0xfc,0x00,0x00,0x00,0x00,0x00,0x07,0xfc,0x00,0x00,0x00,0x00,0x00,0x01,0xfe,
  0x00,0x00,0x00,0x00,0x00,0x01,0xfe,0x00,0x00,0x00,0x00,0x00,0x00,0xfe,0x00,0x00,0x00,0x00,0x00,0x00,0xff,0x00,0x00,0x00,
  0x00,0x00,0x00,0xff,0x00,0x00,0x00,0x00,0x00,0x00,0xff,0x00,0x0f,0xf0,0x00,0x00,0x00,0xff,0x00,0x0f,0xf0,0x00,0x00,0x00,
  0xff,0x00,0x0f,0xf0,0x00,0x00,0x00,0xff,0x00,0x0f,0xf0,0x00,0x00,0x00,0xff,0x00,0x0f,0xf0,0x00,0x00,0x00,0xff,0x00,0x0f,
  0xf0,0x00,0x00,0x00,0xff,0x00,0x0f,0xf8,0x00,0x00,0x01,0xff,0x00,0x0f,0xf8,0x00,0x00,0x01,0xfe,0x00,0x07,0xfe,0x00,0x00,
  0x07,0xfe,0x00,0x07,0xff,0xff,0xff,0xff,0xfe,0x00,0x07,0xff,0xff,0xff,0xff,0xfe,0x00,0x03,0xff,0xff,0xff,0xff,0xfc,0x00,
  0x01,0xff,0xff,0xff,0xff,0xf8,0x00,0x01,0xff,0xff,0xff,0xff,0xf8,0x00,0x00,0x7f,0xff,0xff,0xff,0xe0,0x00,0x00,0x3f,0xff,
  0xff,0xff,0xc0,0x00,0x00,0x07,0xff,0xff,0xfe,0x00,0x00,0x00,0x00,0x00,0x07,0xfe,0x00,0x00,0x00,0x00,0x00,0x0f,0xfe,0x00,
  0x00,0x00,0x00,0x00,0x1f,0xfe,0x00,0x00,0x00,0x00,0x00,0x1f,0xfe,0x00,0x00,0x00,0x00,0x00,0x3f,0xfe,0x00,0x00,0x00,0x00,
  0x00,0x7f,0xfe,0x00,0x00,0x00,0x00,0x00,0xff,0xfe,0x00,0x00,0x00,0x00,0x00,0xff,0xfe,0x00,0x00,0x00,0x00,0x01,0xff,0xfe,
  0x00,0x00,0x00,0x00,0x03,0xff,0xfe,0x00,0x00,0x00,0x00,0x07,0xfd,0xfe,0x00,0x00,0x00,0x00,0x07,0xf9,0xfe,0x00,0x00,0x00,
  0x00,0x0f,0xf9,0xfe,0x00,0x00,0x00,0x00,0x1f,0xf1,0xfe,0x00,0x00,0x00,0x00,0x3f,0xe1,0xfe,0x00,0x00,0x00,0x00,0x3f,0xc1,
  0xfe,0x00,0x00,0x00,0x00,0x7f,0xc1,0xfe,0x00,0x00,0x00,0x00,0xff,0x81,0xfe,0x00,0x00,0x00,0x01,0xff,0x01,0xfe,0x00,0x00,
  0x00,0x01,0xfe,0x01,0xfe,0x00,0x00,0x00,0x03,0xfc,0x01,0xfe,0x00,0x00,0x00,0x07,0xfc,0x01,0xfe,0x00,0x00,0x00,0x07,0xf8,
  0x01,0xfe,0x00,0x00,0x00,0x0f,0xf0,0x01,0xfe,0x00,0x00,0x00,0x1f,0xe0,0x01,0xfe,0x00,0x00,0x00,0x3f,0xe0,0x01,0xfe,0x00,
  0x00,0x00,0x3f,0xc0,0x01,0xfe,0x00,0x00,0x00,0x7f,0x80,0x01,0xfe,0x00,0x00,0x00,0xff,0x00,0x01,0xfe,0x00,0x00,0x01,0xff,
  0x00,0x01,0xfe,0x00,0x00,0x01,0xfe,0x00,0x01,0xfe,0x00,0x00,0x03,0xfc,0x00,0x01,0xfe,0x00,0x00,0x07,0xf8,0x00,0x01,0xfe,
  0x00,0x00,0x0f,0xf8,0x00,0x01,0xfe,0x00,0x00,0x0f,0xf0,0x00,0x01,0xfe,0x00,0x00,0x1f,0xe0,0x00,0x01,0xfe,0x00,0x00,0x3f,
  0xe0,0x00,0x01,0xfe,0x00,0x00,0x3f,0xff,0xff,0xff,0xff,0xfc,0x00,0x3f,0xff,0xff,0xff,0xff,0xfc,0x00,0x3f,0xff,0xff,0xff,
  0xff,0xfc,0x00,0x3f,0xff,0xff,0xff,0xff,0xfc,0x00,0x3f,0xff,0xff,0xff,0xff,0xfc,0x00,0x3f,0xff,0xff,0xff,0xff,0xfc,0x00,
  0x3f,0xff,0xff,0xff,0xff,0xfc,0x00,0x3f,0xff,0xff,0xff,0xff,0xfc,0x00,0x00,0x00,0x00,0x01,0xfe,0x00,0x00,0x00,0x00,0x00,
  0x01,0xfe,0x00,0x00,0x00,0x00,0x00,0x01,0xfe,0x00,0x00,0x00,0x00,0x00,0x01,0xfe,0x00,0x00,0x00,0x00,0x00,0x01,0xfe,0x00,
  0x00,0x00,0x00,0x00,0x01,0xfe,0x00,0x00,0x00,0x00,0x00,0x01,0xfe,0x00,0x00,0x00,0x00,0x00,0x01,0xfe,0x00,0x00,0x00,0x00,
  0x00,0x01,0xfe,0x00,0x00,0x00,0x00,0x00,0x01,0xfe,0x00,0x00,0x00,0x00,0x00,0x01,0xfe,0x00,0x00,0x03,0xff,0xff,0xff,0xff,
  0xf8,0x00,0x03,0xff,0xff,0xff,0xff,0xf8,0x00,0x03,0xff,0xff,0xff,0xff,0xf8,0x00,0x03,0xff,0xff,0xff,0xff,0xf8,0x00,0x03,
  0xff,0xff,0xff,0xff,0xf8,0x00,0x03,0xff,0xff,0xff,0xff,0xf8,0x00,0x03,0xff,0xff,0xff,0xff,0xf8,0x00,0x03,0xff,0xff,0xff,
  0xff,0xf8,0x00,0x03,0xfc,0x00,0x00,0x00,0x00,0x00,0x03,0xfc,0x00,0x00,0x00,0x00,0x00,0x03,0xfc,0x00,0x00,0x00,0x00,0x00,
  0x03,0xfc,0x00,0x00,0x00,0x00,0x00,0x03,0xfc,0x00,0x00,0x00,0x00,0x00,0x03,0xfc,0x00,0x00,0x00,0x00,0x00,0x03,0xfc,0x00,
  0x00,0x00,0x00,0x00,0x03,0xfc,0x00,0x00,0x00,0x00,0x00,0x03,0xfc,0x00,0x00,0x00,0x00,0x00,0x03,0xfc,0x00,0x00,0x00,0x00,
  0x00,0x03,0xfc,0x00,0x00,0x00,0x00,0x00,0x03,0xfc,0x00,0x00,0x00,0x00,0x00,0x03,0xff,0xff,0xff,0xf8,0x00,0x00,0x03,0xff,
  0xff,0xff,0xff,0x00,0x00,0x03,0xff,0xff,0xff,0xff,0xc0,0x00,0x03,0xff,0xff,0xff,0xff,0xe0,0x00,0x03,0xff,0xff,0xff,0xff,
  0xf0,0x00,0x03,0xff,0xff,0xff,0xff,0xf0,0x00,0x03,0xff,0xff,0xff,0xff,0xf8,0x00,0x03,0xff,0xff,0xff,0xff,0xf8,0x00,0x00,
  0x00,0x00,0x00,0x1f,0xfc,0x00,0x00,0x00,0x00,0x00,0x07,0xfc,0x00,0x00,0x00,0x00,0x00,0x03,0xfc,0x00,0x00,0x00,0x00,0x00,
  0x03,0xfc,0x00,0x00,0x00,0x00,0x00,0x03,0xfc,0x00,0x00,0x00,0x00,0x00,0x03,0xfc,0x00,0x00,0x00,0x00,0x00,0x03,0xfc,0x00,
  0x00,0x00,0x00,0x00,0x03,0xfc,0x00,0x00,0x00,0x00,0x00,0x03,0xfc,0x00,0x00,0x00,0x00,0x00,0x03,0xfc,0x00,0x00,0x00,0x00,
  0x00,0x03,0xfc,0x00,0x0f,0xf0,0x00,0x00,0x03,0xfc,0x00,0x0f,0xf0,0x00,0x00,0x03,0xfc,0x00,0x0f,0xf0,0x00,0x00,0x03,0xfc,
  0x00,0x0f,0xf0,0x00,0x00,0x03,0xfc,0x00,0x0f,0xf0,0x00,0x00,0x03,0xfc,0x00,0x0f,0xf0,0x00,0x00,0x03,0xfc,0x00,0x0f,0xf8,
  0x00,0x00,0x03,0xfc,0x00,0x0f,0xf8,0x00,0x00,0x07,0xfc,0x00,0x07,0xfe,0x00,0x00,0x1f,0xfc,0x00,0x07,0xff,0xff,0xff,0xff,
  0xf8,0x00,0x07,0xff,0xff,0xff,0xff,0xf8,0x00,0x03,0xff,0xff,0xff,0xff,0xf0,0x00,0x01,0xff,0xff,0xff,0xff,0xf0,0x00,0x01,
  0xff,0xff,0xff,0xff,0xe0,0x00,0x00,0x7f,0xff,0xff,0xff,0xc0,0x00,0x00,0x3f,0xff,0xff,0xff,0x00,0x00,0x00,0x07,0xff,0xff,
  0xf8,0x00,0x00,0x00,0x07,0xff,0xff,0xff,0xe0,0x00,0x00,0x1f,0xff,0xff,0xff,0xf8,0x00,0x00,0x7f,0xff,0xff,0xff,0xfe,0x00,
  0x00,0x7f,0xff,0xff,0xff,0xfe,0x00,0x00,0xff,0xff,0xff,0xff,0xff,0x00,0x00,0xff,0xff,0xff,0xff,0xff,0x00,0x01,0xff,0xff,
  0xff,0xff,0xff,0x80,0x01,0xff,0xff,0xff,0xff,0xff,0x80,0x01,0xfe,0x00,0x00,0x00,0x7f,0x80,0x01,0xfe,0x00,0x00,0x00,0x7f,
  0x80,0x01,0xfe,0x00,0x00,0x00,0x7f,0x80,0x01,0xfe,0x00,0x00,0x00,0x7f,0x80,0x01,0xfe,0x00,0x00,0x00,0x7f,0x80,0x01,0xfe,
  0x00,0x00,0x00,0x7f,0x80,0x01,0xfe,0x00,0x00,0x00,0x7f,0x80,0x01,0xfe,0x00,0x00,0x00,0x00,0x00,0x01,0xfe,0x00,0x00,0x00,
  0x00,0x00,0x01,0xfe,0x00,0x00,0x00,0x00,0x00,0x01,0xfe,0x00,0x00,0x00,0x00,0x00,0x01,0xfe,0x00,0x00,0x00,0x00,0x00,0x01,
  0xfe,0x00,0x00,0x00,0x00,0x00,0x01,0xfe,0x00,0x00,0x00,0x00,0x00,0x01,0xfe,0x00,0x00,0x00,0x00,0x00,0x01,0xfe,0x00,0x00,
  0x00,0x00,0x00,0x01,0xff,0xff,0xff,0xff,0xe0,0x00,0x01,0xff,0xff,0xff,0xff,0xf8,0x00,0x01,0xff,0xff,0xff,0xff,0xfe,0x00,
  0x01,0xff,0xff,0xff,0xff,0xfe,0x00,0x01,0xff,0xff,0xff,0xff,0xff,0x00,0x01,0xff,0xff,0xff,0xff,0xff,0x00,0x01,0xff,0xff,
  0xff,0xff,0xff,0x80,0x01,0xff,0xff,0xff,0xff,0xff,0x80,0x01,0xfe,0x00,0x00,0x00,0x7f,0x80,0x01,0xfe,0x00,0x00,0x00,0x7f,
  0x80,0x01,0xfe,0x00,0x00,0x00,0x7f,0x80,0x01,0xfe,0x00,0x00,0x00,0x7f,0x80,0x01,0xfe,0x00,0x00,0x00,0x7f,0x80,0x01,0xfe,
  0x00,0x00,0x00,0x7f,0x80,0x01,0xfe,0x00,0x00,0x00,0x7f,0x80,0x01,0xfe,0x00,0x00,0x00,0x7f,0x80,0x01,0xfe,0x00,0x00,0x00,
  0x7f,0x80,0x01,0xfe,0x00,0x00,0x00,0x7f,0x80,0x01,0xfe,0x00,0x00,0x00,0x7f,0x80,0x01,0xfe,0x00,0x00,0x00,0x7f,0x80,0x01,
  0xfe,0x00,0x00,0x00,0x7f,0x80,0x01,0xfe,0x00,0x00,0x00,0x7f,0x80,0x01,0xfe,0x00,0x00,0x00,0x7f,0x80,0x01,0xfe,0x00,0x00,
  0x00,0x7f,0x80,0x01,0xff,0xff,0xff,0xff,0xff,0x80,0x01,0xff,0xff,0xff,0xff,0xff,0x80,0x00,0xff,0xff,0xff,0xff,0xff,0x00,
  0x00,0xff,0xff,0xff,0xff,0xff,0x00,0x00,0x7f,0xff,0xff,0xff,0xfe,0x00,0x00,0x7f,0xff,0xff,0xff,0xfe,0x00,0x00,0x1f,0xff,
  0xff,0xff,0xf8,0x00,0x00,0x0f,0xff,0xff,0xff,0xe0,0x00,0x1f,0xff,0xff,0xff,0xff,0xfc,0x1f,0xff,0xff,0xff,0xff,0xfc,0x1f,
  0xff,0xff,0xff,0xff,0xfc,0x1f,0xff,0xff,0xff,0xff,0xfc,0x1f,0xff,0xff,0xff,0xff,0xf8,0x1f,0xff,0xff,0xff,0xff,0xf8,0x1f,
  0xff,0xff,0xff,0xff,0xf0,0x1f,0xff,0xff,0xff,0xff,0xf0,0x00,0x00,0x00,0x00,0x3f,0xe0,0x00,0x00,0x00,0x00,0x3f,0xe0,0x00,
  0x00,0x00,0x00,0x7f,0xc0,0x00,0x00,0x00,0x00,0x7f,0xc0,0x00,0x00,0x00,0x00,0xff,0x80,0x00,0x00,0x00,0x00,0xff,0x80,0x00,
  0x00,0x00,0x01,0xff,0x00,0x00,0x00,0x00,0x01,0xff,0x00,0x00,0x00,0x00,0x03,0xfe,0x00,0x00,0x00,0x00,0x03,0xfe,0x00,0x00,
  0x00,0x00,0x07,0xfc,0x00,0x00,0x00,0x00,0x0f,0xfc,0x00,0x00,0x00,0x00,0x0f,0xf8,0x00,0x00,0x00,0x00,0x1f,0xf8,0x00,0x00,
  0x00,0x00,0x1f,0xf0,0x00,0x00,0x00,0x00,0x3f,0xe0,0x00,0x00,0x00,0x00,0x3f,0xe0,0x00,0x00,0x00,0x00,0x7f,0xc0,0x00,0x00,
  0x00,0x00,0x7f,0xc0,0x00,0x00,0x00,0x00,0xff,0x80,0x00,0x00,0x00,0x00,0xff,0x80,0x00,0x00,0x00,0x01,0xff,0x00,0x00,0x00,
  0x00,0x01,0xff,0x00,0x00,0x00,0x00,0x03,0xfe,0x00,0x00,0x00,0x00,0x03,0xfe,0x00,0x00,0x00,0x00,0x07,0xfc,0x00,0x00,0x00,
  0x00,0x07,0xfc,0x00,0x00,0x00,0x00,0x0f,0xf8,0x00,0x00,0x00,0x00,0x0f,0xf8,0x00,0x00,0x00,0x00,0x1f,0xf0,0x00,0x00,0x00,
  0x00,0x1f,0xf0,0x00,0x00,0x00,0x00,0x3f,0xe0,0x00,0x00,0x00,0x00,0x7f,0xe0,0x00,0x00,0x00,0x00,0x7f,0xc0,0x00,0x00,0x00,
  0x00,0xff,0xc0,0x00,0x00,0x00,0x00,0xff,0x80,0x00,0x00,0x00,0x01,0xff,0x80,0x00,0x00,0x00,0x01,0xff,0x00,0x00,0x00,0x00,
  0x03,0xff,0x00,0x00,0x00,0x00,0x03,0xfe,0x00,0x00,0x00,0x00,0x07,0xfe,0x00,0x00,0x00,0x00,0x07,0xfc,0x00,0x00,0x00,0x00,
  0x0f,0xf8,0x00,0x00,0x00,0x00,0x0f,0xf8,0x00,0x00,0x00,0x00,0x1f,0xf0,0x00,0x00,0x00,0x00,0x1f,0xf0,0x00,0x00,0x00,0x00,
  0x3f,0xe0,0x00,0x00,0x00,0x00,0x3f,0xe0,0x00,0x00,0x00,0x00,0x00,0xff,0xff,0xfe,0x00,0x00,0x00,0x07,0xff,0xff,0xff,0xc0,
  0x00,0x00,0x1f,0xff,0xff,0xff,0xf0,0x00,0x00,0x3f,0xff,0xff,0xff,0xf8,0x00,0x00,0x7f,0xff,0xff,0xff,0xfc,0x00,0x00,0xff,
  0xff,0xff,0xff,0xfe,0x00,0x00,0xff,0xff,0xff,0xff,0xfe,0x00,0x01,0xff,0xff,0xff,0xff,0xff,0x00,0x01,0xff,0x80,0x00,0x03,
  0xff,0x00,0x01,0xff,0x00,0x00,0x01,0xff,0x00,0x01,0xfe,0x00,0x00,0x00,0xff,0x00,0x01,0xfe,0x00,0x00,0x00,0xff,0x00,0x03,
  0xfc,0x00,0x00,0x00,0x7f,0x80,0x03,0xfc,0x00,0x00,0x00,0x7f,0x80,0x03,0xfc,0x00,0x00,0x00,0x7f,0x80,0x03,0xfc,0x00,0x00,
  0x00,0x7f,0x80,0x03,0xfc,0x00,0x00,0x00,0x7f,0x80,0x01,0xfc,0x00,0x00,0x00,0x7f,0x00,0x01,0xfc,0x00,0x00,0x00,0x7f,0x00,
  0x01,0xfc,0x00,0x00,0x00,0x7f,0x00,0x01,0xfe,0x00,0x00,0x00,0xff,0x00,0x00,0xfe,0x00,0x00,0x00,0xff,0x00,0x00,0xff,0x00,
  0x00,0x01,0xfe,0x00,0x00,0x7f,0x80,0x00,0x03,0xfc,0x00,0x00,0x7f,0xff,0xff,0xff,0xfc,0x00,0x00,0x3f,0xff,0xff,0xff,0xf8,
  0x00,0x00,0x0f,0xff,0xff,0xff,0xf0,0x00,0x00,0x0f,0xff,0xff,0xff,0xe0,0x00,0x00,0x3f,0xff,0xff,0xff,0xf8,0x00,0x00,0x7f,
  0xff,0xff,0xff,0xfc,0x00,0x00,0xff,0xff,0xff,0xff,0xfe,0x00,0x01,0xff,0xff,0xff,0xff,0xff,0x00,0x01,0xff,0x00,0x00,0x01,
  0xff,0x00,0x01,0xfe,0x00,0x00,0x00,0xff,0x00,0x03,0xfc,0x00,0x00,0x00,0x7f,0x80,0x03,0xfc,0x00,0x00,0x00,0x7f,0x80,0x03,
  0xfc,0x00,0x00,0x00,0x3f,0x80,0x03,0xf8,0x00,0x00,0x00,0x3f,0x80,0x03,0xf8,0x00,0x00,0x00,0x3f,0x80,0x03,0xf8,0x00,0x00,
  0x00,0x3f,0x80,0x03,0xf8,0x00,0x00,0x00,0x3f,0x80,0x03,0xf8,0x00,0x00,0x00,0x3f,0x80,0x03,0xf8,0x00,0x00,0x00,0x3f,0x80,
  0x03,0xfc,0x00,0x00,0x00,0x3f,0x80,0x03,0xfc,0x00,0x00,0x00,0x7f,0x80,0x03,0xfc,0x00,0x00,0x00,0x7f,0x80,0x03,0xfe,0x00,
  0x00,0x00,0xff,0x80,0x03,0xff,0x00,0x00,0x01,0xff,0x80,0x03,0xff,0xff,0xff,0xff,0xff,0x80,0x01,0xff,0xff,0xff,0xff,0xff,
  0x00,0x01,0xff,0xff,0xff,0xff,0xff,0x00,0x00,0xff,0xff,0xff,0xff,0xfe,0x00,0x00,0x7f,0xff,0xff,0xff,0xfc,0x00,0x00,0x3f,
  0xff,0xff,0xff,0xf8,0x00,0x00,0x0f,0xff,0xff,0xff,0xe0,0x00,0x00,0x01,0xff,0xff,0xff,0x00,0x00,0x00,0x07,0xff,0xff,0xff,
  0xe0,0x00,0x00,0x1f,0xff,0xff,0xff,0xf8,0x00,0x00,0x7f,0xff,0xff,0xff,0xfe,0x00,0x00,0x7f,0xff,0xff,0xff,0xfe,0x00,0x00,
  0xff,0xff,0xff,0xff,0xff,0x00,0x00,0xff,0xff,0xff,0xff,0xff,0x00,0x01,0xff,0xff,0xff,0xff,0xff,0x80,0x01,0xff,0xff,0xff,
  0xff,0xff,0x80,0x01,0xfe,0x00,0x00,0x00,0x7f,0x80,0x01,0xfe,0x00,0x00,0x00,0x7f,0x80,0x01,0xfe,0x00,0x00,0x00,0x7f,0x80,
  0x01,0xfe,0x00,0x00,0x00,0x7f,0x80,0x01,0xfe,0x00,0x00,0x00,0x7f,0x80,0x01,0xfe,0x00,0x00,0x00,0x7f,0x80,0x01,0xfe,0x00,
  0x00,0x00,0x7f,0x80,0x01,0xfe,0x00,0x00,0x00,0x7f,0x80,0x01,0xfe,0x00,0x00,0x00,0x7f,0x80,0x01,0xfe,0x00,0x00,0x00,0x7f,
  0x80,0x01,0xfe,0x00,0x00,0x00,0x7f,0x80,0x01,0xfe,0x00,0x00,0x00,0x7f,0x80,0x01,0xfe,0x00,0x00,0x00,0x7f,0x80,0x01,0xfe,
  0x00,0x00,0x00,0x7f,0x80,0x01,0xfe,0x00,0x00,0x00,0x7f,0x80,0x01,0xfe,0x00,0x00,0x00,0x7f,0x80,0x01,0xff,0xff,0xff,0xff,
  0xff,0x80,0x01,0xff,0xff,0xff,0xff,0xff,0x80,0x00,0xff,0xff,0xff,0xff,0xff,0x80,0x00,0xff,0xff,0xff,0xff,0xff,0x80,0x00,
  0x7f,0xff,0xff,0xff,0xff,0x80,0x00,0x7f,0xff,0xff,0xff,0xff,0x80,0x00,0x1f,0xff,0xff,0xff,0xff,0x80,0x00,0x07,0xff,0xff,
  0xff,0xff,0x80,0x00,0x00,0x00,0x00,0x00,0x7f,0x80,0x00,0x00,0x00,0x00,0x00,0x7f,0x80,0x00,0x00,0x00,0x00,0x00,0x7f,0x80,
  0x00,0x00,0x00,0x00,0x00,0x7f,0x80,0x00,0x00,0x00,0x00,0x00,0x7f,0x80,0x00,0x00,0x00,0x00,0x00,0x7f,0x80,0x00,0x00,0x00,
  0x00,0x00,0x7f,0x80,0x00,0x00,0x00,0x00,0x00,0x7f,0x80,0x00,0x00,0x00,0x00,0x00,0x7f,0x80,0x01,0xfe,0x00,0x00,0x00,0x7f,
  0x80,0x01,0xfe,0x00,0x00,0x00,0x7f,0x80,0x01,0xfe,0x00,0x00,0x00,0x7f,0x80,0x01,0xfe,0x00,0x00,0x00,0x7f,0x80,0x01,0xfe,
  0x00,0x00,0x00,0x7f,0x80,0x01,0xfe,0x00,0x00,0x00,0x7f,0x80,0x01,0xfe,0x00,0x00,0x00,0x7f,0x80,0x01,0xff,0xff,0xff,0xff,
  0xff,0x80,0x01,0xff,0xff,0xff,0xff,0xff,0x80,0x00,0xff,0xff,0xff,0xff,0xff,0x00,0x00,0xff,0xff,0xff,0xff,0xff,0x00,0x00,
  0x7f,0xff,0xff,0xff,0xfe,0x00,0x00,0x7f,0xff,0xff,0xff,0xfe,0x00,0x00,0x1f,0xff,0xff,0xff,0xf8,0x00,0x00,0x0f,0xff,0xff,
  0xff,0xe0,0x00,0x03,0xff,0xc0,0x00,0x03,0xff,0xc0,0x00,0x03,0xff,0xc0,0x00,0x03,0xff,0xc0,0x00,0x03,0xff,0xc0,0x00,0x03,
  0xff,0xc0,0x00,0x03,0xff,0xc0,0x00,0x03,0xff,0xc0,0x00,0x03,0xff,0xc0,0x00,0x03,0xff,0xc0,0x00,0x03,0xff,0xc0,0x00,0x03,
  0xff,0xc0,0x00,0x00,0x00,0x00,0x00,0x00,0x00,0x00,0x00,0x00,0x00,0x00,0x00,0x00,0x00,0x00,0x00,0x00,0x00,0x00,0x00,0x00,
  0x00,0x00,0x00,0x00,0x00,0x00,0x00,0x00,0x00,0x00,0x00,0x00,0x00,0x00,0x00,0x00,0x00,0x00,0x00,0x00,0x00,0x00,0x00,0x00,
  0x00,0x00,0x00,0x00,0x00,0x00,0x00,0x00,0x00,0x00,0x00,0x00,0x00,0x00,0x00,0x00,0x00,0x00,0x00,0x00,0x00,0x00,0x00,0x00,
  0x00,0x00,0x00,0x03,0xff,0xc0,0x00,0x03,0xff,0xc0,0x00,0x03,0xff,0xc0,0x00,0x03,0xff,0xc0,0x00,0x03,0xff,0xc0,0x00,0x03,
  0xff,0xc0,0x00,0x03,0xff,0xc0,0x00,0x03,0xff,0xc0,0x00,0x03,0xff,0xc0,0x00,0x03,0xff,0xc0,0x00,0x03,0xff,0xc0,0x00,0x03,
  0xff,0xc0,0x00,0x03,0xff,0xc0,0x00,0x03,0xff,0xc0,0x00,0x03,0xff,0xc0,0x00,0x03,0xff,0xc0,0x00,0x03,0xff,0xc0,0x00,0x03,
  0xff,0xc0,0x00,0x03,0xff,0xc0,0x00,0x03,0xff,0xc0,0x00,0x03,0xff,0xc0,0x00,0x03,0xff,0xc0,0x00,0x03,0xff,0xc0,0x00,0x03,
  0xff,0xc0,0x00,0x00,0x00,0x00,0x00,0x00,0x00,0x00,0x00,0x00,0x00,0x00,0x00,0x00,0x00,0x00,0x00,0x00,0x00,0x00,0x00,0x00,
  0x00,0x00,0x00,0x00,0x00,0x00,0x00,0x00,0x00,0x00,0x00,0x00,0x00,0x00,0x00,0x00,0x00,0x00,0x00,0x00,0x00,0x00,0x00,0x00,
  0x00,0x00,0x00,0x00,0x00,0x00,0x00,0x00,0x00,0x00,0x00,0x00,0x00,0x00,0x00,0x00,0x00,0x00,0x00,0x00,0x00,0x00,0x00,0x00,
  0x00,0x00,0x00,0x03,0xff,0xc0,0x00,0x03,0xff,0xc0,0x00,0x03,0xff,0xc0,0x00,0x03,0xff,0xc0,0x00,0x03,0xff,0xc0,0x00,0x03,
  0xff,0xc0,0x00,0x03,0xff,0xc0,0x00,0x03,0xff,0xc0,0x00,0x03,0xff,0xc0,0x00,0x03,0xff,0xc0,0x00,0x03,0xff,0xc0,0x00,0x03,
  0xff,0xc0,0x00,0x00,0x0f,0xc0,0x00,0x00,0x1f,0x80,0x00,0x00,0x1f,0x80,0x00,0x00,0x3f,0x00,0x00,0x00,0x3f,0x00,0x00,0x00,
  0x3e,0x00,0x00,0x00,0x7e,0x00,0x00,0x00,0x7c,0x00,0x00,0x00,0xfc,0x00,0x00,0x00,0xf8,0x00,0x00,0x01,0xf8,0x00,0x00,0x01,
  0xf0,0x00,0x00,0x00,0x00,0x00,0x00,0x00,0x02,0x00,0x00,0x00,0x00,0x00,0x00,0x1e,0x00,0x00,0x00,0x00,0x00,0x00,0x7e,0x00,
  0x00,0x00,0x00,0x00,0x01,0xfe,0x00,0x00,0x00,0x00,0x00,0x0f,0xfe,0x00,0x00,0x00,0x00,0x00,0x3f,0xfe,0x00,0x00,0x00,0x00,
  0x00,0xff,0xfe,0x00,0x00,0x00,0x00,0x07,0xff,0xfe,0x00,0x00,0x00,0x00,0x1f,0xff,0xfc,0x00,0x00,0x00,0x00,0x7f,0xff,0xf0,
  0x00,0x00,0x00,0x01,0xff,0xff,0x80,0x00,0x00,0x00,0x0f,0xff,0xfe,0x00,0x00,0x00,0x00,0x3f,0xff,0xf8,0x00,0x00,0x00,0x00,
  0xff,0xff,0xc0,0x00,0x00,0x00,0x07,0xff,0xff,0x00,0x00,0x00,0x00,0x1f,0xff,0xfc,0x00,0x00,0x00,0x00,0x7f,0xff,0xe0,0x00,
  0x00,0x00,0x03,0xff,0xff,0x80,0x00,0x00,0x00,0x0f,0xff,0xfe,0x00,0x00,0x00,0x00,0x1f,0xff,0xf0,0x00,0x00,0x00,0x00,0x1f,
  0xff,0xc0,0x00,0x00,0x00,0x00,0x1f,0xfe,0x00,0x00,0x00,0x00,0x00,0x1f,0xf8,0x00,0x00,0x00,0x00,0x00,0x1f,0xf8,0x00,0x00,
  0x00,0x00,0x00,0x1f,0xfe,0x00,0x00,0x00,0x00,0x00,0x1f,0xff,0xc0,0x00,0x00,0x00,0x00,0x1f,0xff,0xf0,0x00,0x00,0x00,0x00,
  0x0f,0xff,0xfc,0x00,0x00,0x00,0x00,0x03,0xff,0xff,0x80,0x00,0x00,0x00,0x00,0x7f,0xff,0xe0,0x00,0x00,0x00,0x00,0x1f,0xff,
  0xfc,0x00,0x00,0x00,0x00,0x07,0xff,0xff,0x00,0x00,0x00,0x00,0x00,0xff,0xff,0xc0,0x00,0x00,0x00,0x00,0x3f,0xff,0xf8,0x00,
  0x00,0x00,0x00,0x0f,0xff,0xfe,0x00,0x00,0x00,0x00,0x01,0xff,0xff,0x80,0x00,0x00,0x00,0x00,0x7f,0xff,0xf0,0x00,0x00,0x00,
  0x00,0x1f,0xff,0xfc,0x00,0x00,0x00,0x00,0x07,0xff,0xfe,0x00,0x00,0x00,0x00,0x00,0xff,0xfe,0x00,0x00,0x00,0x00,0x00,0x3f,
  0xfe,0x00,0x00,0x00,0x00,0x00,0x0f,0xfe,0x00,0x00,0x00,0x00,0x00,0x01,0xfe,0x00,0x00,0x00,0x00,0x00,0x00,0x7e,0x00,0x00,
  0x00,0x00,0x00,0x00,0x1e,0x00,0x00,0x00,0x00,0x00,0x00,0x02,0x00,0x03,0xff,0xff,0xff,0xff,0xff,0xc0,0x03,0xff,0xff,0xff,
  0xff,0xff,0xc0,0x03,0xff,0xff,0xff,0xff,0xff,0xc0,0x03,0xff,0xff,0xff,0xff,0xff,0xc0,0x03,0xff,0xff,0xff,0xff,0xff,0xc0,
  0x03,0xff,0xff,0xff,0xff,0xff,0xc0,0x03,0xff,0xff,0xff,0xff,0xff,0xc0,0x03,0xff,0xff,0xff,0xff,0xff,0xc0,0x00,0x00,0x00,
  0x00,0x00,0x00,0x00,0x00,0x00,0x00,0x00,0x00,0x00,0x00,0x00,0x00,0x00,0x00,0x00,0x00,0x00,0x00,0x00,0x00,0x00,0x00,0x00,
  0x00,0x00,0x00,0x00,0x00,0x00,0x00,0x00,0x00,0x00,0x00,0x00,0x00,0x00,0x00,0x00,0x00,0x00,0x00,0x00,0x00,0x00,0x00,0x00,
  0x00,0x00,0x00,0x00,0x00,0x00,0x00,0x00,0x00,0x00,0x00,0x00,0x00,0x00,0x00,0x00,0x00,0x00,0x00,0x00,0x00,0x00,0x00,0x00,
  0x00,0x00,0x03,0xff,0xff,0xff,0xff,0xff,0xc0,0x03,0xff,0xff,0xff,0xff,0xff,0xc0,0x03,0xff,0xff,0xff,0xff,0xff,0xc0,0x03,
  0xff,0xff,0xff,0xff,0xff,0xc0,0x03,0xff,0xff,0xff,0xff,0xff,0xc0,0x03,0xff,0xff,0xff,0xff,0xff,0xc0,0x03,0xff,0xff,0xff,
  0xff,0xff,0xc0,0x03,0xff,0xff,0xff,0xff,0xff,0xc0,0x00,0x00,0x00,0x00,0x00,0x00,0x00,0x00,0x00,0x00,0x00,0x00,0x00,0x00,
  0x00,0x00,0x00,0x00,0x00,0x00,0x00,0x00,0x00,0x00,0x00,0x00,0x00,0x00,0x00,0x00,0x00,0x00,0x00,0x00,0x00,0x00,0x00,0x00,
  0x00,0x00,0x00,0x00,0x00,0x00,0x00,0x00,0x00,0x00,0x00,0x00,0x00,0x00,0x00,0x00,0x00,0x00,0x00,0x00,0x00,0x00,0x00,0x00,
  0x00,0x03,0x00,0x00,0x00,0x00,0x00,0x00,0x03,0xc0,0x00,0x00,0x00,0x00,0x00,0x03,0xf0,0x00,0x00,0x00,0x00,0x00,0x03,0xfe,
  0x00,0x00,0x00,0x00,0x00,0x03,0xff,0x80,0x00,0x00,0x00,0x00,0x03,0xff,0xe0,0x00,0x00,0x00,0x00,0x03,0xff,0xf8,0x00,0x00,
  0x00,0x00,0x03,0xff,0xff,0x00,0x00,0x00,0x00,0x01,0xff,0xff,0xc0,0x00,0x00,0x00,0x00,0x7f,0xff,0xf0,0x00,0x00,0x00,0x00,
  0x0f,0xff,0xfe,0x00,0x00,0x00,0x00,0x03,0xff,0xff,0x80,0x00,0x00,0x00,0x00,0x7f,0xff,0xe0,0x00,0x00,0x00,0x00,0x1f,0xff,
  0xfc,0x00,0x00,0x00,0x00,0x07,0xff,0xff,0x00,0x00,0x00,0x00,0x00,0xff,0xff,0xc0,0x00,0x00,0x00,0x00,0x3f,0xff,0xf8,0x00,
  0x00,0x00,0x00,0x0f,0xff,0xfe,0x00,0x00,0x00,0x00,0x01,0xff,0xff,0x80,0x00,0x00,0x00,0x00,0x7f,0xff,0xc0,0x00,0x00,0x00,
  0x00,0x1f,0xff,0xc0,0x00,0x00,0x00,0x00,0x03,0xff,0xc0,0x00,0x00,0x00,0x00,0x00,0xff,0xc0,0x00,0x00,0x00,0x00,0x00,0xff,
  0xc0,0x00,0x00,0x00,0x00,0x03,0xff,0xc0,0x00,0x00,0x00,0x00,0x1f,0xff,0xc0,0x00,0x00,0x00,0x00,0x7f,0xff,0xc0,0x00,0x00,
  0x00,0x01,0xff,0xff,0x80,0x00,0x00,0x00,0x0f,0xff,0xfe,0x00,0x00,0x00,0x00,0x3f,0xff,0xf8,0x00,0x00,0x00,0x00,0xff,0xff,
  0xc0,0x00,0x00,0x00,0x07,0xff,0xff,0x00,0x00,0x00,0x00,0x1f,0xff,0xfc,0x00,0x00,0x00,0x00,0x7f,0xff,0xe0,0x00,0x00,0x00,
  0x03,0xff,0xff,0x80,0x00,0x00,0x00,0x0f,0xff,0xfe,0x00,0x00,0x00,0x00,0x7f,0xff,0xf0,0x00,0x00,0x00,0x01,0xff,0xff,0xc0,
  0x00,0x00,0x00,0x03,0xff,0xff,0x00,0x00,0x00,0x00,0x03,0xff,0xf8,0x00,0x00,0x00,0x00,0x03,0xff,0xe0,0x00,0x00,0x00,0x00,
  0x03,0xff,0x80,0x00,0x00,0x00,0x00,0x03,0xfe,0x00,0x00,0x00,0x00,0x00,0x03,0xf0,0x00,0x00,0x00,0x00,0x00,0x03,0xc0,0x00,
  0x00,0x00,0x00,0x00,0x03,0x00,0x00,0x00,0x00,0x00,0x00,0x00,0x3f,0xff,0xff,0xe0,0x00,0x00,0xff,0xff,0xff,0xf8,0x00,0x01,
  0xff,0xff,0xff,0xfc,0x00,0x03,0xff,0xff,0xff,0xfe,0x00,0x03,0xff,0xff,0xff,0xfe,0x00,0x07,0xff,0xff,0xff,0xff,0x00,0x07,
  0xff,0xff,0xff,0xff,0x00,0x07,0xff,0xff,0xff,0xff,0x00,0x07,0xf8,0x00,0x00,0xff,0x00,0x07,0xf8,0x00,0x00,0xff,0x00,0x07,
  0xf8,0x00,0x00,0xff,0x00,0x07,0xf8,0x00,0x00,0xff,0x00,0x07,0xf8,0x00,0x00,0xff,0x00,0x07,0xf8,0x00,0x00,0xff,0x00,0x07,
  0xf8,0x00,0x00,0xff,0x00,0x00,0x00,0x00,0x00,0xff,0x00,0x00,0x00,0x00,0x00,0xff,0x00,0x00,0x00,0x00,0x03,0xff,0x00,0x00,
  0x00,0x00,0x1f,0xfe,0x00,0x00,0x00,0x00,0x7f,0xfe,0x00,0x00,0x00,0x01,0xff,0xfc,0x00,0x00,0x00,0x07,0xff,0xfc,0x00,0x00,
  0x00,0x0f,0xff,0xf0,0x00,0x00,0x00,0x3f,0xff,0xc0,0x00,0x00,0x00,0x3f,0xff,0x00,0x00,0x00,0x00,0x7f,0xfc,0x00,0x00,0x00,
  0x00,0x7f,0xf0,0x00,0x00,0x00,0x00,0xff,0xc0,0x00,0x00,0x00,0x00,0xff,0x00,0x00,0x00,0x00,0x00,0xff,0x00,0x00,0x00,0x00,
  0x00,0xff,0x00,0x00,0x00,0x00,0x00,0xff,0x00,0x00,0x00,0x00,0x00,0xff,0x00,0x00,0x00,0x00,0x00,0xff,0x00,0x00,0x00,0x00,
  0x00,0xff,0x00,0x00,0x00,0x00,0x00,0x00,0x00,0x00,0x00,0x00,0x00,0x00,0x00,0x00,0x00,0x00,0x00,0x00,0x00,0x00,0x00,0x00,
  0x00,0x00,0x00,0x00,0x00,0x00,0x00,0x00,0x00,0x00,0x00,0x00,0x00,0x00,0x00,0x00,0x00,0x00,0x00,0x00,0x00,0x00,0x00,0x00,
  0x00,0x00,0x00,0x00,0x00,0x00,0x00,0x00,0x00,0x00,0x00,0x00,0x03,0xff,0xc0,0x00,0x00,0x00,0x03,0xff,0xc0,0x00,0x00,0x00,
  0x03,0xff,0xc0,0x00,0x00,0x00,0x03,0xff,0xc0,0x00,0x00,0x00,0x03,0xff,0xc0,0x00,0x00,0x00,0x03,0xff,0xc0,0x00,0x00,0x00,
  0x03,0xff,0xc0,0x00,0x00,0x00,0x03,0xff,0xc0,0x00,0x00,0x00,0x03,0xff,0xc0,0x00,0x00,0x00,0x03,0xff,0xc0,0x00,0x00,0x00,
  0x03,0xff,0xc0,0x00,0x00,0x00,0x03,0xff,0xc0,0x00,0x00,0x00,0x00,0x03,0xff,0xff,0xff,0xff,0xfe,0x00,0x00,0x00,0x00,0x00,
  0x3f,0xff,0xff,0xff,0xff,0xff,0xc0,0x00,0x00,0x00,0x00,0xff,0xff,0xff,0xff,0xff,0xff,0xf0,0x00,0x00,0x00,0x01,0xff,0xff,
  0xff,0xff,0xff,0xff,0xfc,0x00,0x00,0x00,0x07,0xff,0xff,0xff,0xff,0xff,0xff,0xfe,0x00,0x00,0x00,0x0f,0xff,0xff,0xff,0xff,
  0xff,0xff,0xff,0x00,0x00,0x00,0x1f,0xff,0xff,0xff,0xff,0xff,0xff,0xff,0x80,0x00,0x00,0x1f,0xff,0xff,0xff,0xff,0xff,0xff,
  0xff,0xc0,0x00,0x00,0x3f,0xfe,0x00,0x00,0x00,0x00,0x03,0xff,0xe0,0x00,0x00,0x3f,0xf0,0x00,0x00,0x00,0x00,0x00,0x7f,0xe0,
  0x00,0x00,0x7f,0xe0,0x00,0x00,0x00,0x00,0x00,0x3f,0xf0,0x00,0x00,0x7f,0xc0,0x00,0x00,0x00,0x00,0x00,0x1f,0xf0,0x00,0x00,
  0xff,0x80,0x00,0x00,0x00,0x00,0x00,0x0f,0xf8,0x00,0x00,0xff,0x00,0x00,0x00,0x00,0x00,0x00,0x07,0xf8,0x00,0x00,0xff,0x00,
  0x00,0x00,0x00,0x00,0x00,0x07,0xf8,0x00,0x00,0xfe,0x00,0x00,0x00,0x00,0x00,0x00,0x07,0xf8,0x00,0x01,0xfe,0x00,0x00,0x00,
  0x00,0x00,0x00,0x03,0xf8,0x00,0x01,0xfe,0x00,0x03,0xff,0xfc,0x1f,0xe0,0x03,0xfc,0x00,0x01,0xfe,0x00,0x0f,0xff,0xff,0x1f,
  0xe0,0x03,0xfc,0x00,0x01,0xfe,0x00,0x1f,0xff,0xff,0x9f,0xe0,0x03,0xfc,0x00,0x01,0xfe,0x00,0x3f,0xff,0xff,0xdf,0xe0,0x03,
  0xfc,0x00,0x01,0xfe,0x00,0x3f,0xff,0xff,0xdf,0xe0,0x03,0xfc,0x00,0x01,0xfe,0x00,0x3f,0xff,0xff,0xff,0xe0,0x03,0xfc,0x00,
  0x01,0xfe,0x00,0x7f,0xff,0xff,0xff,0xe0,0x03,0xfc,0x00,0x01,0xfe,0x00,0x7f,0xff,0xff,0xff,0xe0,0x03,0xfc,0x00,0x01,0xfe,
  0x00,0x7f,0x80,0x00,0x1f,0xe0,0x03,0xfc,0x00,0x01,0xfe,0x00,0x7f,0x80,0x00,0x1f,0xe0,0x03,0xfc,0x00,0x01,0xfe,0x00,0x7f,
  0x80,0x00,0x1f,0xe0,0x03,0xfc,0x00,0x01,0xfe,0x00,0x7f,0x80,0x00,0x1f,0xe0,0x03,0xfc,0x00,0x01,0xfe,0x00,0x7f,0x80,0x00,
  0x1f,0xe0,0x03,0xfc,0x00,0x01,0xfe,0x00,0x7f,0x80,0x00,0x1f,0xe0,0x03,0xfc,0x00,0x01,0xfe,0x00,0x7f,0x80,0x00,0x1f,0xe0,
  0x03,0xfc,0x00,0x01,0xfe,0x00,0x7f,0x80,0x00,0x1f,0xe0,0x03,0xfc,0x00,0x01,0xfe,0x00,0x7f,0x80,0x00,0x1f,0xe0,0x03,0xfc,
  0x00,0x01,0xfe,0x00,0x7f,0x80,0x00,0x1f,0xe0,0x03,0xfc,0x00,0x01,0xfe,0x00,0x7f,0x80,0x00,0x1f,0xe0,0x03,0xfc,0x00,0x01,
  0xfe,0x00,0x7f,0x80,0x00,0x1f,0xe0,0x03,0xfc,0x00,0x01,0xfe,0x00,0x7f,0x80,0x00,0x1f,0xe0,0x03,0xfc,0x00,0x01,0xfe,0x00,
  0x7f,0x80,0x00,0x1f,0xe0,0x03,0xfc,0x00,0x01,0xfe,0x00,0x7f,0x80,0x00,0x1f,0xe0,0x03,0xfc,0x00,0x01,0xfe,0x00,0x7f,0x80,
  0x00,0x1f,0xe0,0x03,0xfc,0x00,0x01,0xfe,0x00,0x7f,0x80,0x00,0x1f,0xe0,0x03,0xfc,0x00,0x01,0xfe,0x00,0x7f,0x80,0x00,0x1f,
  0xe0,0x03,0xfc,0x00,0x01,0xfe,0x00,0x7f,0x80,0x00,0x1f,0xe0,0x03,0xfc,0x00,0x01,0xfe,0x00,0x7f,0x80,0x00,0x1f,0xe0,0x03,
  0xfc,0x00,0x01,0xfe,0x00,0x7f,0x80,0x00,0x1f,0xe0,0x03,0xfc,0x00,0x01,0xfe,0x00,0x7f,0x80,0x00,0x1f,0xe0,0x03,0xfc,0x00,
  0x01,0xfe,0x00,0x7f,0x80,0x00,0x1f,0xe0,0x03,0xfc,0x00,0x01,0xfe,0x00,0x7f,0xff,0xff,0xff,0xff,0xff,0xfc,0x00,0x01,0xfe,
  0x00,0x7f,0xff,0xff,0xff,0xff,0xff,0xfc,0x00,0x01,0xfe,0x00,0x3f,0xff,0xff,0xef,0xff,0xff,0xf8,0x00,0x01,0xfe,0x00,0x3f,
  0xff,0xff,0xcf,0xff,0xff,0xf8,0x00,0x01,0xfe,0x00,0x3f,0xff,0xff,0xcf,0xff,0xff,0xf0,0x00,0x01,0xfe,0x00,0x1f,0xff,0xff,
  0x87,0xff,0xff,0xf0,0x00,0x01,0xfe,0x00,0x0f,0xff,0xff,0x03,0xff,0xff,0xc0,0x00,0x01,0xfe,0x00,0x03,0xff,0xfc,0x00,0xff,
  0xff,0x80,0x00,0x01,0xfe,0x00,0x00,0x00,0x00,0x00,0x00,0x00,0x00,0x00,0x00,0xff,0x00,0x00,0x00,0x00,0x00,0x00,0x00,0x00,
  0x00,0x00,0xff,0x00,0x00,0x00,0x00,0x00,0x00,0x00,0x00,0x00,0x00,0xff,0x00,0x00,0x00,0x00,0x00,0x00,0x00,0x00,0x00,0x00,
  0xff,0x80,0x00,0x00,0x00,0x00,0x00,0x00,0x00,0x00,0x00,0x7f,0xc0,0x00,0x00,0x00,0x00,0x00,0x00,0x00,0x00,0x00,0x7f,0xe0,
  0x00,0x00,0x00,0x00,0x00,0x00,0x00,0x00,0x00,0x3f,0xf0,0x00,0x00,0x00,0x00,0x00,0x00,0x00,0x00,0x00,0x3f,0xfe,0x00,0x00,
  0x00,0x00,0x00,0x00,0x00,0x00,0x00,0x1f,0xff,0xff,0xff,0xff,0xff,0xff,0xf0,0x00,0x00,0x00,0x1f,0xff,0xff,0xff,0xff,0xff,
  0xff,0xf0,0x00,0x00,0x00,0x0f,0xff,0xff,0xff,0xff,0xff,0xff,0xf0,0x00,0x00,0x00,0x07,0xff,0xff,0xff,0xff,0xff,0xff,0xe0,
  0x00,0x00,0x00,0x01,0xff,0xff,0xff,0xff,0xff,0xff,0xe0,0x00,0x00,0x00,0x00,0xff,0xff,0xff,0xff,0xff,0xff,0xc0,0x00,0x00,
  0x00,0x00,0x3f,0xff,0xff,0xff,0xff,0xff,0x80,0x00,0x00,0x00,0x00,0x03,0xff,0xff,0xff,0xff,0xfe,0x00,0x00,0x00,0x00,0x00,
  0x00,0xff,0x00,0x00,0x00,0x00,0x00,0x01,0xff,0x80,0x00,0x00,0x00,0x00,0x01,0xff,0x80,0x00,0x00,0x00,0x00,0x01,0xff,0x80,
  0x00,0x00,0x00,0x00,0x03,0xff,0xc0,0x00,0x00,0x00,0x00,0x03,0xff,0xc0,0x00,0x00,0x00,0x00,0x07,0xff,0xe0,0x00,0x00,0x00,
  0x00,0x07,0xff,0xe0,0x00,0x00,0x00,0x00,0x07,0xff,0xe0,0x00,0x00,0x00,0x00,0x0f,0xff,0xf0,0x00,0x00,0x00,0x00,0x0f,0xff,
  0xf0,0x00,0x00,0x00,0x00,0x0f,0xff,0xf0,0x00,0x00,0x00,0x00,0x1f,0xe7,0xf8,0x00,0x00,0x00,0x00,0x1f,0xe7,0xf8,0x00,0x00,
  0x00,0x00,0x3f,0xc3,0xfc,0x00,0x00,0x00,0x00,0x3f,0xc3,0xfc,0x00,0x00,0x00,0x00,0x3f,0xc3,0xfc,0x00,0x00,0x00,0x00,0x7f,
  0x81,0xfe,0x00,0x00,0x00,0x00,0x7f,0x81,0xfe,0x00,0x00,0x00,0x00,0xff,0x00,0xff,0x00,0x00,0x00,0x00,0xff,0x00,0xff,0x00,
  0x00,0x00,0x00,0xff,0x00,0xff,0x00,0x00,0x00,0x01,0xfe,0x00,0x7f,0x80,0x00,0x00,0x01,0xfe,0x00,0x7f,0x80,0x00,0x00,0x01,
  0xfc,0x00,0x7f,0x80,0x00,0x00,0x03,0xfc,0x00,0x3f,0xc0,0x00,0x00,0x03,0xfc,0x00,0x3f,0xc0,0x00,0x00,0x07,0xf8,0x00,0x1f,
  0xe0,0x00,0x00,0x07,0xf8,0x00,0x1f,0xe0,0x00,0x00,0x07,0xf8,0x00,0x1f,0xe0,0x00,0x00,0x0f,0xf0,0x00,0x0f,0xf0,0x00,0x00,
  0x0f,0xf0,0x00,0x0f,0xf0,0x00,0x00,0x1f,0xe0,0x00,0x07,0xf8,0x00,0x00,0x1f,0xe0,0x00,0x07,0xf8,0x00,0x00,0x1f,0xe0,0x00,
  0x07,0xf8,0x00,0x00,0x3f,0xff,0xff,0xff,0xfc,0x00,0x00,0x3f,0xff,0xff,0xff,0xfc,0x00,0x00,0x3f,0xff,0xff,0xff,0xfc,0x00,
  0x00,0x7f,0xff,0xff,0xff,0xfe,0x00,0x00,0x7f,0xff,0xff,0xff,0xfe,0x00,0x00,0xff,0xff,0xff,0xff,0xff,0x00,0x00,0xff,0xff,
  0xff,0xff,0xff,0x00,0x00,0xff,0xff,0xff,0xff,0xff,0x00,0x01,0xfe,0x00,0x00,0x00,0x7f,0x80,0x01,0xfe,0x00,0x00,0x00,0x7f,
  0x80,0x03,0xfc,0x00,0x00,0x00,0x3f,0xc0,0x03,0xfc,0x00,0x00,0x00,0x3f,0xc0,0x03,0xfc,0x00,0x00,0x00,0x3f,0xc0,0x07,0xf8,
  0x00,0x00,0x00,0x1f,0xe0,0x07,0xf8,0x00,0x00,0x00,0x1f,0xe0,0x07,0xf0,0x00,0x00,0x00,0x1f,0xe0,0x0f,0xf0,0x00,0x00,0x00,
  0x0f,0xf0,0x0f,0xf0,0x00,0x00,0x00,0x0f,0xf0,0x1f,0xe0,0x00,0x00,0x00,0x07,0xf8,0x1f,0xe0,0x00,0x00,0x00,0x07,0xf8,0x1f,
  0xe0,0x00,0x00,0x00,0x07,0xf8,0x01,0xff,0xff,0xff,0xff,0x80,0x00,0x01,0xff,0xff,0xff,0xff,0xf0,0x00,0x01,0xff,0xff,0xff,
  0xff,0xf8,0x00,0x01,0xff,0xff,0xff,0xff,0xfc,0x00,0x01,0xff,0xff,0xff,0xff,0xfe,0x00,0x01,0xff,0xff,0xff,0xff,0xff,0x00,
  0x01,0xff,0xff,0xff,0xff,0xff,0x00,0x01,0xff,0xff,0xff,0xff,0xff,0x80,0x01,0xfe,0x00,0x00,0x01,0xff,0x80,0x01,0xfe,0x00,
  0x00,0x00,0x7f,0x80,0x01,0xfe,0x00,0x00,0x00,0x7f,0xc0,0x01,0xfe,0x00,0x00,0x00,0x3f,0xc0,0x01,0xfe,0x00,0x00,0x00,0x3f,
  0xc0,0x01,0xfe,0x00,0x00,0x00,0x3f,0xc0,0x01,0xfe,0x00,0x00,0x00,0x3f,0xc0,0x01,0xfe,0x00,0x00,0x00,0x3f,0xc0,0x01,0xfe,
  0x00,0x00,0x00,0x3f,0xc0,0x01,0xfe,0x00,0x00,0x00,0x3f,0xc0,0x01,0xfe,0x00,0x00,0x00,0x3f,0xc0,0x01,0xfe,0x00,0x00,0x00,
  0x3f,0x80,0x01,0xfe,0x00,0x00,0x00,0x3f,0x80,0x01,0xfe,0x00,0x00,0x00,0x7f,0x80,0x01,0xfe,0x00,0x00,0x00,0x7f,0x00,0x01,
  0xfe,0x00,0x00,0x01,0xff,0x00,0x01,0xff,0xff,0xff,0xff,0xfe,0x00,0x01,0xff,0xff,0xff,0xff,0xfc,0x00,0x01,0xff,0xff,0xff,
  0xff,0xf8,0x00,0x01,0xff,0xff,0xff,0xff,0xf8,0x00,0x01,0xff,0xff,0xff,0xff,0xfe,0x00,0x01,0xff,0xff,0xff,0xff,0xff,0x00,
  0x01,0xff,0xff,0xff,0xff,0xff,0x80,0x01,0xff,0xff,0xff,0xff,0xff,0x80,0x01,0xfe,0x00,0x00,0x00,0x7f,0xc0,0x01,0xfe,0x00,
  0x00,0x00,0x3f,0xc0,0x01,0xfe,0x00,0x00,0x00,0x1f,0xe0,0x01,0xfe,0x00,0x00,0x00,0x1f,0xe0,0x01,0xfe,0x00,0x00,0x00,0x1f,
  0xe0,0x01,0xfe,0x00,0x00,0x00,0x0f,0xe0,0x01,0xfe,0x00,0x00,0x00,0x0f,0xe0,0x01,0xfe,0x00,0x00,0x00,0x0f,0xe0,0x01,0xfe,
  0x00,0x00,0x00,0x0f,0xe0,0x01,0xfe,0x00,0x00,0x00,0x0f,0xe0,0x01,0xfe,0x00,0x00,0x00,0x0f,0xe0,0x01,0xfe,0x00,0x00,0x00,
  0x1f,0xe0,0x01,0xfe,0x00,0x00,0x00,0x1f,0xe0,0x01,0xfe,0x00,0x00,0x00,0x1f,0xe0,0x01,0xfe,0x00,0x00,0x00,0x3f,0xe0,0x01,
  0xfe,0x00,0x00,0x00,0x7f,0xe0,0x01,0xff,0xff,0xff,0xff,0xff,0xe0,0x01,0xff,0xff,0xff,0xff,0xff,0xc0,0x01,0xff,0xff,0xff,
  0xff,0xff,0xc0,0x01,0xff,0xff,0xff,0xff,0xff,0x80,0x01,0xff,0xff,0xff,0xff,0xff,0x00,0x01,0xff,0xff,0xff,0xff,0xfe,0x00,
  0x01,0xff,0xff,0xff,0xff,0xf8,0x00,0x01,0xff,0xff,0xff,0xff,0xc0,0x00,0x00,0x07,0xff,0xff,0xff,0xff,0x00,0x00,0x00,0x1f,
  0xff,0xff,0xff,0xff,0xc0,0x00,0x00,0x7f,0xff,0xff,0xff,0xff,0xe0,0x00,0x00,0x7f,0xff,0xff,0xff,0xff,0xf0,0x00,0x00,0xff,
  0xff,0xff,0xff,0xff,0xf8,0x00,0x00,0xff,0xff,0xff,0xff,0xff,0xf8,0x00,0x01,0xff,0xff,0xff,0xff,0xff,0xf8,0x00,0x01,0xff,
  0xff,0xff,0xff,0xff,0xfc,0x00,0x01,0xfe,0x00,0x00,0x00,0x03,0xfc,0x00,0x01,0xfe,0x00,0x00,0x00,0x03,0xfc,0x00,0x01,0xfe,
  0x00,0x00,0x00,0x03,0xfc,0x00,0x01,0xfe,0x00,0x00,0x00,0x03,0xfc,0x00,0x01,0xfe,0x00,0x00,0x00,0x03,0xfc,0x00,0x01,0xfe,
  0x00,0x00,0x00,0x03,0xfc,0x00,0x01,0xfe,0x00,0x00,0x00,0x03,0xfc,0x00,0x01,0xfe,0x00,0x00,0x00,0x00,0x00,0x00,0x01,0xfe,
  0x00,0x00,0x00,0x00,0x00,0x00,0x01,0xfe,0x00,0x00,0x00,0x00,0x00,0x00,0x01,0xfe,0x00,0x00,0x00,0x00,0x00,0x00,0x01,0xfe,
  0x00,0x00,0x00,0x00,0x00,0x00,0x01,0xfe,0x00,0x00,0x00,0x00,0x00,0x00,0x01,0xfe,0x00,0x00,0x00,0x00,0x00,0x00,0x01,0xfe,
  0x00,0x00,0x00,0x00,0x00,0x00,0x01,0xfe,0x00,0x00,0x00,0x00,0x00,0x00,0x01,0xfe,0x00,0x00,0x00,0x00,0x00,0x00,0x01,0xfe,
  0x00,0x00,0x00,0x00,0x00,0x00,0x01,0xfe,0x00,0x00,0x00,0x00,0x00,0x00,0x01,0xfe,0x00,0x00,0x00,0x00,0x00,0x00,0x01,0xfe,
  0x00,0x00,0x00,0x00,0x00,0x00,0x01,0xfe,0x00,0x00,0x00,0x00,0x00,0x00,0x01,0xfe,0x00,0x00,0x00,0x00,0x00,0x00,0x01,0xfe,
  0x00,0x00,0x00,0x00,0x00,0x00,0x01,0xfe,0x00,0x00,0x00,0x00,0x00,0x00,0x01,0xfe,0x00,0x00,0x00,0x00,0x00,0x00,0x01,0xfe,
  0x00,0x00,0x00,0x00,0x00,0x00,0x01,0xfe,0x00,0x00,0x00,0x00,0x00,0x00,0x01,0xfe,0x00,0x00,0x00,0x00,0x00,0x00,0x01,0xfe,
  0x00,0x00,0x00,0x00,0x00,0x00,0x01,0xfe,0x00,0x00,0x00,0x00,0x00,0x00,0x01,0xfe,0x00,0x00,0x00,0x00,0x00,0x00,0x01,0xfe,
  0x00,0x00,0x00,0x00,0x00,0x00,0x01,0xfe,0x00,0x00,0x00,0x03,0xfc,0x00,0x01,0xfe,0x00,0x00,0x00,0x03,0xfc,0x00,0x01,0xfe,
  0x00,0x00,0x00,0x03,0xfc,0x00,0x01,0xfe,0x00,0x00,0x00,0x03,0xfc,0x00,0x01,0xfe,0x00,0x00,0x00,0x03,0xfc,0x00,0x01,0xfe,
  0x00,0x00,0x00,0x03,0xfc,0x00,0x01,0xfe,0x00,0x00,0x00,0x03,0xfc,0x00,0x01,0xff,0xff,0xff,0xff,0xff,0xfc,0x00,0x01,0xff,
  0xff,0xff,0xff,0xff,0xf8,0x00,0x00,0xff,0xff,0xff,0xff,0xff,0xf8,0x00,0x00,0xff,0xff,0xff,0xff,0xff,0xf8,0x00,0x00,0x7f,
  0xff,0xff,0xff,0xff,0xf0,0x00,0x00,0x7f,0xff,0xff,0xff,0xff,0xe0,0x00,0x00,0x1f,0xff,0xff,0xff,0xff,0xc0,0x00,0x00,0x0f,
  0xff,0xff,0xff,0xff,0x00,0x00,0x01,0xff,0xff,0xff,0xff,0x80,0x00,0x00,0x01,0xff,0xff,0xff,0xff,0xf0,0x00,0x00,0x01,0xff,
  0xff,0xff,0xff,0xfc,0x00,0x00,0x01,0xff,0xff,0xff,0xff,0xff,0x00,0x00,0x01,0xff,0xff,0xff,0xff,0xff,0x80,0x00,0x01,0xff,
  0xff,0xff,0xff,0xff,0xc0,0x00,0x01,0xff,0xff,0xff,0xff,0xff,0xe0,0x00,0x01,0xff,0xff,0xff,0xff,0xff,0xf0,0x00,0x01,0xfe,
  0x00,0x00,0x01,0xff,0xf0,0x00,0x01,0xfe,0x00,0x00,0x00,0x3f,0xf8,0x00,0x01,0xfe,0x00,0x00,0x00,0x1f,0xf8,0x00,0x01,0xfe,
  0x00,0x00,0x00,0x07,0xfc,0x00,0x01,0xfe,0x00,0x00,0x00,0x07,0xfc,0x00,0x01,0xfe,0x00,0x00,0x00,0x03,0xfe,0x00,0x01,0xfe,
  0x00,0x00,0x00,0x03,0xfe,0x00,0x01,0xfe,0x00,0x00,0x00,0x01,0xfe,0x00,0x01,0xfe,0x00,0x00,0x00,0x01,0xfe,0x00,0x01,0xfe,
  0x00,0x00,0x00,0x01,0xfe,0x00,0x01,0xfe,0x00,0x00,0x00,0x01,0xfe,0x00,0x01,0xfe,0x00,0x00,0x00,0x01,0xfe,0x00,0x01,0xfe,
  0x00,0x00,0x00,0x01,0xfe,0x00,0x01,0xfe,0x00,0x00,0x00,0x01,0xfe,0x00,0x01,0xfe,0x00,0x00,0x00,0x01,0xfe,0x00,0x01,0xfe,
  0x00,0x00,0x00,0x01,0xfe,0x00,0x01,0xfe,0x00,0x00,0x00,0x01,0xfe,0x00,0x01,0xfe,0x00,0x00,0x00,0x01,0xfe,0x00,0x01,0xfe,
  0x00,0x00,0x00,0x01,0xfe,0x00,0x01,0xfe,0x00,0x00,0x00,0x01,0xfe,0x00,0x01,0xfe,0x00,0x00,0x00,0x01,0xfe,0x00,0x01,0xfe,
  0x00,0x00,0x00,0x01,0xfe,0x00,0x01,0xfe,0x00,0x00,0x00,0x01,0xfe,0x00,0x01,0xfe,0x00,0x00,0x00,0x01,0xfe,0x00,0x01,0xfe,
  0x00,0x00,0x00,0x01,0xfe,0x00,0x01,0xfe,0x00,0x00,0x00,0x01,0xfe,0x00,0x01,0xfe,0x00,0x00,0x00,0x01,0xfe,0x00,0x01,0xfe,
  0x00,0x00,0x00,0x01,0xfe,0x00,0x01,0xfe,0x00,0x00,0x00,0x01,0xfe,0x00,0x01,0xfe,0x00,0x00,0x00,0x01,0xfe,0x00,0x01,0xfe,
  0x00,0x00,0x00,0x01,0xfe,0x00,0x01,0xfe,0x00,0x00,0x00,0x01,0xfe,0x00,0x01,0xfe,0x00,0x00,0x00,0x01,0xfe,0x00,0x01,0xfe,
  0x00,0x00,0x00,0x03,0xfe,0x00,0x01,0xfe,0x00,0x00,0x00,0x03,0xfe,0x00,0x01,0xfe,0x00,0x00,0x00,0x07,0xfc,0x00,0x01,0xfe,
  0x00,0x00,0x00,0x07,0xfc,0x00,0x01,0xfe,0x00,0x00,0x00,0x0f,0xf8,0x00,0x01,0xfe,0x00,0x00,0x00,0x3f,0xf8,0x00,0x01,0xfe,
  0x00,0x00,0x00,0xff,0xf0,0x00,0x01,0xff,0xff,0xff,0xff,0xff,0xf0,0x00,0x01,0xff,0xff,0xff,0xff,0xff,0xe0,0x00,0x01,0xff,
  0xff,0xff,0xff,0xff,0xc0,0x00,0x01,0xff,0xff,0xff,0xff,0xff,0x80,0x00,0x01,0xff,0xff,0xff,0xff,0xff,0x00,0x00,0x01,0xff,
  0xff,0xff,0xff,0xfc,0x00,0x00,0x01,0xff,0xff,0xff,0xff,0xf0,0x00,0x00,0x01,0xff,0xff,0xff,0xff,0x80,0x00,0x00,0x01,0xff,
  0xff,0xff,0xff,0xff,0x00,0x01,0xff,0xff,0xff,0xff,0xff,0x00,0x01,0xff,0xff,0xff,0xff,0xff,0x00,0x01,0xff,0xff,0xff,0xff,
  0xff,0x00,0x01,0xff,0xff,0xff,0xff,0xff,0x00,0x01,0xff,0xff,0xff,0xff,0xff,0x00,0x01,0xff,0xff,0xff,0xff,0xff,0x00,0x01,
  0xff,0xff,0xff,0xff,0xff,0x00,0x01,0xfe,0x00,0x00,0x00,0x00,0x00,0x01,0xfe,0x00,0x00,0x00,0x00,0x00,0x01,0xfe,0x00,0x00,
  0x00,0x00,0x00,0x01,0xfe,0x00,0x00,0x00,0x00,0x00,0x01,0xfe,0x00,0x00,0x00,0x00,0x00,0x01,0xfe,0x00,0x00,0x00,0x00,0x00,
  0x01,0xfe,0x00,0x00,0x00,0x00,0x00,0x01,0xfe,0x00,0x00,0x00,0x00,0x00,0x01,0xfe,0x00,0x00,0x00,0x00,0x00,0x01,0xfe,0x00,
  0x00,0x00,0x00,0x00,0x01,0xfe,0x00,0x00,0x00,0x00,0x00,0x01,0xfe,0x00,0x00,0x00,0x00,0x00,0x01,0xfe,0x00,0x00,0x00,0x00,
  0x00,0x01,0xfe,0x00,0x00,0x00,0x00,0x00,0x01,0xfe,0x00,0x00,0x00,0x00,0x00,0x01,0xfe,0x00,0x00,0x00,0x00,0x00,0x01,0xff,
  0xff,0xff,0xff,0xe0,0x00,0x01,0xff,0xff,0xff,0xff,0xe0,0x00,0x01,0xff,0xff,0xff,0xff,0xe0,0x00,0x01,0xff,0xff,0xff,0xff,
  0xe0,0x00,0x01,0xff,0xff,0xff,0xff,0xe0,0x00,0x01,0xff,0xff,0xff,0xff,0xe0,0x00,0x01,0xff,0xff,0xff,0xff,0xe0,0x00,0x01,
  0xff,0xff,0xff,0xff,0xe0,0x00,0x01,0xfe,0x00,0x00,0x00,0x00,0x00,0x01,0xfe,0x00,0x00,0x00,0x00,0x00,0x01,0xfe,0x00,0x00,
  0x00,0x00,0x00,0x01,0xfe,0x00,0x00,0x00,0x00,0x00,0x01,0xfe,0x00,0x00,0x00,0x00,0x00,0x01,0xfe,0x00,0x00,0x00,0x00,0x00,
  0x01,0xfe,0x00,0x00,0x00,0x00,0x00,0x01,0xfe,0x00,0x00,0x00,0x00,0x00,0x01,0xfe,0x00,0x00,0x00,0x00,0x00,0x01,0xfe,0x00,
  0x00,0x00,0x00,0x00,0x01,0xfe,0x00,0x00,0x00,0x00,0x00,0x01,0xfe,0x00,0x00,0x00,0x00,0x00,0x01,0xfe,0x00,0x00,0x00,0x00,
  0x00,0x01,0xfe,0x00,0x00,0x00,0x00,0x00,0x01,0xfe,0x00,0x00,0x00,0x00,0x00,0x01,0xfe,0x00,0x00,0x00,0x00,0x00,0x01,0xff,
  0xff,0xff,0xff,0xff,0x00,0x01,0xff,0xff,0xff,0xff,0xff,0x00,0x01,0xff,0xff,0xff,0xff,0xff,0x00,0x01,0xff,0xff,0xff,0xff,
  0xff,0x00,0x01,0xff,0xff,0xff,0xff,0xff,0x00,0x01,0xff,0xff,0xff,0xff,0xff,0x00,0x01,0xff,0xff,0xff,0xff,0xff,0x00,0x01,
  0xff,0xff,0xff,0xff,0xff,0x00,0x01,0xff,0xff,0xff,0xff,0xff,0x00,0x01,0xff,0xff,0xff,0xff,0xff,0x00,0x01,0xff,0xff,0xff,
  0xff,0xff,0x00,0x01,0xff,0xff,0xff,0xff,0xff,0x00,0x01,0xff,0xff,0xff,0xff,0xff,0x00,0x01,0xff,0xff,0xff,0xff,0xff,0x00,
  0x01,0xff,0xff,0xff,0xff,0xff,0x00,0x01,0xff,0xff,0xff,0xff,0xff,0x00,0x01,0xfe,0x00,0x00,0x00,0x00,0x00,0x01,0xfe,0x00,
  0x00,0x00,0x00,0x00,0x01,0xfe,0x00,0x00,0x00,0x00,0x00,0x01,0xfe,0x00,0x00,0x00,0x00,0x00,0x01,0xfe,0x00,0x00,0x00,0x00,
  0x00,0x01,0xfe,0x00,0x00,0x00,0x00,0x00,0x01,0xfe,0x00,0x00,0x00,0x00,0x00,0x01,0xfe,0x00,0x00,0x00,0x00,0x00,0x01,0xfe,
  0x00,0x00,0x00,0x00,0x00,0x01,0xfe,0x00,0x00,0x00,0x00,0x00,0x01,0xfe,0x00,0x00,0x00,0x00,0x00,0x01,0xfe,0x00,0x00,0x00,
  0x00,0x00,0x01,0xfe,0x00,0x00,0x00,0x00,0x00,0x01,0xfe,0x00,0x00,0x00,0x00,0x00,0x01,0xfe,0x00,0x00,0x00,0x00,0x00,0x01,
  0xfe,0x00,0x00,0x00,0x00,0x00,0x01,0xff,0xff,0xff,0xff,0xe0,0x00,0x01,0xff,0xff,0xff,0xff,0xe0,0x00,0x01,0xff,0xff,0xff,
  0xff,0xe0,0x00,0x01,0xff,0xff,0xff,0xff,0xe0,0x00,0x01,0xff,0xff,0xff,0xff,0xe0,0x00,0x01,0xff,0xff,0xff,0xff,0xe0,0x00,
  0x01,0xff,0xff,0xff,0xff,0xe0,0x00,0x01,0xff,0xff,0xff,0xff,0xe0,0x00,0x01,0xfe,0x00,0x00,0x00,0x00,0x00,0x01,0xfe,0x00,
  0x00,0x00,0x00,0x00,0x01,0xfe,0x00,0x00,0x00,0x00,0x00,0x01,0xfe,0x00,0x00,0x00,0x00,0x00,0x01,0xfe,0x00,0x00,0x00,0x00,
  0x00,0x01,0xfe,0x00,0x00,0x00,0x00,0x00,0x01,0xfe,0x00,0x00,0x00,0x00,0x00,0x01,0xfe,0x00,0x00,0x00,0x00,0x00,0x01,0xfe,
  0x00,0x00,0x00,0x00,0x00,0x01,0xfe,0x00,0x00,0x00,0x00,0x00,0x01,0xfe,0x00,0x00,0x00,0x00,0x00,0x01,0xfe,0x00,0x00,0x00,
  0x00,0x00,0x01,0xfe,0x00,0x00,0x00,0x00,0x00,0x01,0xfe,0x00,0x00,0x00,0x00,0x00,0x01,0xfe,0x00,0x00,0x00,0x00,0x00,0x01,
  0xfe,0x00,0x00,0x00,0x00,0x00,0x01,0xfe,0x00,0x00,0x00,0x00,0x00,0x01,0xfe,0x00,0x00,0x00,0x00,0x00,0x01,0xfe,0x00,0x00,
  0x00,0x00,0x00,0x01,0xfe,0x00,0x00,0x00,0x00,0x00,0x01,0xfe,0x00,0x00,0x00,0x00,0x00,0x01,0xfe,0x00,0x00,0x00,0x00,0x00,
  0x01,0xfe,0x00,0x00,0x00,0x00,0x00,0x01,0xfe,0x00,0x00,0x00,0x00,0x00,0x00,0x07,0xff,0xff,0xff,0xff,0x00,0x00,0x00,0x1f,
  0xff,0xff,0xff,0xff,0xc0,0x00,0x00,0x7f,0xff,0xff,0xff,0xff,0xe0,0x00,0x00,0x7f,0xff,0xff,0xff,0xff,0xf0,0x00,0x00,0xff,
  0xff,0xff,0xff,0xff,0xf8,0x00,0x00,0xff,0xff,0xff,0xff,0xff,0xf8,0x00,0x01,0xff,0xff,0xff,0xff,0xff,0xf8,0x00,0x01,0xff,
  0xff,0xff,0xff,0xff,0xfc,0x00,0x01,0xfe,0x00,0x00,0x00,0x03,0xfc,0x00,0x01,0xfe,0x00,0x00,0x00,0x03,0xfc,0x00,0x01,0xfe,
  0x00,0x00,0x00,0x03,0xfc,0x00,0x01,0xfe,0x00,0x00,0x00,0x03,0xfc,0x00,0x01,0xfe,0x00,0x00,0x00,0x03,0xfc,0x00,0x01,0xfe,
  0x00,0x00,0x00,0x03,0xfc,0x00,0x01,0xfe,0x00,0x00,0x00,0x03,0xfc,0x00,0x01,0xfe,0x00,0x00,0x00,0x00,0x00,0x00,0x01,0xfe,
  0x00,0x00,0x00,0x00,0x00,0x00,0x01,0xfe,0x00,0x00,0x00,0x00,0x00,0x00,0x01,0xfe,0x00,0x00,0x00,0x00,0x00,0x00,0x01,0xfe,
  0x00,0x00,0x00,0x00,0x00,0x00,0x01,0xfe,0x00,0x00,0x00,0x00,0x00,0x00,0x01,0xfe,0x00,0x00,0x00,0x00,0x00,0x00,0x01,0xfe,
  0x00,0x00,0x00,0x00,0x00,0x00,0x01,0xfe,0x00,0x00,0x00,0x00,0x00,0x00,0x01,0xfe,0x00,0x00,0x00,0x00,0x00,0x00,0x01,0xfe,
  0x00,0x00,0x00,0x00,0x00,0x00,0x01,0xfe,0x00,0x03,0xff,0xff,0xfc,0x00,0x01,0xfe,0x00,0x03,0xff,0xff,0xfc,0x00,0x01,0xfe,
  0x00,0x03,0xff,0xff,0xfc,0x00,0x01,0xfe,0x00,0x03,0xff,0xff,0xfc,0x00,0x01,0xfe,0x00,0x03,0xff,0xff,0xfc,0x00,0x01,0xfe,
  0x00,0x03,0xff,0xff,0xfc,0x00,0x01,0xfe,0x00,0x03,0xff,0xff,0xfc,0x00,0x01,0xfe,0x00,0x03,0xff,0xff,0xfc,0x00,0x01,0xfe,
  0x00,0x00,0x00,0x03,0xfc,0x00,0x01,0xfe,0x00,0x00,0x00,0x03,0xfc,0x00,0x01,0xfe,0x00,0x00,0x00,0x03,0xfc,0x00,0x01,0xfe,
  0x00,0x00,0x00,0x03,0xfc,0x00,0x01,0xfe,0x00,0x00,0x00,0x03,0xfc,0x00,0x01,0xfe,0x00,0x00,0x00,0x03,0xfc,0x00,0x01,0xfe,
  0x00,0x00,0x00,0x03,0xfc,0x00,0x01,0xfe,0x00,0x00,0x00,0x03,0xfc,0x00,0x01,0xfe,0x00,0x00,0x00,0x03,0xfc,0x00,0x01,0xfe,
  0x00,0x00,0x00,0x03,0xfc,0x00,0x01,0xfe,0x00,0x00,0x00,0x03,0xfc,0x00,0x01,0xfe,0x00,0x00,0x00,0x03,0xfc,0x00,0x01,0xfe,
  0x00,0x00,0x00,0x03,0xfc,0x00,0x01,0xfe,0x00,0x00,0x00,0x03,0xfc,0x00,0x01,0xff,0xff,0xff,0xff,0xff,0xfc,0x00,0x01,0xff,
  0xff,0xff,0xff,0xff,0xf8,0x00,0x00,0xff,0xff,0xff,0xff,0xff,0xf8,0x00,0x00,0xff,0xff,0xff,0xff,0xff,0xf8,0x00,0x00,0x7f,
  0xff,0xff,0xff,0xff,0xf0,0x00,0x00,0x7f,0xff,0xff,0xff,0xff,0xe0,0x00,0x00,0x1f,0xff,0xff,0xff,0xff,0xc0,0x00,0x00,0x0f,
  0xff,0xff,0xff,0xff,0x00,0x00,0x01,0xfe,0x00,0x00,0x00,0x01,0xfe,0x00,0x01,0xfe,0x00,0x00,0x00,0x01,0xfe,0x00,0x01,0xfe,
  0x00,0x00,0x00,0x01,0xfe,0x00,0x01,0xfe,0x00,0x00,0x00,0x01,0xfe,0x00,0x01,0xfe,0x00,0x00,0x00,0x01,0xfe,0x00,0x01,0xfe,
  0x00,0x00,0x00,0x01,0xfe,0x00,0x01,0xfe,0x00,0x00,0x00,0x01,0xfe,0x00,0x01,0xfe,0x00,0x00,0x00,0x01,0xfe,0x00,0x01,0xfe,
  0x00,0x00,0x00,0x01,0xfe,0x00,0x01,0xfe,0x00,0x00,0x00,0x01,0xfe,0x00,0x01,0xfe,0x00,0x00,0x00,0x01,0xfe,0x00,0x01,0xfe,
  0x00,0x00,0x00,0x01,0xfe,0x00,0x01,0xfe,0x00,0x00,0x00,0x01,0xfe,0x00,0x01,0xfe,0x00,0x00,0x00,0x01,0xfe,0x00,0x01,0xfe,
  0x00,0x00,0x00,0x01,0xfe,0x00,0x01,0xfe,0x00,0x00,0x00,0x01,0xfe,0x00,0x01,0xfe,0x00,0x00,0x00,0x01,0xfe,0x00,0x01,0xfe,
  0x00,0x00,0x00,0x01,0xfe,0x00,0x01,0xfe,0x00,0x00,0x00,0x01,0xfe,0x00,0x01,0xfe,0x00,0x00,0x00,0x01,0xfe,0x00,0x01,0xfe,
  0x00,0x00,0x00,0x01,0xfe,0x00,0x01,0xfe,0x00,0x00,0x00,0x01,0xfe,0x00,0x01,0xfe,0x00,0x00,0x00,0x01,0xfe,0x00,0x01,0xfe,
  0x00,0x00,0x00,0x01,0xfe,0x00,0x01,0xff,0xff,0xff,0xff,0xff,0xfe,0x00,0x01,0xff,0xff,0xff,0xff,0xff,0xfe,0x00,0x01,0xff,
  0xff,0xff,0xff,0xff,0xfe,0x00,0x01,0xff,0xff,0xff,0xff,0xff,0xfe,0x00,0x01,0xff,0xff,0xff,0xff,0xff,0xfe,0x00,0x01,0xff,
  0xff,0xff,0xff,0xff,0xfe,0x00,0x01,0xff,0xff,0xff,0xff,0xff,0xfe,0x00,0x01,0xff,0xff,0xff,0xff,0xff,0xfe,0x00,0x01,0xfe,
  0x00,0x00,0x00,0x01,0xfe,0x00,0x01,0xfe,0x00,0x00,0x00,0x01,0xfe,0x00,0x01,0xfe,0x00,0x00,0x00,0x01,0xfe,0x00,0x01,0xfe,
  0x00,0x00,0x00,0x01,0xfe,0x00,0x01,0xfe,0x00,0x00,0x00,0x01,0xfe,0x00,0x01,0xfe,0x00,0x00,0x00,0x01,0xfe,0x00,0x01,0xfe,
  0x00,0x00,0x00,0x01,0xfe,0x00,0x01,0xfe,0x00,0x00,0x00,0x01,0xfe,0x00,0x01,0xfe,0x00,0x00,0x00,0x01,0xfe,0x00,0x01,0xfe,
  0x00,0x00,0x00,0x01,0xfe,0x00,0x01,0xfe,0x00,0x00,0x00,0x01,0xfe,0x00,0x01,0xfe,0x00,0x00,0x00,0x01,0xfe,0x00,0x01,0xfe,
  0x00,0x00,0x00,0x01,0xfe,0x00,0x01,0xfe,0x00,0x00,0x00,0x01,0xfe,0x00,0x01,0xfe,0x00,0x00,0x00,0x01,0xfe,0x00,0x01,0xfe,
  0x00,0x00,0x00,0x01,0xfe,0x00,0x01,0xfe,0x00,0x00,0x00,0x01,0xfe,0x00,0x01,0xfe,0x00,0x00,0x00,0x01,0xfe,0x00,0x01,0xfe,
  0x00,0x00,0x00,0x01,0xfe,0x00,0x01,0xfe,0x00,0x00,0x00,0x01,0xfe,0x00,0x01,0xfe,0x00,0x00,0x00,0x01,0xfe,0x00,0x01,0xfe,
  0x00,0x00,0x00,0x01,0xfe,0x00,0x01,0xfe,0x00,0x00,0x00,0x01,0xfe,0x00,0x01,0xfe,0x00,0x00,0x00,0x01,0xfe,0x00,0x01,0xfe,
  0x00,0x01,0xfe,0x00,0x01,0xfe,0x00,0x01,0xfe,0x00,0x01,0xfe,0x00,0x01,0xfe,0x00,0x01,0xfe,0x00,0x01,0xfe,0x00,0x01,0xfe,
  0x00,0x01,0xfe,0x00,0x01,0xfe,0x00,0x01,0xfe,0x00,0x01,0xfe,0x00,0x01,0xfe,0x00,0x01,0xfe,0x00,0x01,0xfe,0x00,0x01,0xfe,
  0x00,0x01,0xfe,0x00,0x01,0xfe,0x00,0x01,0xfe,0x00,0x01,0xfe,0x00,0x01,0xfe,0x00,0x01,0xfe,0x00,0x01,0xfe,0x00,0x01,0xfe,
  0x00,0x01,0xfe,0x00,0x01,0xfe,0x00,0x01,0xfe,0x00,0x01,0xfe,0x00,0x01,0xfe,0x00,0x01,0xfe,0x00,0x01,0xfe,0x00,0x01,0xfe,
  0x00,0x01,0xfe,0x00,0x01,0xfe,0x00,0x01,0xfe,0x00,0x01,0xfe,0x00,0x01,0xfe,0x00,0x01,0xfe,0x00,0x01,0xfe,0x00,0x01,0xfe,
  0x00,0x01,0xfe,0x00,0x01,0xfe,0x00,0x01,0xfe,0x00,0x01,0xfe,0x00,0x01,0xfe,0x00,0x01,0xfe,0x00,0x01,0xfe,0x00,0x01,0xfe,
  0x00,0x01,0xfe,0x00,0x01,0xfe,0x00,0x01,0xfe,0x00,0x01,0xfe,0x00,0x01,0xfe,0x00,0x01,0xfe,0x00,0x01,0xfe,0x00,0x00,0x00,
  0x00,0x00,0x0f,0xf0,0x00,0x00,0x00,0x00,0x00,0x0f,0xf0,0x00,0x00,0x00,0x00,0x00,0x0f,0xf0,0x00,0x00,0x00,0x00,0x00,0x0f,
  0xf0,0x00,0x00,0x00,0x00,0x00,0x0f,0xf0,0x00,0x00,0x00,0x00,0x00,0x0f,0xf0,0x00,0x00,0x00,0x00,0x00,0x0f,0xf0,0x00,0x00,
  0x00,0x00,0x00,0x0f,0xf0,0x00,0x00,0x00,0x00,0x00,0x0f,0xf0,0x00,0x00,0x00,0x00,0x00,0x0f,0xf0,0x00,0x00,0x00,0x00,0x00,
  0x0f,0xf0,0x00,0x00,0x00,0x00,0x00,0x0f,0xf0,0x00,0x00,0x00,0x00,0x00,0x0f,0xf0,0x00,0x00,0x00,0x00,0x00,0x0f,0xf0,0x00,
  0x00,0x00,0x00,0x00,0x0f,0xf0,0x00,0x00,0x00,0x00,0x00,0x0f,0xf0,0x00,0x00,0x00,0x00,0x00,0x0f,0xf0,0x00,0x00,0x00,0x00,
  0x00,0x0f,0xf0,0x00,0x00,0x00,0x00,0x00,0x0f,0xf0,0x00,0x00,0x00,0x00,0x00,0x0f,0xf0,0x00,0x00,0x00,0x00,0x00,0x0f,0xf0,
  0x00,0x00,0x00,0x00,0x00,0x0f,0xf0,0x00,0x00,0x00,0x00,0x00,0x0f,0xf0,0x00,0x00,0x00,0x00,0x00,0x0f,0xf0,0x00,0x00,0x00,
  0x00,0x00,0x0f,0xf0,0x00,0x00,0x00,0x00,0x00,0x0f,0xf0,0x00,0x00,0x00,0x00,0x00,0x0f,0xf0,0x00,0x00,0x00,0x00,0x00,0x0f,
  0xf0,0x00,0x00,0x00,0x00,0x00,0x0f,0xf0,0x00,0x00,0x00,0x00,0x00,0x0f,0xf0,0x00,0x00,0x00,0x00,0x00,0x0f,0xf0,0x00,0x00,
  0x00,0x00,0x00,0x0f,0xf0,0x00,0x00,0x00,0x00,0x00,0x0f,0xf0,0x00,0x00,0x00,0x00,0x00,0x0f,0xf0,0x00,0x00,0x00,0x00,0x00,
  0x0f,0xf0,0x00,0x00,0x00,0x00,0x00,0x0f,0xf0,0x00,0x00,0x00,0x00,0x00,0x0f,0xf0,0x00,0x00,0x00,0x00,0x00,0x0f,0xf0,0x00,
  0x03,0xf8,0x00,0x00,0x0f,0xf0,0x00,0x03,0xfc,0x00,0x00,0x0f,0xf0,0x00,0x03,0xfc,0x00,0x00,0x0f,0xf0,0x00,0x03,0xfc,0x00,
  0x00,0x0f,0xf0,0x00,0x03,0xfc,0x00,0x00,0x0f,0xf0,0x00,0x03,0xfc,0x00,0x00,0x0f,0xf0,0x00,0x03,0xfc,0x00,0x00,0x0f,0xf0,
  0x00,0x03,0xfc,0x00,0x00,0x0f,0xf0,0x00,0x03,0xfc,0x00,0x00,0x0f,0xf0,0x00,0x03,0xfc,0x00,0x00,0x0f,0xf0,0x00,0x03,0xff,
  0xff,0xff,0xff,0xf0,0x00,0x03,0xff,0xff,0xff,0xff,0xf0,0x00,0x03,0xff,0xff,0xff,0xff,0xf0,0x00,0x03,0xff,0xff,0xff,0xff,
  0xe0,0x00,0x01,0xff,0xff,0xff,0xff,0xe0,0x00,0x00,0xff,0xff,0xff,0xff,0xc0,0x00,0x00,0x7f,0xff,0xff,0xff,0x80,0x00,0x00,
  0x1f,0xff,0xff,0xfe,0x00,0x00,0x01,0xfe,0x00,0x00,0x00,0x7f,0xf8,0x01,0xfe,0x00,0x00,0x00,0xff,0xf0,0x01,0xfe,0x00,0x00,
  0x01,0xff,0xc0,0x01,0xfe,0x00,0x00,0x03,0xff,0x80,0x01,0xfe,0x00,0x00,0x07,0xff,0x00,0x01,0xfe,0x00,0x00,0x0f,0xfe,0x00,
  0x01,0xfe,0x00,0x00,0x1f,0xfc,0x00,0x01,0xfe,0x00,0x00,0x3f,0xf8,0x00,0x01,0xfe,0x00,0x00,0x7f,0xf0,0x00,0x01,0xfe,0x00,
  0x01,0xff,0xe0,0x00,0x01,0xfe,0x00,0x03,0xff,0xc0,0x00,0x01,0xfe,0x00,0x07,0xff,0x80,0x00,0x01,0xfe,0x00,0x0f,0xfe,0x00,
  0x00,0x01,0xfe,0x00,0x1f,0xfc,0x00,0x00,0x01,0xfe,0x00,0x3f,0xf8,0x00,0x00,0x01,0xfe,0x00,0x7f,0xf0,0x00,0x00,0x01,0xfe,
  0x00,0xff,0xe0,0x00,0x00,0x01,0xfe,0x01,0xff,0xc0,0x00,0x00,0x01,0xfe,0x07,0xff,0x80,0x00,0x00,0x01,0xfe,0x0f,0xff,0x00,
  0x00,0x00,0x01,0xfe,0x1f,0xfe,0x00,0x00,0x00,0x01,0xfe,0x3f,0xf8,0x00,0x00,0x00,0x01,0xfe,0x7f,0xf0,0x00,0x00,0x00,0x01,
  0xfe,0xff,0xe0,0x00,0x00,0x00,0x01,0xff,0xff,0xc0,0x00,0x00,0x00,0x01,0xff,0xff,0x80,0x00,0x00,0x00,0x01,0xff,0xff,0x00,
  0x00,0x00,0x00,0x01,0xff,0xfe,0x00,0x00,0x00,0x00,0x01,0xff,0xff,0x00,0x00,0x00,0x00,0x01,0xff,0xff,0x80,0x00,0x00,0x00,
  0x01,0xff,0xff,0xc0,0x00,0x00,0x00,0x01,0xfe,0xff,0xe0,0x00,0x00,0x00,0x01,0xfe,0x7f,0xf0,0x00,0x00,0x00,0x01,0xfe,0x3f,
  0xfc,0x00,0x00,0x00,0x01,0xfe,0x1f,0xfe,0x00,0x00,0x00,0x01,0xfe,0x0f,0xff,0x00,0x00,0x00,0x01,0xfe,0x03,0xff,0x80,0x00,
  0x00,0x01,0xfe,0x01,0xff,0xc0,0x00,0x00,0x01,0xfe,0x00,0xff,0xe0,0x00,0x00,0x01,0xfe,0x00,0x7f,0xf0,0x00,0x00,0x01,0xfe,
  0x00,0x3f,0xf8,0x00,0x00,0x01,0xfe,0x00,0x1f,0xfc,0x00,0x00,0x01,0xfe,0x00,0x0f,0xff,0x00,0x00,0x01,0xfe,0x00,0x07,0xff,
  0x80,0x00,0x01,0xfe,0x00,0x03,0xff,0xc0,0x00,0x01,0xfe,0x00,0x01,0xff,0xe0,0x00,0x01,0xfe,0x00,0x00,0x7f,0xf0,0x00,0x01,
  0xfe,0x00,0x00,0x3f,0xf8,0x00,0x01,0xfe,0x00,0x00,0x1f,0xfc,0x00,0x01,0xfe,0x00,0x00,0x0f,0xfe,0x00,0x01,0xfe,0x00,0x00,
  0x07,0xff,0x00,0x01,0xfe,0x00,0x00,0x03,0xff,0x80,0x01,0xfe,0x00,0x00,0x01,0xff,0xe0,0x01,0xfe,0x00,0x00,0x00,0xff,0xf0,
  0x01,0xfe,0x00,0x00,0x00,0x7f,0xf8,0x01,0xfe,0x00,0x00,0x00,0x1f,0xfc,0x01,0xfe,0x00,0x00,0x00,0x00,0x01,0xfe,0x00,0x00,
  0x00,0x00,0x01,0xfe,0x00,0x00,0x00,0x00,0x01,0xfe,0x00,0x00,0x00,0x00,0x01,0xfe,0x00,0x00,0x00,0x00,0x01,0xfe,0x00,0x00,
  0x00,0x00,0x01,0xfe,0x00,0x00,0x00,0x00,0x01,0xfe,0x00,0x00,0x00,0x00,0x01,0xfe,0x00,0x00,0x00,0x00,0x01,0xfe,0x00,0x00,
  0x00,0x00,0x01,0xfe,0x00,0x00,0x00,0x00,0x01,0xfe,0x00,0x00,0x00,0x00,0x01,0xfe,0x00,0x00,0x00,0x00,0x01,0xfe,0x00,0x00,
  0x00,0x00,0x01,0xfe,0x00,0x00,0x00,0x00,0x01,0xfe,0x00,0x00,0x00,0x00,0x01,0xfe,0x00,0x00,0x00,0x00,0x01,0xfe,0x00,0x00,
  0x00,0x00,0x01,0xfe,0x00,0x00,0x00,0x00,0x01,0xfe,0x00,0x00,0x00,0x00,0x01,0xfe,0x00,0x00,0x00,0x00,0x01,0xfe,0x00,0x00,
  0x00,0x00,0x01,0xfe,0x00,0x00,0x00,0x00,0x01,0xfe,0x00,0x00,0x00,0x00,0x01,0xfe,0x00,0x00,0x00,0x00,0x01,0xfe,0x00,0x00,
  0x00,0x00,0x01,0xfe,0x00,0x00,0x00,0x00,0x01,0xfe,0x00,0x00,0x00,0x00,0x01,0xfe,0x00,0x00,0x00,0x00,0x01,0xfe,0x00,0x00,
  0x00,0x00,0x01,0xfe,0x00,0x00,0x00,0x00,0x01,0xfe,0x00,0x00,0x00,0x00,0x01,0xfe,0x00,0x00,0x00,0x00,0x01,0xfe,0x00,0x00,
  0x00,0x00,0x01,0xfe,0x00,0x00,0x00,0x00,0x01,0xfe,0x00,0x00,0x00,0x00,0x01,0xfe,0x00,0x00,0x00,0x00,0x01,0xfe,0x00,0x00,
  0x00,0x00,0x01,0xfe,0x00,0x00,0x00,0x00,0x01,0xfe,0x00,0x00,0x00,0x00,0x01,0xfe,0x00,0x00,0x00,0x00,0x01,0xfe,0x00,0x00,
  0x00,0x00,0x01,0xfe,0x00,0x00,0x00,0x00,0x01,0xfe,0x00,0x00,0x00,0x00,0x01,0xfe,0x00,0x00,0x00,0x00,0x01,0xfe,0x00,0x00,
  0x00,0x00,0x01,0xfe,0x00,0x00,0x00,0x00,0x01,0xfe,0x00,0x00,0x00,0x00,0x01,0xff,0xff,0xff,0xff,0xf0,0x01,0xff,0xff,0xff,
  0xff,0xf0,0x01,0xff,0xff,0xff,0xff,0xf0,0x01,0xff,0xff,0xff,0xff,0xf0,0x01,0xff,0xff,0xff,0xff,0xf0,0x01,0xff,0xff,0xff,
  0xff,0xf0,0x01,0xff,0xff,0xff,0xff,0xf0,0x01,0xff,0xff,0xff,0xff,0xf0,0x01,0xff,0x00,0x00,0x00,0x00,0x00,0x3f,0xe0,0x00,
  0x01,0xff,0x80,0x00,0x00,0x00,0x00,0x3f,0xe0,0x00,0x01,0xff,0x80,0x00,0x00,0x00,0x00,0x7f,0xe0,0x00,0x01,0xff,0xc0,0x00,
  0x00,0x00,0x00,0x7f,0xe0,0x00,0x01,0xff,0xc0,0x00,0x00,0x00,0x00,0xff,0xe0,0x00,0x01,0xff,0xe0,0x00,0x00,0x00,0x00,0xff,
  0xe0,0x00,0x01,0xff,0xe0,0x00,0x00,0x00,0x01,0xff,0xe0,0x00,0x01,0xff,0xf0,0x00,0x00,0x00,0x01,0xff,0xe0,0x00,0x01,0xff,
  0xf0,0x00,0x00,0x00,0x03,0xff,0xe0,0x00,0x01,0xff,0xf8,0x00,0x00,0x00,0x03,0xff,0xe0,0x00,0x01,0xff,0xf8,0x00,0x00,0x00,
  0x07,0xff,0xe0,0x00,0x01,0xff,0xfc,0x00,0x00,0x00,0x07,0xff,0xe0,0x00,0x01,0xff,0xfc,0x00,0x00,0x00,0x0f,0xff,0xe0,0x00,
  0x01,0xff,0xfe,0x00,0x00,0x00,0x0f,0xff,0xe0,0x00,0x01,0xff,0xfe,0x00,0x00,0x00,0x1f,0xff,0xe0,0x00,0x01,0xff,0xff,0x00,
  0x00,0x00,0x1f,0xff,0xe0,0x00,0x01,0xfe,0xff,0x00,0x00,0x00,0x3f,0xff,0xe0,0x00,0x01,0xfe,0xff,0x80,0x00,0x00,0x3f,0xdf,
  0xe0,0x00,0x01,0xfe,0x7f,0x80,0x00,0x00,0x7f,0xdf,0xe0,0x00,0x01,0xfe,0x3f,0xc0,0x00,0x00,0x7f,0x9f,0xe0,0x00,0x01,0xfe,
  0x3f,0xc0,0x00,0x00,0xff,0x9f,0xe0,0x00,0x01,0xfe,0x1f,0xe0,0x00,0x00,0xff,0x1f,0xe0,0x00,0x01,0xfe,0x1f,0xe0,0x00,0x01,
  0xff,0x1f,0xe0,0x00,0x01,0xfe,0x0f,0xf0,0x00,0x01,0xfe,0x1f,0xe0,0x00,0x01,0xfe,0x0f,0xf0,0x00,0x03,0xfe,0x1f,0xe0,0x00,
  0x01,0xfe,0x07,0xf8,0x00,0x03,0xfc,0x1f,0xe0,0x00,0x01,0xfe,0x07,0xf8,0x00,0x07,0xf8,0x1f,0xe0,0x00,0x01,0xfe,0x03,0xfc,
  0x00,0x07,0xf8,0x1f,0xe0,0x00,0x01,0xfe,0x03,0xfc,0x00,0x0f,0xf0,0x1f,0xe0,0x00,0x01,0xfe,0x01,0xfe,0x00,0x0f,0xf0,0x1f,
  0xe0,0x00,0x01,0xfe,0x01,0xfe,0x00,0x1f,0xe0,0x1f,0xe0,0x00,0x01,0xfe,0x00,0xff,0x00,0x1f,0xe0,0x1f,0xe0,0x00,0x01,0xfe,
  0x00,0xff,0x00,0x3f,0xc0,0x1f,0xe0,0x00,0x01,0xfe,0x00,0x7f,0x80,0x3f,0xc0,0x1f,0xe0,0x00,0x01,0xfe,0x00,0x7f,0x80,0x7f,
  0x80,0x1f,0xe0,0x00,0x01,0xfe,0x00,0x3f,0xc0,0x7f,0x80,0x1f,0xe0,0x00,0x01,0xfe,0x00,0x3f,0xc0,0xff,0x00,0x1f,0xe0,0x00,
  0x01,0xfe,0x00,0x1f,0xe0,0xff,0x00,0x1f,0xe0,0x00,0x01,0xfe,0x00,0x1f,0xe1,0xfe,0x00,0x1f,0xe0,0x00,0x01,0xfe,0x00,0x0f,
  0xf1,0xfe,0x00,0x1f,0xe0,0x00,0x01,0xfe,0x00,0x0f,0xf3,0xfc,0x00,0x1f,0xe0,0x00,0x01,0xfe,0x00,0x07,0xfb,0xfc,0x00,0x1f,
  0xe0,0x00,0x01,0xfe,0x00,0x07,0xff,0xf8,0x00,0x1f,0xe0,0x00,0x01,0xfe,0x00,0x03,0xff,0xf8,0x00,0x1f,0xe0,0x00,0x01,0xfe,
  0x00,0x03,0xff,0xf0,0x00,0x1f,0xe0,0x00,0x01,0xfe,0x00,0x01,0xff,0xf0,0x00,0x1f,0xe0,0x00,0x01,0xfe,0x00,0x01,0xff,0xe0,
  0x00,0x1f,0xe0,0x00,0x01,0xfe,0x00,0x00,0xff,0xe0,0x00,0x1f,0xe0,0x00,0x01,0xfe,0x00,0x00,0xff,0xc0,0x00,0x1f,0xe0,0x00,
  0x01,0xfe,0x00,0x00,0x7f,0xc0,0x00,0x1f,0xe0,0x00,0x01,0xfe,0x00,0x00,0x7f,0x80,0x00,0x1f,0xe0,0x00,0x01,0xfe,0x00,0x00,
  0x3f,0x80,0x00,0x1f,0xe0,0x00,0x01,0xfe,0x00,0x00,0x3f,0x00,0x00,0x1f,0xe0,0x00,0x01,0xfe,0x00,0x00,0x1f,0x00,0x00,0x1f,
  0xe0,0x00,0x01,0xfe,0x00,0x00,0x1e,0x00,0x00,0x1f,0xe0,0x00,0x01,0xfe,0x00,0x00,0x0e,0x00,0x00,0x1f,0xe0,0x00,0x01,0xff,
  0x00,0x00,0x00,0x00,0x7f,0x80,0x01,0xff,0x00,0x00,0x00,0x00,0x7f,0x80,0x01,0xff,0x80,0x00,0x00,0x00,0x7f,0x80,0x01,0xff,
  0xc0,0x00,0x00,0x00,0x7f,0x80,0x01,0xff,0xe0,0x00,0x00,0x00,0x7f,0x80,0x01,0xff,0xe0,0x00,0x00,0x00,0x7f,0x80,0x01,0xff,
  0xf0,0x00,0x00,0x00,0x7f,0x80,0x01,0xff,0xf8,0x00,0x00,0x00,0x7f,0x80,0x01,0xff,0xfc,0x00,0x00,0x00,0x7f,0x80,0x01,0xff,
  0xfe,0x00,0x00,0x00,0x7f,0x80,0x01,0xff,0xfe,0x00,0x00,0x00,0x7f,0x80,0x01,0xff,0xff,0x00,0x00,0x00,0x7f,0x80,0x01,0xff,
  0xff,0x80,0x00,0x00,0x7f,0x80,0x01,0xfe,0xff,0xc0,0x00,0x00,0x7f,0x80,0x01,0xfe,0x7f,0xc0,0x00,0x00,0x7f,0x80,0x01,0xfe,
  0x7f,0xe0,0x00,0x00,0x7f,0x80,0x01,0xfe,0x3f,0xf0,0x00,0x00,0x7f,0x80,0x01,0xfe,0x1f,0xf8,0x00,0x00,0x7f,0x80,0x01,0xfe,
  0x0f,0xfc,0x00,0x00,0x7f,0x80,0x01,0xfe,0x07,0xfc,0x00,0x00,0x7f,0x80,0x01,0xfe,0x07,0xfe,0x00,0x00,0x7f,0x80,0x01,0xfe,
  0x03,0xff,0x00,0x00,0x7f,0x80,0x01,0xfe,0x01,0xff,0x80,0x00,0x7f,0x80,0x01,0xfe,0x00,0xff,0x80,0x00,0x7f,0x80,0x01,0xfe,
  0x00,0xff,0xc0,0x00,0x7f,0x80,0x01,0xfe,0x00,0x7f,0xe0,0x00,0x7f,0x80,0x01,0xfe,0x00,0x3f,0xf0,0x00,0x7f,0x80,0x01,0xfe,
  0x00,0x1f,0xf8,0x00,0x7f,0x80,0x01,0xfe,0x00,0x0f,0xf8,0x00,0x7f,0x80,0x01,0xfe,0x00,0x0f,0xfc,0x00,0x7f,0x80,0x01,0xfe,
  0x00,0x07,0xfe,0x00,0x7f,0x80,0x01,0xfe,0x00,0x03,0xff,0x00,0x7f,0x80,0x01,0xfe,0x00,0x01,0xff,0x00,0x7f,0x80,0x01,0xfe,
  0x00,0x01,0xff,0x80,0x7f,0x80,0x01,0xfe,0x00,0x00,0xff,0xc0,0x7f,0x80,0x01,0xfe,0x00,0x00,0x7f,0xe0,0x7f,0x80,0x01,0xfe,
  0x00,0x00,0x3f,0xf0,0x7f,0x80,0x01,0xfe,0x00,0x00,0x1f,0xf0,0x7f,0x80,0x01,0xfe,0x00,0x00,0x1f,0xf8,0x7f,0x80,0x01,0xfe,
  0x00,0x00,0x0f,0xfc,0x7f,0x80,0x01,0xfe,0x00,0x00,0x07,0xfe,0x7f,0x80,0x01,0xfe,0x00,0x00,0x03,0xfe,0x7f,0x80,0x01,0xfe,
  0x00,0x00,0x03,0xff,0x7f,0x80,0x01,0xfe,0x00,0x00,0x01,0xff,0xff,0x80,0x01,0xfe,0x00,0x00,0x00,0xff,0xff,0x80,0x01,0xfe,
  0x00,0x00,0x00,0x7f,0xff,0x80,0x01,0xfe,0x00,0x00,0x00,0x3f,0xff,0x80,0x01,0xfe,0x00,0x00,0x00,0x3f,0xff,0x80,0x01,0xfe,
  0x00,0x00,0x00,0x1f,0xff,0x80,0x01,0xfe,0x00,0x00,0x00,0x0f,0xff,0x80,0x01,0xfe,0x00,0x00,0x00,0x07,0xff,0x80,0x01,0xfe,
  0x00,0x00,0x00,0x07,0xff,0x80,0x01,0xfe,0x00,0x00,0x00,0x03,0xff,0x80,0x01,0xfe,0x00,0x00,0x00,0x01,0xff,0x80,0x01,0xfe,
  0x00,0x00,0x00,0x00,0xff,0x80,0x01,0xfe,0x00,0x00,0x00,0x00,0xff,0x80,0x00,0x07,0xff,0xff,0xff,0xff,0xc0,0x00,0x00,0x1f,
  0xff,0xff,0xff,0xff,0xf0,0x00,0x00,0x7f,0xff,0xff,0xff,0xff,0xf8,0x00,0x00,0x7f,0xff,0xff,0xff,0xff,0xfc,0x00,0x00,0xff,
  0xff,0xff,0xff,0xff,0xfc,0x00,0x00,0xff,0xff,0xff,0xff,0xff,0xfe,0x00,0x01,0xff,0xff,0xff,0xff,0xff,0xfe,0x00,0x01,0xff,
  0xff,0xff,0xff,0xff,0xfe,0x00,0x01,0xfe,0x00,0x00,0x00,0x01,0xfe,0x00,0x01,0xfe,0x00,0x00,0x00,0x01,0xfe,0x00,0x01,0xfe,
  0x00,0x00,0x00,0x01,0xfe,0x00,0x01,0xfe,0x00,0x00,0x00,0x01,0xfe,0x00,0x01,0xfe,0x00,0x00,0x00,0x01,0xfe,0x00,0x01,0xfe,
  0x00,0x00,0x00,0x01,0xfe,0x00,0x01,0xfe,0x00,0x00,0x00,0x01,0xfe,0x00,0x01,0xfe,0x00,0x00,0x00,0x01,0xfe,0x00,0x01,0xfe,
  0x00,0x00,0x00,0x01,0xfe,0x00,0x01,0xfe,0x00,0x00,0x00,0x01,0xfe,0x00,0x01,0xfe,0x00,0x00,0x00,0x01,0xfe,0x00,0x01,0xfe,
  0x00,0x00,0x00,0x01,0xfe,0x00,0x01,0xfe,0x00,0x00,0x00,0x01,0xfe,0x00,0x01,0xfe,0x00,0x00,0x00,0x01,0xfe,0x00,0x01,0xfe,
  0x00,0x00,0x00,0x01,0xfe,0x00,0x01,0xfe,0x00,0x00,0x00,0x01,0xfe,0x00,0x01,0xfe,0x00,0x00,0x00,0x01,0xfe,0x00,0x01,0xfe,
  0x00,0x00,0x00,0x01,0xfe,0x00,0x01,0xfe,0x00,0x00,0x00,0x01,0xfe,0x00,0x01,0xfe,0x00,0x00,0x00,0x01,0xfe,0x00,0x01,0xfe,
  0x00,0x00,0x00,0x01,0xfe,0x00,0x01,0xfe,0x00,0x00,0x00,0x01,0xfe,0x00,0x01,0xfe,0x00,0x00,0x00,0x01,0xfe,0x00,0x01,0xfe,
  0x00,0x00,0x00,0x01,0xfe,0x00,0x01,0xfe,0x00,0x00,0x00,0x01,0xfe,0x00,0x01,0xfe,0x00,0x00,0x00,0x01,0xfe,0x00,0x01,0xfe,
  0x00,0x00,0x00,0x01,0xfe,0x00,0x01,0xfe,0x00,0x00,0x00,0x01,0xfe,0x00,0x01,0xfe,0x00,0x00,0x00,0x01,0xfe,0x00,0x01,0xfe,
  0x00,0x00,0x00,0x01,0xfe,0x00,0x01,0xfe,0x00,0x00,0x00,0x01,0xfe,0x00,0x01,0xfe,0x00,0x00,0x00,0x01,0xfe,0x00,0x01,0xfe,
  0x00,0x00,0x00,0x01,0xfe,0x00,0x01,0xfe,0x00,0x00,0x00,0x01,0xfe,0x00,0x01,0xfe,0x00,0x00,0x00,0x01,0xfe,0x00,0x01,0xfe,
  0x00,0x00,0x00,0x01,0xfe,0x00,0x01,0xfe,0x00,0x00,0x00,0x01,0xfe,0x00,0x01,0xfe,0x00,0x00,0x00,0x01,0xfe,0x00,0x01,0xfe,
  0x00,0x00,0x00,0x01,0xfe,0x00,0x01,0xfe,0x00,0x00,0x00,0x01,0xfe,0x00,0x01,0xff,0xff,0xff,0xff,0xff,0xfe,0x00,0x01,0xff,
  0xff,0xff,0xff,0xff,0xfe,0x00,0x00,0xff,0xff,0xff,0xff,0xff,0xfe,0x00,0x00,0xff,0xff,0xff,0xff,0xff,0xfc,0x00,0x00,0x7f,
  0xff,0xff,0xff,0xff,0xfc,0x00,0x00,0x7f,0xff,0xff,0xff,0xff,0xf8,0x00,0x00,0x1f,0xff,0xff,0xff,0xff,0xf0,0x00,0x00,0x0f,
  0xff,0xff,0xff,0xff,0xc0,0x00,0x01,0xff,0xff,0xff,0xff,0xc0,0x00,0x01,0xff,0xff,0xff,0xff,0xf8,0x00,0x01,0xff,0xff,0xff,
  0xff,0xfe,0x00,0x01,0xff,0xff,0xff,0xff,0xff,0x00,0x01,0xff,0xff,0xff,0xff,0xff,0x80,0x01,0xff,0xff,0xff,0xff,0xff,0xc0,
  0x01,0xff,0xff,0xff,0xff,0xff,0xc0,0x01,0xff,0xff,0xff,0xff,0xff,0xe0,0x01,0xfe,0x00,0x00,0x00,0x7f,0xe0,0x01,0xfe,0x00,
  0x00,0x00,0x3f,0xe0,0x01,0xfe,0x00,0x00,0x00,0x1f,0xe0,0x01,0xfe,0x00,0x00,0x00,0x1f,0xe0,0x01,0xfe,0x00,0x00,0x00,0x1f,
  0xe0,0x01,0xfe,0x00,0x00,0x00,0x1f,0xe0,0x01,0xfe,0x00,0x00,0x00,0x1f,0xe0,0x01,0xfe,0x00,0x00,0x00,0x1f,0xe0,0x01,0xfe,
  0x00,0x00,0x00,0x1f,0xe0,0x01,0xfe,0x00,0x00,0x00,0x1f,0xe0,0x01,0xfe,0x00,0x00,0x00,0x1f,0xe0,0x01,0xfe,0x00,0x00,0x00,
  0x1f,0xe0,0x01,0xfe,0x00,0x00,0x00,0x1f,0xe0,0x01,0xfe,0x00,0x00,0x00,0x1f,0xe0,0x01,0xfe,0x00,0x00,0x00,0x1f,0xe0,0x01,
  0xfe,0x00,0x00,0x00,0x1f,0xe0,0x01,0xfe,0x00,0x00,0x00,0x1f,0xe0,0x01,0xfe,0x00,0x00,0x00,0x3f,0xe0,0x01,0xfe,0x00,0x00,
  0x00,0x7f,0xe0,0x01,0xff,0xff,0xff,0xff,0xff,0xe0,0x01,0xff,0xff,0xff,0xff,0xff,0xc0,0x01,0xff,0xff,0xff,0xff,0xff,0xc0,
  0x01,0xff,0xff,0xff,0xff,0xff,0x80,0x01,0xff,0xff,0xff,0xff,0xff,0x00,0x01,0xff,0xff,0xff,0xff,0xfe,0x00,0x01,0xff,0xff,
  0xff,0xff,0xf8,0x00,0x01,0xff,0xff,0xff,0xff,0xc0,0x00,0x01,0xfe,0x00,0x00,0x00,0x00,0x00,0x01,0xfe,0x00,0x00,0x00,0x00,
  0x00,0x01,0xfe,0x00,0x00,0x00,0x00,0x00,0x01,0xfe,0x00,0x00,0x00,0x00,0x00,0x01,0xfe,0x00,0x00,0x00,0x00,0x00,0x01,0xfe,
  0x00,0x00,0x00,0x00,0x00,0x01,0xfe,0x00,0x00,0x00,0x00,0x00,0x01,0xfe,0x00,0x00,0x00,0x00,0x00,0x01,0xfe,0x00,0x00,0x00,
  0x00,0x00,0x01,0xfe,0x00,0x00,0x00,0x00,0x00,0x01,0xfe,0x00,0x00,0x00,0x00,0x00,0x01,0xfe,0x00,0x00,0x00,0x00,0x00,0x01,
  0xfe,0x00,0x00,0x00,0x00,0x00,0x01,0xfe,0x00,0x00,0x00,0x00,0x00,0x01,0xfe,0x00,0x00,0x00,0x00,0x00,0x01,0xfe,0x00,0x00,
  0x00,0x00,0x00,0x01,0xfe,0x00,0x00,0x00,0x00,0x00,0x01,0xfe,0x00,0x00,0x00,0x00,0x00,0x01,0xfe,0x00,0x00,0x00,0x00,0x00,
  0x01,0xfe,0x00,0x00,0x00,0x00,0x00,0x01,0xfe,0x00,0x00,0x00,0x00,0x00,0x00,0x07,0xff,0xff,0xff,0xff,0xc0,0x00,0x00,0x1f,
  0xff,0xff,0xff,0xff,0xf0,0x00,0x00,0x7f,0xff,0xff,0xff,0xff,0xf8,0x00,0x00,0x7f,0xff,0xff,0xff,0xff,0xfc,0x00,0x00,0xff,
  0xff,0xff,0xff,0xff,0xfc,0x00,0x00,0xff,0xff,0xff,0xff,0xff,0xfe,0x00,0x01,0xff,0xff,0xff,0xff,0xff,0xfe,0x00,0x01,0xff,
  0xff,0xff,0xff,0xff,0xfe,0x00,0x01,0xfe,0x00,0x00,0x00,0x01,0xfe,0x00,0x01,0xfe,0x00,0x00,0x00,0x01,0xfe,0x00,0x01,0xfe,
  0x00,0x00,0x00,0x01,0xfe,0x00,0x01,0xfe,0x00,0x00,0x00,0x01,0xfe,0x00,0x01,0xfe,0x00,0x00,0x00,0x01,0xfe,0x00,0x01,0xfe,
  0x00,0x00,0x00,0x01,0xfe,0x00,0x01,0xfe,0x00,0x00,0x00,0x01,0xfe,0x00,0x01,0xfe,0x00,0x00,0x00,0x01,0xfe,0x00,0x01,0xfe,
  0x00,0x00,0x00,0x01,0xfe,0x00,0x01,0xfe,0x00,0x00,0x00,0x01,0xfe,0x00,0x01,0xfe,0x00,0x00,0x00,0x01,0xfe,0x00,0x01,0xfe,
  0x00,0x00,0x00,0x01,0xfe,0x00,0x01,0xfe,0x00,0x00,0x00,0x01,0xfe,0x00,0x01,0xfe,0x00,0x00,0x00,0x01,0xfe,0x00,0x01,0xfe,
  0x00,0x00,0x00,0x01,0xfe,0x00,0x01,0xfe,0x00,0x00,0x00,0x01,0xfe,0x00,0x01,0xfe,0x00,0x00,0x00,0x01,0xfe,0x00,0x01,0xfe,
  0x00,0x00,0x00,0x01,0xfe,0x00,0x01,0xfe,0x00,0x00,0x00,0x01,0xfe,0x00,0x01,0xfe,0x00,0x00,0x00,0x01,0xfe,0x00,0x01,0xfe,
  0x00,0x00,0x00,0x01,0xfe,0x00,0x01,0xfe,0x00,0x00,0x00,0x01,0xfe,0x00,0x01,0xfe,0x00,0x00,0x00,0x01,0xfe,0x00,0x01,0xfe,
  0x00,0x00,0x00,0x01,0xfe,0x00,0x01,0xfe,0x00,0x00,0x00,0x01,0xfe,0x00,0x01,0xfe,0x00,0x00,0x00,0x01,0xfe,0x00,0x01,0xfe,
  0x00,0x00,0x00,0x01,0xfe,0x00,0x01,0xfe,0x00,0x00,0x00,0x01,0xfe,0x00,0x01,0xfe,0x00,0x00,0x00,0x01,0xfe,0x00,0x01,0xfe,
  0x00,0x00,0x00,0x01,0xfe,0x00,0x01,0xfe,0x00,0x00,0x00,0x01,0xfe,0x00,0x01,0xfe,0x00,0x00,0x00,0x01,0xfe,0x00,0x01,0xfe,
  0x00,0x00,0x00,0x01,0xfe,0x00,0x01,0xfe,0x00,0x00,0x00,0x01,0xfe,0x00,0x01,0xfe,0x00,0x1f,0xe0,0x01,0xfe,0x00,0x01,0xfe,
  0x00,0x1f,0xe0,0x01,0xfe,0x00,0x01,0xfe,0x00,0x1f,0xe0,0x01,0xfe,0x00,0x01,0xfe,0x00,0x1f,0xe0,0x01,0xfe,0x00,0x01,0xfe,
  0x00,0x1f,0xe0,0x01,0xfe,0x00,0x01,0xfe,0x00,0x1f,0xe0,0x01,0xfe,0x00,0x01,0xff,0xff,0xff,0xff,0xff,0xfe,0x00,0x01,0xff,
  0xff,0xff,0xff,0xff,0xfe,0x00,0x00,0xff,0xff,0xff,0xff,0xff,0xfe,0x00,0x00,0xff,0xff,0xff,0xff,0xff,0xfc,0x00,0x00,0x7f,
  0xff,0xff,0xff,0xff,0xfc,0x00,0x00,0x7f,0xff,0xff,0xff,0xff,0xf8,0x00,0x00,0x1f,0xff,0xff,0xff,0xff,0xf0,0x00,0x00,0x0f,
  0xff,0xff,0xff,0xff,0xc0,0x00,0x00,0x00,0x00,0x1f,0xe0,0x00,0x00,0x00,0x00,0x00,0x00,0x1f,0xe0,0x00,0x00,0x00,0x00,0x00,
  0x00,0x1f,0xe0,0x00,0x00,0x00,0x00,0x00,0x00,0x1f,0xe0,0x00,0x00,0x00,0x00,0x00,0x00,0x1f,0xe0,0x00,0x00,0x00,0x00,0x00,
  0x00,0x1f,0xe0,0x00,0x00,0x00,0x00,0x00,0x00,0x1f,0xe0,0x00,0x00,0x00,0x00,0x00,0x00,0x1f,0xe0,0x00,0x00,0x00,0x00,0x00,
  0x00,0x1f,0xe0,0x00,0x00,0x00,0x00,0x00,0x00,0x1f,0xe0,0x00,0x00,0x00,0x01,0xff,0xff,0xff,0xff,0xc0,0x00,0x00,0x01,0xff,
  0xff,0xff,0xff,0xf8,0x00,0x00,0x01,0xff,0xff,0xff,0xff,0xfe,0x00,0x00,0x01,0xff,0xff,0xff,0xff,0xff,0x00,0x00,0x01,0xff,
  0xff,0xff,0xff,0xff,0x80,0x00,0x01,0xff,0xff,0xff,0xff,0xff,0xc0,0x00,0x01,0xff,0xff,0xff,0xff,0xff,0xc0,0x00,0x01,0xff,
  0xff,0xff,0xff,0xff,0xc0,0x00,0x01,0xfe,0x00,0x00,0x00,0xff,0xe0,0x00,0x01,0xfe,0x00,0x00,0x00,0x3f,0xe0,0x00,0x01,0xfe,
  0x00,0x00,0x00,0x1f,0xe0,0x00,0x01,0xfe,0x00,0x00,0x00,0x1f,0xe0,0x00,0x01,0xfe,0x00,0x00,0x00,0x1f,0xe0,0x00,0x01,0xfe,
  0x00,0x00,0x00,0x1f,0xe0,0x00,0x01,0xfe,0x00,0x00,0x00,0x1f,0xe0,0x00,0x01,0xfe,0x00,0x00,0x00,0x1f,0xe0,0x00,0x01,0xfe,
  0x00,0x00,0x00,0x1f,0xe0,0x00,0x01,0xfe,0x00,0x00,0x00,0x1f,0xe0,0x00,0x01,0xfe,0x00,0x00,0x00,0x1f,0xe0,0x00,0x01,0xfe,
  0x00,0x00,0x00,0x1f,0xe0,0x00,0x01,0xfe,0x00,0x00,0x00,0x1f,0xe0,0x00,0x01,0xfe,0x00,0x00,0x00,0x1f,0xe0,0x00,0x01,0xfe,
  0x00,0x00,0x00,0x1f,0xe0,0x00,0x01,0xfe,0x00,0x00,0x00,0x1f,0xe0,0x00,0x01,0xfe,0x00,0x00,0x00,0x3f,0xe0,0x00,0x01,0xfe,
  0x00,0x00,0x00,0xff,0xe0,0x00,0x01,0xff,0xff,0xff,0xff,0xff,0xe0,0x00,0x01,0xff,0xff,0xff,0xff,0xff,0xc0,0x00,0x01,0xff,
  0xff,0xff,0xff,0xff,0xc0,0x00,0x01,0xff,0xff,0xff,0xff,0xff,0x80,0x00,0x01,0xff,0xff,0xff,0xff,0xff,0x00,0x00,0x01,0xff,
  0xff,0xff,0xff,0xfe,0x00,0x00,0x01,0xff,0xff,0xff,0xff,0xfc,0x00,0x00,0x01,0xff,0xff,0xff,0xff,0xe0,0x00,0x00,0x01,0xfe,
  0x00,0x00,0x7f,0xc0,0x00,0x00,0x01,0xfe,0x00,0x00,0x7f,0xc0,0x00,0x00,0x01,0xfe,0x00,0x00,0x3f,0xe0,0x00,0x00,0x01,0xfe,
  0x00,0x00,0x3f,0xe0,0x00,0x00,0x01,0xfe,0x00,0x00,0x1f,0xf0,0x00,0x00,0x01,0xfe,0x00,0x00,0x1f,0xf0,0x00,0x00,0x01,0xfe,
  0x00,0x00,0x0f,0xf8,0x00,0x00,0x01,0xfe,0x00,0x00,0x0f,0xf8,0x00,0x00,0x01,0xfe,0x00,0x00,0x07,0xfc,0x00,0x00,0x01,0xfe,
  0x00,0x00,0x07,0xfc,0x00,0x00,0x01,0xfe,0x00,0x00,0x03,0xfc,0x00,0x00,0x01,0xfe,0x00,0x00,0x03,0xfe,0x00,0x00,0x01,0xfe,
  0x00,0x00,0x01,0xfe,0x00,0x00,0x01,0xfe,0x00,0x00,0x01,0xff,0x00,0x00,0x01,0xfe,0x00,0x00,0x00,0xff,0x00,0x00,0x01,0xfe,
  0x00,0x00,0x00,0xff,0x80,0x00,0x01,0xfe,0x00,0x00,0x00,0x7f,0x80,0x00,0x01,0xfe,0x00,0x00,0x00,0x7f,0xc0,0x00,0x01,0xfe,
  0x00,0x00,0x00,0x7f,0xc0,0x00,0x01,0xfe,0x00,0x00,0x00,0x3f,0xe0,0x00,0x01,0xfe,0x00,0x00,0x00,0x3f,0xe0,0x00,0x01,0xfe,
  0x00,0x00,0x00,0x1f,0xf0,0x00,0x00,0x07,0xff,0xff,0xff,0xf8,0x00,0x00,0x00,0x1f,0xff,0xff,0xff,0xfe,0x00,0x00,0x00,0x7f,
  0xff,0xff,0xff,0xff,0x00,0x00,0x00,0x7f,0xff,0xff,0xff,0xff,0x80,0x00,0x00,0xff,0xff,0xff,0xff,0xff,0xc0,0x00,0x00,0xff,
  0xff,0xff,0xff,0xff,0xc0,0x00,0x01,0xff,0xff,0xff,0xff,0xff,0xc0,0x00,0x01,0xff,0xff,0xff,0xff,0xff,0xc0,0x00,0x01,0xfe,
  0x00,0x00,0x00,0x3f,0xc0,0x00,0x01,0xfe,0x00,0x00,0x00,0x3f,0xc0,0x00,0x01,0xfe,0x00,0x00,0x00,0x3f,0xc0,0x00,0x01,0xfe,
  0x00,0x00,0x00,0x3f,0xc0,0x00,0x01,0xfe,0x00,0x00,0x00,0x3f,0xc0,0x00,0x01,0xfe,0x00,0x00,0x00,0x3f,0xc0,0x00,0x01,0xfe,
  0x00,0x00,0x00,0x3f,0xc0,0x00,0x01,0xfe,0x00,0x00,0x00,0x00,0x00,0x00,0x01,0xfe,0x00,0x00,0x00,0x00,0x00,0x00,0x01,0xfe,
  0x00,0x00,0x00,0x00,0x00,0x00,0x01,0xfe,0x00,0x00,0x00,0x00,0x00,0x00,0x01,0xfe,0x00,0x00,0x00,0x00,0x00,0x00,0x01,0xfe,
  0x00,0x00,0x00,0x00,0x00,0x00,0x01,0xfe,0x00,0x00,0x00,0x00,0x00,0x00,0x01,0xfe,0x00,0x00,0x00,0x00,0x00,0x00,0x01,0xfe,
  0x00,0x00,0x00,0x00,0x00,0x00,0x01,0xff,0xff,0xff,0xff,0xf8,0x00,0x00,0x01,0xff,0xff,0xff,0xff,0xfe,0x00,0x00,0x00,0xff,
  0xff,0xff,0xff,0xff,0x00,0x00,0x00,0xff,0xff,0xff,0xff,0xff,0x80,0x00,0x00,0x7f,0xff,0xff,0xff,0xff,0xc0,0x00,0x00,0x7f,
  0xff,0xff,0xff,0xff,0xc0,0x00,0x00,0x1f,0xff,0xff,0xff,0xff,0xc0,0x00,0x00,0x07,0xff,0xff,0xff,0xff,0xc0,0x00,0x00,0x00,
  0x00,0x00,0x00,0x3f,0xc0,0x00,0x00,0x00,0x00,0x00,0x00,0x3f,0xc0,0x00,0x00,0x00,0x00,0x00,0x00,0x3f,0xc0,0x00,0x00,0x00,
  0x00,0x00,0x00,0x3f,0xc0,0x00,0x00,0x00,0x00,0x00,0x00,0x3f,0xc0,0x00,0x00,0x00,0x00,0x00,0x00,0x3f,0xc0,0x00,0x00,0x00,
  0x00,0x00,0x00,0x3f,0xc0,0x00,0x00,0x00,0x00,0x00,0x00,0x3f,0xc0,0x00,0x00,0x00,0x00,0x00,0x00,0x3f,0xc0,0x00,0x03,0xfc,
  0x00,0x00,0x00,0x3f,0xc0,0x00,0x03,0xfc,0x00,0x00,0x00,0x3f,0xc0,0x00,0x03,0xfc,0x00,0x00,0x00,0x3f,0xc0,0x00,0x03,0xfc,
  0x00,0x00,0x00,0x3f,0xc0,0x00,0x03,0xfc,0x00,0x00,0x00,0x3f,0xc0,0x00,0x03,0xfc,0x00,0x00,0x00,0x3f,0xc0,0x00,0x03,0xfc,
  0x00,0x00,0x00,0x3f,0xc0,0x00,0x03,0xff,0xff,0xff,0xff,0xff,0xc0,0x00,0x01,0xff,0xff,0xff,0xff,0xff,0xc0,0x00,0x01,0xff,
  0xff,0xff,0xff,0xff,0xc0,0x00,0x01,0xff,0xff,0xff,0xff,0xff,0xc0,0x00,0x00,0xff,0xff,0xff,0xff,0xff,0x80,0x00,0x00,0x7f,
  0xff,0xff,0xff,0xff,0x00,0x00,0x00,0x3f,0xff,0xff,0xff,0xfe,0x00,0x00,0x00,0x0f,0xff,0xff,0xff,0xf8,0x00,0x00,0x3f,0xff,
  0xff,0xff,0xff,0xfe,0x00,0x3f,0xff,0xff,0xff,0xff,0xfe,0x00,0x3f,0xff,0xff,0xff,0xff,0xfe,0x00,0x3f,0xff,0xff,0xff,0xff,
  0xfe,0x00,0x3f,0xff,0xff,0xff,0xff,0xfe,0x00,0x3f,0xff,0xff,0xff,0xff,0xfe,0x00,0x3f,0xff,0xff,0xff,0xff,0xfe,0x00,0x3f,
  0xff,0xff,0xff,0xff,0xfe,0x00,0x00,0x00,0x07,0xf8,0x00,0x00,0x00,0x00,0x00,0x07,0xf8,0x00,0x00,0x00,0x00,0x00,0x07,0xf8,
  0x00,0x00,0x00,0x00,0x00,0x07,0xf8,0x00,0x00,0x00,0x00,0x00,0x07,0xf8,0x00,0x00,0x00,0x00,0x00,0x07,0xf8,0x00,0x00,0x00,
  0x00,0x00,0x07,0xf8,0x00,0x00,0x00,0x00,0x00,0x07,0xf8,0x00,0x00,0x00,0x00,0x00,0x07,0xf8,0x00,0x00,0x00,0x00,0x00,0x07,
  0xf8,0x00,0x00,0x00,0x00,0x00,0x07,0xf8,0x00,0x00,0x00,0x00,0x00,0x07,0xf8,0x00,0x00,0x00,0x00,0x00,0x07,0xf8,0x00,0x00,
  0x00,0x00,0x00,0x07,0xf8,0x00,0x00,0x00,0x00,0x00,0x07,0xf8,0x00,0x00,0x00,0x00,0x00,0x07,0xf8,0x00,0x00,0x00,0x00,0x00,
  0x07,0xf8,0x00,0x00,0x00,0x00,0x00,0x07,0xf8,0x00,0x00,0x00,0x00,0x00,0x07,0xf8,0x00,0x00,0x00,0x00,0x00,0x07,0xf8,0x00,
  0x00,0x00,0x00,0x00,0x07,0xf8,0x00,0x00,0x00,0x00,0x00,0x07,0xf8,0x00,0x00,0x00,0x00,0x00,0x07,0xf8,0x00,0x00,0x00,0x00,
  0x00,0x07,0xf8,0x00,0x00,0x00,0x00,0x00,0x07,0xf8,0x00,0x00,0x00,0x00,0x00,0x07,0xf8,0x00,0x00,0x00,0x00,0x00,0x07,0xf8,
  0x00,0x00,0x00,0x00,0x00,0x07,0xf8,0x00,0x00,0x00,0x00,0x00,0x07,0xf8,0x00,0x00,0x00,0x00,0x00,0x07,0xf8,0x00,0x00,0x00,
  0x00,0x00,0x07,0xf8,0x00,0x00,0x00,0x00,0x00,0x07,0xf8,0x00,0x00,0x00,0x00,0x00,0x07,0xf8,0x00,0x00,0x00,0x00,0x00,0x07,
  0xf8,0x00,0x00,0x00,0x00,0x00,0x07,0xf8,0x00,0x00,0x00,0x00,0x00,0x07,0xf8,0x00,0x00,0x00,0x00,0x00,0x07,0xf8,0x00,0x00,
  0x00,0x00,0x00,0x07,0xf8,0x00,0x00,0x00,0x00,0x00,0x07,0xf8,0x00,0x00,0x00,0x00,0x00,0x07,0xf8,0x00,0x00,0x00,0x00,0x00,
  0x07,0xf8,0x00,0x00,0x00,0x00,0x00,0x07,0xf8,0x00,0x00,0x00,0x00,0x00,0x07,0xf8,0x00,0x00,0x00,0x00,0x00,0x07,0xf8,0x00,
  0x00,0x00,0x00,0x00,0x07,0xf8,0x00,0x00,0x00,0x00,0x00,0x07,0xf8,0x00,0x00,0x00,0x00,0x00,0x07,0xf8,0x00,0x00,0x00,0x00,
  0x00,0x07,0xf8,0x00,0x00,0x00,0x01,0xfe,0x00,0x00,0x00,0x01,0xfe,0x00,0x01,0xfe,0x00,0x00,0x00,0x01,0xfe,0x00,0x01,0xfe,
  0x00,0x00,0x00,0x01,0xfe,0x00,0x01,0xfe,0x00,0x00,0x00,0x01,0xfe,0x00,0x01,0xfe,0x00,0x00,0x00,0x01,0xfe,0x00,0x01,0xfe,
  0x00,0x00,0x00,0x01,0xfe,0x00,0x01,0xfe,0x00,0x00,0x00,0x01,0xfe,0x00,0x01,0xfe,0x00,0x00,0x00,0x01,0xfe,0x00,0x01,0xfe,
  0x00,0x00,0x00,0x01,0xfe,0x00,0x01,0xfe,0x00,0x00,0x00,0x01,0xfe,0x00,0x01,0xfe,0x00,0x00,0x00,0x01,0xfe,0x00,0x01,0xfe,
  0x00,0x00,0x00,0x01,0xfe,0x00,0x01,0xfe,0x00,0x00,0x00,0x01,0xfe,0x00,0x01,0xfe,0x00,0x00,0x00,0x01,0xfe,0x00,0x01,0xfe,
  0x00,0x00,0x00,0x01,0xfe,0x00,0x01,0xfe,0x00,0x00,0x00,0x01,0xfe,0x00,0x01,0xfe,0x00,0x00,0x00,0x01,0xfe,0x00,0x01,0xfe,
  0x00,0x00,0x00,0x01,0xfe,0x00,0x01,0xfe,0x00,0x00,0x00,0x01,0xfe,0x00,0x01,0xfe,0x00,0x00,0x00,0x01,0xfe,0x00,0x01,0xfe,
  0x00,0x00,0x00,0x01,0xfe,0x00,0x01,0xfe,0x00,0x00,0x00,0x01,0xfe,0x00,0x01,0xfe,0x00,0x00,0x00,0x01,0xfe,0x00,0x01,0xfe,
  0x00,0x00,0x00,0x01,0xfe,0x00,0x01,0xfe,0x00,0x00,0x00,0x01,0xfe,0x00,0x01,0xfe,0x00,0x00,0x00,0x01,0xfe,0x00,0x01,0xfe,
  0x00,0x00,0x00,0x01,0xfe,0x00,0x01,0xfe,0x00,0x00,0x00,0x01,0xfe,0x00,0x01,0xfe,0x00,0x00,0x00,0x01,0xfe,0x00,0x01,0xfe,
  0x00,0x00,0x00,0x01,0xfe,0x00,0x01,0xfe,0x00,0x00,0x00,0x01,0xfe,0x00,0x01,0xfe,0x00,0x00,0x00,0x01,0xfe,0x00,0x01,0xfe,
  0x00,0x00,0x00,0x01,0xfe,0x00,0x01,0xfe,0x00,0x00,0x00,0x01,0xfe,0x00,0x01,0xfe,0x00,0x00,0x00,0x01,0xfe,0x00,0x01,0xfe,
  0x00,0x00,0x00,0x01,0xfe,0x00,0x01,0xfe,0x00,0x00,0x00,0x01,0xfe,0x00,0x01,0xfe,0x00,0x00,0x00,0x01,0xfe,0x00,0x01,0xfe,
  0x00,0x00,0x00,0x01,0xfe,0x00,0x01,0xfe,0x00,0x00,0x00,0x01,0xfe,0x00,0x01,0xfe,0x00,0x00,0x00,0x01,0xfe,0x00,0x01,0xfe,
  0x00,0x00,0x00,0x01,0xfe,0x00,0x01,0xfe,0x00,0x00,0x00,0x01,0xfe,0x00,0x01,0xfe,0x00,0x00,0x00,0x01,0xfe,0x00,0x01,0xfe,
  0x00,0x00,0x00,0x01,0xfe,0x00,0x01,0xfe,0x00,0x00,0x00,0x01,0xfe,0x00,0x01,0xfe,0x00,0x00,0x00,0x01,0xfe,0x00,0x01,0xfe,
  0x00,0x00,0x00,0x01,0xfe,0x00,0x01,0xff,0xff,0xff,0xff,0xff,0xfe,0x00,0x01,0xff,0xff,0xff,0xff,0xff,0xfe,0x00,0x00,0xff,
  0xff,0xff,0xff,0xff,0xfe,0x00,0x00,0xff,0xff,0xff,0xff,0xff,0xfc,0x00,0x00,0x7f,0xff,0xff,0xff,0xff,0xfc,0x00,0x00,0x7f,
  0xff,0xff,0xff,0xff,0xf8,0x00,0x00,0x1f,0xff,0xff,0xff,0xff,0xf0,0x00,0x00,0x0f,0xff,0xff,0xff,0xff,0xc0,0x00,0x1f,0xe0,
  0x00,0x00,0x00,0x03,0xfc,0x00,0x1f,0xf0,0x00,0x00,0x00,0x07,0xfc,0x00,0x1f,0xf0,0x00,0x00,0x00,0x07,0xf8,0x00,0x0f,0xf0,
  0x00,0x00,0x00,0x07,0xf8,0x00,0x0f,0xf8,0x00,0x00,0x00,0x0f,0xf8,0x00,0x07,0xf8,0x00,0x00,0x00,0x0f,0xf0,0x00,0x07,0xf8,
  0x00,0x00,0x00,0x1f,0xf0,0x00,0x07,0xfc,0x00,0x00,0x00,0x1f,0xf0,0x00,0x03,0xfc,0x00,0x00,0x00,0x1f,0xe0,0x00,0x03,0xfe,
  0x00,0x00,0x00,0x3f,0xe0,0x00,0x03,0xfe,0x00,0x00,0x00,0x3f,0xc0,0x00,0x01,0xfe,0x00,0x00,0x00,0x3f,0xc0,0x00,0x01,0xff,
  0x00,0x00,0x00,0x7f,0xc0,0x00,0x00,0xff,0x00,0x00,0x00,0x7f,0x80,0x00,0x00,0xff,0x00,0x00,0x00,0xff,0x80,0x00,0x00,0xff,
  0x80,0x00,0x00,0xff,0x00,0x00,0x00,0x7f,0x80,0x00,0x00,0xff,0x00,0x00,0x00,0x7f,0xc0,0x00,0x01,0xff,0x00,0x00,0x00,0x3f,
  0xc0,0x00,0x01,0xfe,0x00,0x00,0x00,0x3f,0xc0,0x00,0x03,0xfe,0x00,0x00,0x00,0x3f,0xe0,0x00,0x03,0xfe,0x00,0x00,0x00,0x1f,
  0xe0,0x00,0x03,0xfc,0x00,0x00,0x00,0x1f,0xe0,0x00,0x07,0xfc,0x00,0x00,0x00,0x1f,0xf0,0x00,0x07,0xf8,0x00,0x00,0x00,0x0f,
  0xf0,0x00,0x07,0xf8,0x00,0x00,0x00,0x0f,0xf8,0x00,0x0f,0xf8,0x00,0x00,0x00,0x07,0xf8,0x00,0x0f,0xf0,0x00,0x00,0x00,0x07,
  0xf8,0x00,0x1f,0xf0,0x00,0x00,0x00,0x07,0xfc,0x00,0x1f,0xe0,0x00,0x00,0x00,0x03,0xfc,0x00,0x1f,0xe0,0x00,0x00,0x00,0x03,
  0xfe,0x00,0x3f,0xe0,0x00,0x00,0x00,0x01,0xfe,0x00,0x3f,0xc0,0x00,0x00,0x00,0x01,0xfe,0x00,0x3f,0xc0,0x00,0x00,0x00,0x01,
  0xff,0x00,0x7f,0x80,0x00,0x00,0x00,0x00,0xff,0x00,0x7f,0x80,0x00,0x00,0x00,0x00,0xff,0x00,0xff,0x80,0x00,0x00,0x00,0x00,
  0xff,0x80,0xff,0x00,0x00,0x00,0x00,0x00,0x7f,0x80,0xff,0x00,0x00,0x00,0x00,0x00,0x7f,0xc1,0xff,0x00,0x00,0x00,0x00,0x00,
  0x3f,0xc1,0xfe,0x00,0x00,0x00,0x00,0x00,0x3f,0xc1,0xfe,0x00,0x00,0x00,0x00,0x00,0x3f,0xe3,0xfc,0x00,0x00,0x00,0x00,0x00,
  0x1f,0xe3,0xfc,0x00,0x00,0x00,0x00,0x00,0x1f,0xe7,0xfc,0x00,0x00,0x00,0x00,0x00,0x0f,0xf7,0xf8,0x00,0x00,0x00,0x00,0x00,
  0x0f,0xff,0xf8,0x00,0x00,0x00,0x00,0x00,0x0f,0xff,0xf0,0x00,0x00,0x00,0x00,0x00,0x07,0xff,0xf0,0x00,0x00,0x00,0x00,0x00,
  0x07,0xff,0xf0,0x00,0x00,0x00,0x00,0x00,0x07,0xff,0xe0,0x00,0x00,0x00,0x00,0x00,0x03,0xff,0xe0,0x00,0x00,0x00,0x00,0x00,
  0x03,0xff,0xe0,0x00,0x00,0x00,0x00,0x00,0x01,0xff,0xc0,0x00,0x00,0x00,0x00,0x00,0x01,0xff,0xc0,0x00,0x00,0x00,0x00,0x00,
  0x01,0xff,0x80,0x00,0x00,0x00,0x00,0x00,0x00,0xff,0x80,0x00,0x00,0x00,0x1f,0xe0,0x00,0x00,0x1f,0xe0,0x00,0x00,0x0f,0xf0,
  0x1f,0xe0,0x00,0x00,0x1f,0xf0,0x00,0x00,0x0f,0xf0,0x1f,0xe0,0x00,0x00,0x1f,0xf0,0x00,0x00,0x1f,0xe0,0x1f,0xe0,0x00,0x00,
  0x3f,0xf0,0x00,0x00,0x1f,0xe0,0x0f,0xf0,0x00,0x00,0x3f,0xf0,0x00,0x00,0x1f,0xe0,0x0f,0xf0,0x00,0x00,0x3f,0xf8,0x00,0x00,
  0x3f,0xc0,0x0f,0xf0,0x00,0x00,0x7f,0xf8,0x00,0x00,0x3f,0xc0,0x07,0xf0,0x00,0x00,0x7f,0xf8,0x00,0x00,0x3f,0xc0,0x07,0xf8,
  0x00,0x00,0x7f,0xfc,0x00,0x00,0x3f,0xc0,0x07,0xf8,0x00,0x00,0x7f,0xfc,0x00,0x00,0x7f,0x80,0x07,0xf8,0x00,0x00,0xff,0xfc,
  0x00,0x00,0x7f,0x80,0x03,0xfc,0x00,0x00,0xff,0xfc,0x00,0x00,0x7f,0x80,0x03,0xfc,0x00,0x00,0xff,0xfe,0x00,0x00,0x7f,0x00,
  0x03,0xfc,0x00,0x01,0xff,0xfe,0x00,0x00,0xff,0x00,0x01,0xfc,0x00,0x01,0xff,0xfe,0x00,0x00,0xff,0x00,0x01,0xfe,0x00,0x01,
  0xfe,0xff,0x00,0x00,0xff,0x00,0x01,0xfe,0x00,0x01,0xfe,0xff,0x00,0x01,0xfe,0x00,0x01,0xfe,0x00,0x03,0xfc,0xff,0x00,0x01,
  0xfe,0x00,0x00,0xff,0x00,0x03,0xfc,0xff,0x00,0x01,0xfe,0x00,0x00,0xff,0x00,0x03,0xfc,0x7f,0x80,0x01,0xfc,0x00,0x00,0xff,
  0x00,0x03,0xf8,0x7f,0x80,0x03,0xfc,0x00,0x00,0x7f,0x00,0x07,0xf8,0x7f,0x80,0x03,0xfc,0x00,0x00,0x7f,0x80,0x07,0xf8,0x3f,
  0x80,0x03,0xfc,0x00,0x00,0x7f,0x80,0x07,0xf0,0x3f,0xc0,0x07,0xf8,0x00,0x00,0x7f,0x80,0x0f,0xf0,0x3f,0xc0,0x07,0xf8,0x00,
  0x00,0x3f,0x80,0x0f,0xf0,0x3f,0xc0,0x07,0xf8,0x00,0x00,0x3f,0xc0,0x0f,0xf0,0x1f,0xe0,0x07,0xf0,0x00,0x00,0x3f,0xc0,0x0f,
  0xe0,0x1f,0xe0,0x0f,0xf0,0x00,0x00,0x1f,0xc0,0x1f,0xe0,0x1f,0xe0,0x0f,0xf0,0x00,0x00,0x1f,0xe0,0x1f,0xe0,0x0f,0xe0,0x0f,
  0xf0,0x00,0x00,0x1f,0xe0,0x1f,0xc0,0x0f,0xf0,0x0f,0xe0,0x00,0x00,0x1f,0xe0,0x3f,0xc0,0x0f,0xf0,0x1f,0xe0,0x00,0x00,0x0f,
  0xe0,0x3f,0xc0,0x0f,0xf0,0x1f,0xe0,0x00,0x00,0x0f,0xf0,0x3f,0xc0,0x07,0xf8,0x1f,0xc0,0x00,0x00,0x0f,0xf0,0x3f,0x80,0x07,
  0xf8,0x3f,0xc0,0x00,0x00,0x07,0xf0,0x7f,0x80,0x07,0xf8,0x3f,0xc0,0x00,0x00,0x07,0xf8,0x7f,0x80,0x03,0xf8,0x3f,0xc0,0x00,
  0x00,0x07,0xf8,0x7f,0x00,0x03,0xfc,0x3f,0x80,0x00,0x00,0x07,0xf8,0xff,0x00,0x03,0xfc,0x7f,0x80,0x00,0x00,0x03,0xf8,0xff,
  0x00,0x01,0xfc,0x7f,0x80,0x00,0x00,0x03,0xfc,0xff,0x00,0x01,0xfc,0x7f,0x00,0x00,0x00,0x03,0xfc,0xfe,0x00,0x01,0xfe,0xff,
  0x00,0x00,0x00,0x01,0xfd,0xfe,0x00,0x01,0xfe,0xff,0x00,0x00,0x00,0x01,0xff,0xfe,0x00,0x00,0xfe,0xff,0x00,0x00,0x00,0x01,
  0xff,0xfc,0x00,0x00,0xff,0xfe,0x00,0x00,0x00,0x01,0xff,0xfc,0x00,0x00,0xff,0xfe,0x00,0x00,0x00,0x00,0xff,0xfc,0x00,0x00,
  0x7f,0xfe,0x00,0x00,0x00,0x00,0xff,0xfc,0x00,0x00,0x7f,0xfc,0x00,0x00,0x00,0x00,0xff,0xf8,0x00,0x00,0x7f,0xfc,0x00,0x00,
  0x00,0x00,0x7f,0xf8,0x00,0x00,0x7f,0xfc,0x00,0x00,0x00,0x00,0x7f,0xf8,0x00,0x00,0x3f,0xfc,0x00,0x00,0x00,0x00,0x7f,0xf0,
  0x00,0x00,0x3f,0xf8,0x00,0x00,0x00,0x00,0x7f,0xf0,0x00,0x00,0x3f,0xf8,0x00,0x00,0x00,0x00,0x3f,0xf0,0x00,0x00,0x1f,0xf8,
  0x00,0x00,0x00,0x00,0x3f,0xf0,0x00,0x00,0x1f,0xf0,0x00,0x00,0x00,0x00,0x3f,0xe0,0x00,0x00,0x1f,0xf0,0x00,0x00,0x1f,0xf8,
  0x00,0x00,0x00,0x3f,0xf0,0x0f,0xfc,0x00,0x00,0x00,0x7f,0xe0,0x07,0xfc,0x00,0x00,0x00,0x7f,0xc0,0x07,0xfe,0x00,0x00,0x00,
  0xff,0xc0,0x03,0xff,0x00,0x00,0x01,0xff,0x80,0x01,0xff,0x00,0x00,0x01,0xff,0x00,0x01,0xff,0x80,0x00,0x03,0xff,0x00,0x00,
  0xff,0xc0,0x00,0x07,0xfe,0x00,0x00,0x7f,0xe0,0x00,0x0f,0xfc,0x00,0x00,0x3f,0xe0,0x00,0x0f,0xf8,0x00,0x00,0x3f,0xf0,0x00,
  0x1f,0xf8,0x00,0x00,0x1f,0xf8,0x00,0x3f,0xf0,0x00,0x00,0x0f,0xf8,0x00,0x7f,0xe0,0x00,0x00,0x0f,0xfc,0x00,0x7f,0xe0,0x00,
  0x00,0x07,0xfe,0x00,0xff,0xc0,0x00,0x00,0x03,0xff,0x01,0xff,0x80,0x00,0x00,0x01,0xff,0x01,0xff,0x00,0x00,0x00,0x01,0xff,
  0x83,0xff,0x00,0x00,0x00,0x00,0xff,0xc7,0xfe,0x00,0x00,0x00,0x00,0x7f,0xcf,0xfc,0x00,0x00,0x00,0x00,0x7f,0xef,0xfc,0x00,
  0x00,0x00,0x00,0x3f,0xff,0xf8,0x00,0x00,0x00,0x00,0x1f,0xff,0xf0,0x00,0x00,0x00,0x00,0x0f,0xff,0xe0,0x00,0x00,0x00,0x00,
  0x0f,0xff,0xe0,0x00,0x00,0x00,0x00,0x07,0xff,0xc0,0x00,0x00,0x00,0x00,0x03,0xff,0x80,0x00,0x00,0x00,0x00,0x03,0xff,0x80,
  0x00,0x00,0x00,0x00,0x03,0xff,0x80,0x00,0x00,0x00,0x00,0x07,0xff,0xc0,0x00,0x00,0x00,0x00,0x07,0xff,0xc0,0x00,0x00,0x00,
  0x00,0x0f,0xff,0xe0,0x00,0x00,0x00,0x00,0x1f,0xff,0xf0,0x00,0x00,0x00,0x00,0x1f,0xff,0xf0,0x00,0x00,0x00,0x00,0x3f,0xff,
  0xf8,0x00,0x00,0x00,0x00,0x7f,0xef,0xfc,0x00,0x00,0x00,0x00,0xff,0xc7,0xfe,0x00,0x00,0x00,0x00,0xff,0x83,0xfe,0x00,0x00,
  0x00,0x01,0xff,0x83,0xff,0x00,0x00,0x00,0x03,0xff,0x01,0xff,0x80,0x00,0x00,0x03,0xfe,0x00,0xff,0x80,0x00,0x00,0x07,0xfc,
  0x00,0xff,0xc0,0x00,0x00,0x0f,0xfc,0x00,0x7f,0xe0,0x00,0x00,0x1f,0xf8,0x00,0x3f,0xf0,0x00,0x00,0x1f,0xf0,0x00,0x1f,0xf0,
  0x00,0x00,0x3f,0xf0,0x00,0x1f,0xf8,0x00,0x00,0x7f,0xe0,0x00,0x0f,0xfc,0x00,0x00,0xff,0xc0,0x00,0x07,0xfc,0x00,0x00,0xff,
  0x80,0x00,0x07,0xfe,0x00,0x01,0xff,0x80,0x00,0x03,0xff,0x00,0x03,0xff,0x00,0x00,0x01,0xff,0x80,0x03,0xfe,0x00,0x00,0x00,
  0xff,0x80,0x07,0xfe,0x00,0x00,0x00,0xff,0xc0,0x0f,0xfc,0x00,0x00,0x00,0x7f,0xe0,0x1f,0xf8,0x00,0x00,0x00,0x3f,0xf0,0x1f,
  0xf0,0x00,0x00,0x00,0x1f,0xf0,0x3f,0xe0,0x00,0x00,0x00,0x1f,0xf0,0x1f,0xf0,0x00,0x00,0x00,0x1f,0xf0,0x1f,0xf0,0x00,0x00,
  0x00,0x3f,0xe0,0x0f,0xf8,0x00,0x00,0x00,0x7f,0xe0,0x0f,0xfc,0x00,0x00,0x00,0x7f,0xc0,0x07,0xfc,0x00,0x00,0x00,0xff,0x80,
  0x03,0xfe,0x00,0x00,0x01,0xff,0x80,0x03,0xff,0x00,0x00,0x01,0xff,0x00,0x01,0xff,0x00,0x00,0x03,0xfe,0x00,0x00,0xff,0x80,
  0x00,0x03,0xfe,0x00,0x00,0xff,0x80,0x00,0x07,0xfc,0x00,0x00,0x7f,0xc0,0x00,0x0f,0xf8,0x00,0x00,0x3f,0xe0,0x00,0x0f,0xf8,
  0x00,0x00,0x3f,0xe0,0x00,0x1f,0xf0,0x00,0x00,0x1f,0xf0,0x00,0x3f,0xf0,0x00,0x00,0x0f,0xf8,0x00,0x3f,0xe0,0x00,0x00,0x0f,
  0xf8,0x00,0x7f,0xc0,0x00,0x00,0x07,0xfc,0x00,0x7f,0xc0,0x00,0x00,0x07,0xfc,0x00,0xff,0x80,0x00,0x00,0x03,0xfe,0x01,0xff,
  0x00,0x00,0x00,0x01,0xff,0x01,0xff,0x00,0x00,0x00,0x01,0xff,0x03,0xfe,0x00,0x00,0x00,0x00,0xff,0x87,0xfc,0x00,0x00,0x00,
  0x00,0x7f,0xc7,0xfc,0x00,0x00,0x00,0x00,0x7f,0xcf,0xf8,0x00,0x00,0x00,0x00,0x3f,0xef,0xf8,0x00,0x00,0x00,0x00,0x1f,0xff,
  0xf0,0x00,0x00,0x00,0x00,0x1f,0xff,0xe0,0x00,0x00,0x00,0x00,0x0f,0xff,0xe0,0x00,0x00,0x00,0x00,0x0f,0xff,0xc0,0x00,0x00,
  0x00,0x00,0x07,0xff,0x80,0x00,0x00,0x00,0x00,0x03,0xff,0x80,0x00,0x00,0x00,0x00,0x03,0xff,0x00,0x00,0x00,0x00,0x00,0x01,
  0xfe,0x00,0x00,0x00,0x00,0x00,0x01,0xfe,0x00,0x00,0x00,0x00,0x00,0x01,0xfe,0x00,0x00,0x00,0x00,0x00,0x01,0xfe,0x00,0x00,
  0x00,0x00,0x00,0x01,0xfe,0x00,0x00,0x00,0x00,0x00,0x01,0xfe,0x00,0x00,0x00,0x00,0x00,0x01,0xfe,0x00,0x00,0x00,0x00,0x00,
  0x01,0xfe,0x00,0x00,0x00,0x00,0x00,0x01,0xfe,0x00,0x00,0x00,0x00,0x00,0x01,0xfe,0x00,0x00,0x00,0x00,0x00,0x01,0xfe,0x00,
  0x00,0x00,0x00,0x00,0x01,0xfe,0x00,0x00,0x00,0x00,0x00,0x01,0xfe,0x00,0x00,0x00,0x00,0x00,0x01,0xfe,0x00,0x00,0x00,0x00,
  0x00,0x01,0xfe,0x00,0x00,0x00,0x00,0x00,0x01,0xfe,0x00,0x00,0x00,0x00,0x00,0x01,0xfe,0x00,0x00,0x00,0x00,0x00,0x01,0xfe,
  0x00,0x00,0x00,0x00,0x00,0x01,0xfe,0x00,0x00,0x00,0x00,0x00,0x01,0xfe,0x00,0x00,0x00,0x00,0x00,0x01,0xfe,0x00,0x00,0x00,
  0x00,0x00,0x01,0xfe,0x00,0x00,0x00,0x00,0x00,0x01,0xfe,0x00,0x00,0x00,0x03,0xff,0xff,0xff,0xff,0xff,0xc0,0x03,0xff,0xff,
  0xff,0xff,0xff,0xc0,0x03,0xff,0xff,0xff,0xff,0xff,0xc0,0x03,0xff,0xff,0xff,0xff,0xff,0x80,0x03,0xff,0xff,0xff,0xff,0xff,
  0x00,0x03,0xff,0xff,0xff,0xff,0xff,0x00,0x03,0xff,0xff,0xff,0xff,0xfe,0x00,0x03,0xff,0xff,0xff,0xff,0xfc,0x00,0x00,0x00,
  0x00,0x00,0x0f,0xfc,0x00,0x00,0x00,0x00,0x00,0x0f,0xf8,0x00,0x00,0x00,0x00,0x00,0x1f,0xf0,0x00,0x00,0x00,0x00,0x00,0x3f,
  0xf0,0x00,0x00,0x00,0x00,0x00,0x7f,0xe0,0x00,0x00,0x00,0x00,0x00,0x7f,0xc0,0x00,0x00,0x00,0x00,0x00,0xff,0xc0,0x00,0x00,
  0x00,0x00,0x01,0xff,0x80,0x00,0x00,0x00,0x00,0x01,0xff,0x00,0x00,0x00,0x00,0x00,0x03,0xfe,0x00,0x00,0x00,0x00,0x00,0x07,
  0xfe,0x00,0x00,0x00,0x00,0x00,0x07,0xfc,0x00,0x00,0x00,0x00,0x00,0x0f,0xf8,0x00,0x00,0x00,0x00,0x00,0x1f,0xf8,0x00,0x00,
  0x00,0x00,0x00,0x3f,0xf0,0x00,0x00,0x00,0x00,0x00,0x3f,0xe0,0x00,0x00,0x00,0x00,0x00,0x7f,0xe0,0x00,0x00,0x00,0x00,0x00,
  0xff,0xc0,0x00,0x00,0x00,0x00,0x00,0xff,0x80,0x00,0x00,0x00,0x00,0x01,0xff,0x00,0x00,0x00,0x00,0x00,0x03,0xff,0x00,0x00,
  0x00,0x00,0x00,0x03,0xfe,0x00,0x00,0x00,0x00,0x00,0x07,0xfc,0x00,0x00,0x00,0x00,0x00,0x0f,0xfc,0x00,0x00,0x00,0x00,0x00,
  0x0f,0xf8,0x00,0x00,0x00,0x00,0x00,0x1f,0xf0,0x00,0x00,0x00,0x00,0x00,0x3f,0xf0,0x00,0x00,0x00,0x00,0x00,0x7f,0xe0,0x00,
  0x00,0x00,0x00,0x00,0x7f,0xc0,0x00,0x00,0x00,0x00,0x00,0xff,0x80,0x00,0x00,0x00,0x00,0x01,0xff,0x80,0x00,0x00,0x00,0x00,
  0x01,0xff,0x00,0x00,0x00,0x00,0x00,0x03,0xfe,0x00,0x00,0x00,0x00,0x00,0x07,0xfe,0x00,0x00,0x00,0x00,0x00,0x07,0xfc,0x00,
  0x00,0x00,0x00,0x00,0x0f,0xf8,0x00,0x00,0x00,0x00,0x00,0x1f,0xf8,0x00,0x00,0x00,0x00,0x00,0x3f,0xf0,0x00,0x00,0x00,0x00,
  0x00,0x3f,0xe0,0x00,0x00,0x00,0x00,0x00,0x7f,0xe0,0x00,0x00,0x00,0x00,0x00,0xff,0xff,0xff,0xff,0xff,0xc0,0x00,0xff,0xff,
  0xff,0xff,0xff,0xc0,0x01,0xff,0xff,0xff,0xff,0xff,0xc0,0x03,0xff,0xff,0xff,0xff,0xff,0xc0,0x03,0xff,0xff,0xff,0xff,0xff,
  0xc0,0x07,0xff,0xff,0xff,0xff,0xff,0xc0,0x07,0xff,0xff,0xff,0xff,0xff,0xc0,0x07,0xff,0xff,0xff,0xff,0xff,0xc0,0x01,0xff,
  0xff,0xf0,0x00,0x01,0xff,0xff,0xf0,0x00,0x01,0xff,0xff,0xf0,0x00,0x01,0xff,0xff,0xf0,0x00,0x01,0xff,0xff,0xf0,0x00,0x01,
  0xff,0xff,0xf0,0x00,0x01,0xff,0xff,0xf0,0x00,0x01,0xff,0xff,0xf0,0x00,0x01,0xfe,0x00,0x00,0x00,0x01,0xfe,0x00,0x00,0x00,
  0x01,0xfe,0x00,0x00,0x00,0x01,0xfe,0x00,0x00,0x00,0x01,0xfe,0x00,0x00,0x00,0x01,0xfe,0x00,0x00,0x00,0x01,0xfe,0x00,0x00,
  0x00,0x01,0xfe,0x00,0x00,0x00,0x01,0xfe,0x00,0x00,0x00,0x01,0xfe,0x00,0x00,0x00,0x01,0xfe,0x00,0x00,0x00,0x01,0xfe,0x00,
  0x00,0x00,0x01,0xfe,0x00,0x00,0x00,0x01,0xfe,0x00,0x00,0x00,0x01,0xfe,0x00,0x00,0x00,0x01,0xfe,0x00,0x00,0x00,0x01,0xfe,
  0x00,0x00,0x00,0x01,0xfe,0x00,0x00,0x00,0x01,0xfe,0x00,0x00,0x00,0x01,0xfe,0x00,0x00,0x00,0x01,0xfe,0x00,0x00,0x00,0x01,
  0xfe,0x00,0x00,0x00,0x01,0xfe,0x00,0x00,0x00,0x01,0xfe,0x00,0x00,0x00,0x01,0xfe,0x00,0x00,0x00,0x01,0xfe,0x00,0x00,0x00,
  0x01,0xfe,0x00,0x00,0x00,0x01,0xfe,0x00,0x00,0x00,0x01,0xfe,0x00,0x00,0x00,0x01,0xfe,0x00,0x00,0x00,0x01,0xfe,0x00,0x00,
  0x00,0x01,0xfe,0x00,0x00,0x00,0x01,0xfe,0x00,0x00,0x00,0x01,0xfe,0x00,0x00,0x00,0x01,0xfe,0x00,0x00,0x00,0x01,0xfe,0x00,
  0x00,0x00,0x01,0xfe,0x00,0x00,0x00,0x01,0xfe,0x00,0x00,0x00,0x01,0xfe,0x00,0x00,0x00,0x01,0xfe,0x00,0x00,0x00,0x01,0xfe,
  0x00,0x00,0x00,0x01,0xfe,0x00,0x00,0x00,0x01,0xfe,0x00,0x00,0x00,0x01,0xfe,0x00,0x00,0x00,0x01,0xfe,0x00,0x00,0x00,0x01,
  0xfe,0x00,0x00,0x00,0x01,0xfe,0x00,0x00,0x00,0x01,0xfe,0x00,0x00,0x00,0x01,0xfe,0x00,0x00,0x00,0x01,0xfe,0x00,0x00,0x00,
  0x01,0xfe,0x00,0x00,0x00,0x01,0xfe,0x00,0x00,0x00,0x01,0xfe,0x00,0x00,0x00,0x01,0xfe,0x00,0x00,0x00,0x01,0xfe,0x00,0x00,
  0x00,0x01,0xfe,0x00,0x00,0x00,0x01,0xfe,0x00,0x00,0x00,0x01,0xfe,0x00,0x00,0x00,0x01,0xfe,0x00,0x00,0x00,0x01,0xfe,0x00,
  0x00,0x00,0x01,0xfe,0x00,0x00,0x00,0x01,0xff,0xff,0xf0,0x00,0x01,0xff,0xff,0xf0,0x00,0x01,0xff,0xff,0xf0,0x00,0x01,0xff,
  0xff,0xf0,0x00,0x01,0xff,0xff,0xf0,0x00,0x01,0xff,0xff,0xf0,0x00,0x01,0xff,0xff,0xf0,0x00,0x01,0xff,0xff,0xf0,0x00,0x1f,
  0xe0,0x00,0x00,0x00,0x0f,0xe0,0x00,0x00,0x00,0x0f,0xf0,0x00,0x00,0x00,0x0f,0xf0,0x00,0x00,0x00,0x07,0xf0,0x00,0x00,0x00,
  0x07,0xf8,0x00,0x00,0x00,0x07,0xf8,0x00,0x00,0x00,0x03,0xf8,0x00,0x00,0x00,0x03,0xfc,0x00,0x00,0x00,0x03,0xfc,0x00,0x00,
  0x00,0x01,0xfc,0x00,0x00,0x00,0x01,0xfe,0x00,0x00,0x00,0x01,0xfe,0x00,0x00,0x00,0x00,0xfe,0x00,0x00,0x00,0x00,0xff,0x00,
  0x00,0x00,0x00,0xff,0x00,0x00,0x00,0x00,0x7f,0x00,0x00,0x00,0x00,0x7f,0x80,0x00,0x00,0x00,0x7f,0x80,0x00,0x00,0x00,0x3f,
  0x80,0x00,0x00,0x00,0x3f,0xc0,0x00,0x00,0x00,0x3f,0xc0,0x00,0x00,0x00,0x1f,0xc0,0x00,0x00,0x00,0x1f,0xe0,0x00,0x00,0x00,
  0x1f,0xe0,0x00,0x00,0x00,0x0f,0xe0,0x00,0x00,0x00,0x0f,0xf0,0x00,0x00,0x00,0x0f,0xf0,0x00,0x00,0x00,0x07,0xf0,0x00,0x00,
  0x00,0x07,0xf8,0x00,0x00,0x00,0x07,0xf8,0x00,0x00,0x00,0x03,0xf8,0x00,0x00,0x00,0x03,0xfc,0x00,0x00,0x00,0x01,0xfc,0x00,
  0x00,0x00,0x01,0xfc,0x00,0x00,0x00,0x01,0xfe,0x00,0x00,0x00,0x00,0xfe,0x00,0x00,0x00,0x00,0xfe,0x00,0x00,0x00,0x00,0xff,
  0x00,0x00,0x00,0x00,0x7f,0x00,0x00,0x00,0x00,0x7f,0x00,0x00,0x00,0x00,0x7f,0x80,0x00,0x00,0x00,0x3f,0x80,0x00,0x00,0x00,
  0x3f,0x80,0x00,0x00,0x00,0x3f,0xc0,0x00,0x00,0x00,0x1f,0xc0,0x00,0x00,0x00,0x1f,0xc0,0x00,0x00,0x00,0x1f,0xe0,0x00,0x00,
  0x00,0x0f,0xe0,0x00,0x00,0x00,0x0f,0xe0,0x00,0x00,0x00,0x0f,0xf0,0x00,0x00,0x00,0x07,0xf0,0x00,0x00,0x00,0x07,0xf0,0x00,
  0x00,0x00,0x07,0xf8,0x00,0x00,0x00,0x03,0xf8,0x00,0x00,0x00,0x03,0xf8,0x00,0x00,0x00,0x03,0xfc,0x00,0x00,0x00,0x01,0xfc,
  0x00,0x00,0x00,0x01,0xfc,0x00,0x00,0x00,0x01,0xfe,0x00,0x00,0x00,0x00,0xfe,0x00,0x00,0x00,0x00,0xfe,0x00,0x00,0x00,0x00,
  0xff,0x00,0x00,0x00,0x00,0x7f,0x00,0x07,0xff,0xff,0xc0,0x00,0x07,0xff,0xff,0xc0,0x00,0x07,0xff,0xff,0xc0,0x00,0x07,0xff,
  0xff,0xc0,0x00,0x07,0xff,0xff,0xc0,0x00,0x07,0xff,0xff,0xc0,0x00,0x07,0xff,0xff,0xc0,0x00,0x07,0xff,0xff,0xc0,0x00,0x00,
  0x00,0x3f,0xc0,0x00,0x00,0x00,0x3f,0xc0,0x00,0x00,0x00,0x3f,0xc0,0x00,0x00,0x00,0x3f,0xc0,0x00,0x00,0x00,0x3f,0xc0,0x00,
  0x00,0x00,0x3f,0xc0,0x00,0x00,0x00,0x3f,0xc0,0x00,0x00,0x00,0x3f,0xc0,0x00,0x00,0x00,0x3f,0xc0,0x00,0x00,0x00,0x3f,0xc0,
  0x00,0x00,0x00,0x3f,0xc0,0x00,0x00,0x00,0x3f,0xc0,0x00,0x00,0x00,0x3f,0xc0,0x00,0x00,0x00,0x3f,0xc0,0x00,0x00,0x00,0x3f,
  0xc0,0x00,0x00,0x00,0x3f,0xc0,0x00,0x00,0x00,0x3f,0xc0,0x00,0x00,0x00,0x3f,0xc0,0x00,0x00,0x00,0x3f,0xc0,0x00,0x00,0x00,
  0x3f,0xc0,0x00,0x00,0x00,0x3f,0xc0,0x00,0x00,0x00,0x3f,0xc0,0x00,0x00,0x00,0x3f,0xc0,0x00,0x00,0x00,0x3f,0xc0,0x00,0x00,
  0x00,0x3f,0xc0,0x00,0x00,0x00,0x3f,0xc0,0x00,0x00,0x00,0x3f,0xc0,0x00,0x00,0x00,0x3f,0xc0,0x00,0x00,0x00,0x3f,0xc0,0x00,
  0x00,0x00,0x3f,0xc0,0x00,0x00,0x00,0x3f,0xc0,0x00,0x00,0x00,0x3f,0xc0,0x00,0x00,0x00,0x3f,0xc0,0x00,0x00,0x00,0x3f,0xc0,
  0x00,0x00,0x00,0x3f,0xc0,0x00,0x00,0x00,0x3f,0xc0,0x00,0x00,0x00,0x3f,0xc0,0x00,0x00,0x00,0x3f,0xc0,0x00,0x00,0x00,0x3f,
  0xc0,0x00,0x00,0x00,0x3f,0xc0,0x00,0x00,0x00,0x3f,0xc0,0x00,0x00,0x00,0x3f,0xc0,0x00,0x00,0x00,0x3f,0xc0,0x00,0x00,0x00,
  0x3f,0xc0,0x00,0x00,0x00,0x3f,0xc0,0x00,0x00,0x00,0x3f,0xc0,0x00,0x00,0x00,0x3f,0xc0,0x00,0x00,0x00,0x3f,0xc0,0x00,0x00,
  0x00,0x3f,0xc0,0x00,0x00,0x00,0x3f,0xc0,0x00,0x00,0x00,0x3f,0xc0,0x00,0x00,0x00,0x3f,0xc0,0x00,0x00,0x00,0x3f,0xc0,0x00,
  0x00,0x00,0x3f,0xc0,0x00,0x00,0x00,0x3f,0xc0,0x00,0x00,0x00,0x3f,0xc0,0x00,0x00,0x00,0x3f,0xc0,0x00,0x00,0x00,0x3f,0xc0,
  0x00,0x00,0x00,0x3f,0xc0,0x00,0x00,0x00,0x3f,0xc0,0x00,0x00,0x00,0x3f,0xc0,0x00,0x07,0xff,0xff,0xc0,0x00,0x07,0xff,0xff,
  0xc0,0x00,0x07,0xff,0xff,0xc0,0x00,0x07,0xff,0xff,0xc0,0x00,0x07,0xff,0xff,0xc0,0x00,0x07,0xff,0xff,0xc0,0x00,0x07,0xff,
  0xff,0xc0,0x00,0x07,0xff,0xff,0xc0,0x00,0x00,0x00,0x3f,0xe0,0x00,0x00,0x00,0x00,0x7f,0xe0,0x00,0x00,0x00,0x00,0x7f,0xf0,
  0x00,0x00,0x00,0x00,0xff,0xf8,0x00,0x00,0x00,0x01,0xff,0xf8,0x00,0x00,0x00,0x01,0xff,0xfc,0x00,0x00,0x00,0x03,0xfd,0xfc,
  0x00,0x00,0x00,0x03,0xf9,0xfe,0x00,0x00,0x00,0x07,0xf8,0xff,0x00,0x00,0x00,0x0f,0xf0,0x7f,0x00,0x00,0x00,0x0f,0xe0,0x7f,
  0x80,0x00,0x00,0x1f,0xe0,0x3f,0xc0,0x00,0x00,0x3f,0xc0,0x3f,0xc0,0x00,0x00,0x3f,0xc0,0x1f,0xe0,0x00,0x00,0x7f,0x80,0x0f,
  0xe0,0x00,0x00,0x7f,0x00,0x0f,0xf0,0x00,0x00,0xff,0x00,0x07,0xf8,0x00,0x01,0xfe,0x00,0x07,0xf8,0x00,0x01,0xfe,0x00,0x03,
  0xfc,0x00,0x03,0xfc,0x00,0x01,0xfe,0x00,0x07,0xf8,0x00,0x01,0xfe,0x00,0x07,0xf8,0x00,0x00,0xff,0x00,0x0f,0xf0,0x00,0x00,
  0x7f,0x80,0x0f,0xf0,0x00,0x00,0x7f,0x80,0x00,0x00,0x00,0x00,0x00,0x00,0x00,0x00,0x00,0x00,0x00,0x00,0x00,0x00,0x00,0x00,
  0x00,0x00,0x00,0x00,0x00,0x00,0x00,0x00,0x00,0x00,0x00,0x00,0x00,0x00,0x00,0x00,0x00,0x00,0x00,0x00,0x00,0x00,0x00,0x00,
  0x00,0x00,0x00,0x00,0x00,0x00,0x00,0x00,0x00,0x00,0x00,0x00,0x00,0x00,0x00,0x00,0x00,0x00,0x00,0x00,0x00,0x00,0x00,0x00,
  0x00,0x00,0x00,0x00,0x00,0x00,0x00,0x00,0x00,0x00,0x00,0x00,0x00,0x00,0x00,0x00,0x00,0x00,0x00,0x00,0x00,0x00,0x00,0x00,
  0x00,0x00,0x00,0x00,0x00,0x00,0x00,0x00,0x00,0x00,0x00,0x00,0x00,0x00,0x00,0x00,0x00,0x00,0x00,0x00,0x00,0x00,0x00,0x00,
  0x00,0x00,0x00,0x00,0x00,0x00,0x00,0x00,0x00,0x00,0x00,0x00,0x00,0x00,0x00,0x00,0x00,0x00,0x00,0x00,0x00,0x00,0x00,0x00,
  0x00,0x00,0x00,0x00,0x00,0x00,0x00,0x00,0x00,0x00,0x00,0x00,0x00,0x00,0x00,0x00,0x00,0x00,0x00,0x00,0x00,0x00,0x00,0x00,
  0x00,0x00,0x00,0x00,0x00,0x00,0x00,0x00,0x00,0x00,0x00,0x00,0x00,0x00,0x00,0x00,0x00,0x00,0x00,0x00,0x00,0x00,0x00,0x00,
  0x00,0x00,0x00,0x00,0x00,0x00,0x00,0x00,0x00,0x00,0x00,0x00,0x00,0x00,0x00,0x00,0x00,0x00,0x00,0x00,0x00,0x00,0x00,0x00,
  0x00,0x00,0x00,0x00,0x00,0x00,0x00,0x00,0x00,0x00,0x00,0x00,0x00,0x00,0x00,0x00,0x00,0x00,0x00,0x00,0x00,0x00,0x00,0x00,
  0x00,0x00,0x00,0x00,0x00,0x00,0x00,0x00,0x00,0x00,0x00,0x00,0x00,0x00,0x00,0x00,0x00,0x00,0x00,0x00,0x00,0x00,0x00,0x00,
  0x00,0x00,0x00,0x00,0x00,0x00,0x00,0x00,0x00,0x00,0x00,0x00,0x00,0x00,0x00,0x00,0x00,0x00,0x00,0x00,0x00,0x00,0x00,0x00,
  0x00,0x00,0x00,0x00,0x00,0x00,0x00,0x00,0x00,0x00,0x00,0x00,0x00,0x00,0x00,0x00,0x00,0x00,0x00,0x00,0x00,0x00,0x00,0x00,
  0x00,0x00,0x00,0x00,0x00,0x00,0x00,0x7f,0xff,0xff,0xff,0xff,0xff,0xe0,0x7f,0xff,0xff,0xff,0xff,0xff,0xe0,0x7f,0xff,0xff,
  0xff,0xff,0xff,0xe0,0x7f,0xff,0xff,0xff,0xff,0xff,0xe0,0x7f,0xff,0xff,0xff,0xff,0xff,0xe0,0x7f,0xff,0xff,0xff,0xff,0xff,
  0xe0,0x03,0xff,0x80,0x00,0x01,0xff,0xc0,0x00,0x00,0xff,0xe0,0x00,0x00,0x3f,0xf0,0x00,0x00,0x1f,0xf8,0x00,0x00,0x07,0xfc,
  0x00,0x00,0x03,0xfe,0x00,0x00,0x00,0xff,0x00,0x00,0x00,0x7f,0x80,0x00,0x00,0x00,0x00,0x00,0x00,0x00,0x00,0x00,0x00,0x00,
  0x00,0x00,0x00,0x00,0x00,0x00,0x00,0x00,0x00,0x00,0x00,0x00,0x00,0x00,0x00,0x00,0x00,0x00,0x00,0x00,0x00,0x00,0x00,0x00,
  0x00,0x00,0x00,0x00,0x00,0x00,0x00,0x00,0x00,0x00,0x00,0x00,0x00,0x00,0x00,0x00,0x00,0x00,0x00,0x00,0x00,0x00,0x00,0x00,
  0x00,0x00,0x00,0x00,0x00,0x00,0x00,0x00,0x00,0x00,0x00,0x00,0x00,0x00,0x00,0x00,0x00,0x00,0x00,0x00,0x00,0x00,0x00,0x00,
  0x00,0x00,0x00,0x00,0x00,0x00,0x00,0x00,0x00,0x00,0x00,0x00,0x00,0x00,0x00,0x00,0x00,0x00,0x00,0x00,0x00,0x00,0x00,0x00,
  0x00,0x00,0x00,0x00,0x00,0x00,0x00,0x00,0x00,0x00,0x00,0x00,0x00,0x00,0x00,0x00,0x00,0x00,0x00,0x00,0x00,0x00,0x00,0x00,
  0x00,0x00,0x00,0x00,0x00,0x00,0x00,0x00,0x00,0x00,0x00,0x00,0x00,0x00,0x00,0x00,0x00,0x00,0x00,0x00,0x00,0x00,0x00,0x00,
  0x00,0x00,0x00,0x00,0x00,0x00,0x00,0x00,0x00,0x00,0x00,0x00,0x00,0x00,0x00,0x00,0x00,0x00,0x00,0x00,0x00,0x00,0x00,0x00,
  0x00,0x00,0x00,0x00,0x00,0x00,0x00,0x00,0x00,0x00,0x00,0x00,0x00,0x00,0x00,0x00,0x00,0x00,0x7f,0xff,0xff,0xf8,0x00,0x00,
  0x7f,0xff,0xff,0xfc,0x00,0x00,0x7f,0xff,0xff,0xff,0x00,0x00,0x7f,0xff,0xff,0xff,0x00,0x00,0x7f,0xff,0xff,0xff,0x80,0x00,
  0x7f,0xff,0xff,0xff,0x80,0x00,0x7f,0xff,0xff,0xff,0x80,0x00,0x7f,0xff,0xff,0xff,0xc0,0x00,0x00,0x00,0x00,0x3f,0xc0,0x00,
  0x00,0x00,0x00,0x3f,0xc0,0x00,0x00,0x00,0x00,0x3f,0xc0,0x00,0x00,0x00,0x00,0x3f,0xc0,0x00,0x00,0x00,0x00,0x3f,0xc0,0x00,
  0x00,0x00,0x00,0x3f,0xc0,0x00,0x00,0x00,0x00,0x3f,0xc0,0x00,0x00,0x00,0x00,0x3f,0xc0,0x00,0x1f,0xff,0xff,0xff,0xc0,0x00,
  0x3f,0xff,0xff,0xff,0xc0,0x00,0xff,0xff,0xff,0xff,0xc0,0x00,0xff,0xff,0xff,0xff,0xc0,0x01,0xff,0xff,0xff,0xff,0xc0,0x01,
  0xff,0xff,0xff,0xff,0xc0,0x01,0xff,0xff,0xff,0xff,0xc0,0x03,0xff,0xff,0xff,0xff,0xc0,0x03,0xfc,0x00,0x00,0x3f,0xc0,0x03,
  0xfc,0x00,0x00,0x3f,0xc0,0x03,0xfc,0x00,0x00,0x3f,0xc0,0x03,0xfc,0x00,0x00,0x3f,0xc0,0x03,0xfc,0x00,0x00,0x3f,0xc0,0x03,
  0xfc,0x00,0x00,0x3f,0xc0,0x03,0xfc,0x00,0x00,0x3f,0xc0,0x03,0xfc,0x00,0x00,0x3f,0xc0,0x03,0xfc,0x00,0x00,0x3f,0xc0,0x03,
  0xfc,0x00,0x00,0x3f,0xc0,0x03,0xff,0xff,0xff,0xff,0xc0,0x01,0xff,0xff,0xff,0xff,0xc0,0x01,0xff,0xff,0xff,0xff,0xc0,0x01,
  0xff,0xff,0xff,0xbf,0xc0,0x00,0xff,0xff,0xff,0xbf,0xc0,0x00,0xff,0xff,0xff,0x3f,0xc0,0x00,0x3f,0xff,0xfe,0x3f,0xc0,0x00,
  0x1f,0xff,0xf8,0x3f,0xc0,0x03,0xfc,0x00,0x00,0x00,0x00,0x00,0x03,0xfc,0x00,0x00,0x00,0x00,0x00,0x03,0xfc,0x00,0x00,0x00,
  0x00,0x00,0x03,0xfc,0x00,0x00,0x00,0x00,0x00,0x03,0xfc,0x00,0x00,0x00,0x00,0x00,0x03,0xfc,0x00,0x00,0x00,0x00,0x00,0x03,
  0xfc,0x00,0x00,0x00,0x00,0x00,0x03,0xfc,0x00,0x00,0x00,0x00,0x00,0x03,0xfc,0x00,0x00,0x00,0x00,0x00,0x03,0xfc,0x00,0x00,
  0x00,0x00,0x00,0x03,0xfc,0x00,0x00,0x00,0x00,0x00,0x03,0xfc,0x00,0x00,0x00,0x00,0x00,0x03,0xfc,0x00,0x00,0x00,0x00,0x00,
  0x03,0xfc,0x00,0x00,0x00,0x00,0x00,0x03,0xfc,0x00,0x00,0x00,0x00,0x00,0x03,0xfc,0x00,0x00,0x00,0x00,0x00,0x03,0xfc,0x1f,
  0xff,0xfc,0x00,0x00,0x03,0xfc,0x7f,0xff,0xff,0x00,0x00,0x03,0xfc,0xff,0xff,0xff,0x80,0x00,0x03,0xfd,0xff,0xff,0xff,0xc0,
  0x00,0x03,0xfd,0xff,0xff,0xff,0xc0,0x00,0x03,0xff,0xff,0xff,0xff,0xe0,0x00,0x03,0xff,0xff,0xff,0xff,0xe0,0x00,0x03,0xff,
  0xff,0xff,0xff,0xe0,0x00,0x03,0xfc,0x00,0x00,0x0f,0xe0,0x00,0x03,0xfc,0x00,0x00,0x0f,0xe0,0x00,0x03,0xfc,0x00,0x00,0x0f,
  0xe0,0x00,0x03,0xfc,0x00,0x00,0x0f,0xe0,0x00,0x03,0xfc,0x00,0x00,0x0f,0xe0,0x00,0x03,0xfc,0x00,0x00,0x0f,0xe0,0x00,0x03,
  0xfc,0x00,0x00,0x0f,0xe0,0x00,0x03,0xfc,0x00,0x00,0x0f,0xe0,0x00,0x03,0xfc,0x00,0x00,0x0f,0xe0,0x00,0x03,0xfc,0x00,0x00,
  0x0f,0xe0,0x00,0x03,0xfc,0x00,0x00,0x0f,0xe0,0x00,0x03,0xfc,0x00,0x00,0x0f,0xe0,0x00,0x03,0xfc,0x00,0x00,0x0f,0xe0,0x00,
  0x03,0xfc,0x00,0x00,0x0f,0xe0,0x00,0x03,0xfc,0x00,0x00,0x0f,0xe0,0x00,0x03,0xfc,0x00,0x00,0x0f,0xe0,0x00,0x03,0xfc,0x00,
  0x00,0x0f,0xe0,0x00,0x03,0xfc,0x00,0x00,0x0f,0xe0,0x00,0x03,0xfc,0x00,0x00,0x0f,0xe0,0x00,0x03,0xfc,0x00,0x00,0x0f,0xe0,
  0x00,0x03,0xfc,0x00,0x00,0x0f,0xe0,0x00,0x03,0xfc,0x00,0x00,0x0f,0xe0,0x00,0x03,0xfc,0x00,0x00,0x0f,0xe0,0x00,0x03,0xfc,
  0x00,0x00,0x0f,0xe0,0x00,0x03,0xfc,0x00,0x00,0x0f,0xe0,0x00,0x03,0xfc,0x00,0x00,0x0f,0xe0,0x00,0x03,0xff,0xff,0xff,0xff,
  0xe0,0x00,0x01,0xff,0xff,0xff,0xff,0xe0,0x00,0x01,0xff,0xff,0xff,0xff,0xe0,0x00,0x01,0xff,0xff,0xff,0xff,0xc0,0x00,0x00,
  0xff,0xff,0xff,0xff,0xc0,0x00,0x00,0xff,0xff,0xff,0xff,0x80,0x00,0x00,0x3f,0xff,0xff,0xff,0x00,0x00,0x00,0x1f,0xff,0xff,
  0xfc,0x00,0x00,0x00,0x1f,0xff,0xff,0xf8,0x00,0x00,0x3f,0xff,0xff,0xfc,0x00,0x00,0xff,0xff,0xff,0xff,0x00,0x00,0xff,0xff,
  0xff,0xff,0x00,0x01,0xff,0xff,0xff,0xff,0x80,0x01,0xff,0xff,0xff,0xff,0x80,0x01,0xff,0xff,0xff,0xff,0x80,0x03,0xff,0xff,
  0xff,0xff,0xc0,0x03,0xfc,0x00,0x00,0x3f,0xc0,0x03,0xfc,0x00,0x00,0x3f,0xc0,0x03,0xfc,0x00,0x00,0x3f,0xc0,0x03,0xfc,0x00,
  0x00,0x3f,0xc0,0x03,0xfc,0x00,0x00,0x3f,0xc0,0x03,0xfc,0x00,0x00,0x3f,0xc0,0x03,0xfc,0x00,0x00,0x3f,0xc0,0x03,0xfc,0x00,
  0x00,0x00,0x00,0x03,0xfc,0x00,0x00,0x00,0x00,0x03,0xfc,0x00,0x00,0x00,0x00,0x03,0xfc,0x00,0x00,0x00,0x00,0x03,0xfc,0x00,
  0x00,0x00,0x00,0x03,0xfc,0x00,0x00,0x00,0x00,0x03,0xfc,0x00,0x00,0x00,0x00,0x03,0xfc,0x00,0x00,0x00,0x00,0x03,0xfc,0x00,
  0x00,0x00,0x00,0x03,0xfc,0x00,0x00,0x00,0x00,0x03,0xfc,0x00,0x00,0x00,0x00,0x03,0xfc,0x00,0x00,0x00,0x00,0x03,0xfc,0x00,
  0x00,0x3f,0xc0,0x03,0xfc,0x00,0x00,0x3f,0xc0,0x03,0xfc,0x00,0x00,0x3f,0xc0,0x03,0xfc,0x00,0x00,0x3f,0xc0,0x03,0xfc,0x00,
  0x00,0x3f,0xc0,0x03,0xfc,0x00,0x00,0x3f,0xc0,0x03,0xfc,0x00,0x00,0x3f,0xc0,0x03,0xff,0xff,0xff,0xff,0xc0,0x01,0xff,0xff,
  0xff,0xff,0x80,0x01,0xff,0xff,0xff,0xff,0x80,0x01,0xff,0xff,0xff,0xff,0x80,0x00,0xff,0xff,0xff,0xff,0x00,0x00,0xff,0xff,
  0xff,0xff,0x00,0x00,0x3f,0xff,0xff,0xfc,0x00,0x00,0x1f,0xff,0xff,0xf8,0x00,0x00,0x00,0x00,0x00,0x0f,0xe0,0x00,0x00,0x00,
  0x00,0x00,0x0f,0xe0,0x00,0x00,0x00,0x00,0x00,0x0f,0xe0,0x00,0x00,0x00,0x00,0x00,0x0f,0xe0,0x00,0x00,0x00,0x00,0x00,0x0f,
  0xe0,0x00,0x00,0x00,0x00,0x00,0x0f,0xe0,0x00,0x00,0x00,0x00,0x00,0x0f,0xe0,0x00,0x00,0x00,0x00,0x00,0x0f,0xe0,0x00,0x00,
  0x00,0x00,0x00,0x0f,0xe0,0x00,0x00,0x00,0x00,0x00,0x0f,0xe0,0x00,0x00,0x00,0x00,0x00,0x0f,0xe0,0x00,0x00,0x00,0x00,0x00,
  0x0f,0xe0,0x00,0x00,0x00,0x00,0x00,0x0f,0xe0,0x00,0x00,0x00,0x00,0x00,0x0f,0xe0,0x00,0x00,0x00,0x00,0x00,0x0f,0xe0,0x00,
  0x00,0x00,0x00,0x00,0x0f,0xe0,0x00,0x00,0x1f,0xff,0xff,0xff,0xe0,0x00,0x00,0x3f,0xff,0xff,0xff,0xe0,0x00,0x00,0xff,0xff,
  0xff,0xff,0xe0,0x00,0x00,0xff,0xff,0xff,0xff,0xe0,0x00,0x01,0xff,0xff,0xff,0xff,0xe0,0x00,0x01,0xff,0xff,0xff,0xff,0xe0,
  0x00,0x01,0xff,0xff,0xff,0xff,0xe0,0x00,0x03,0xff,0xff,0xff,0xff,0xe0,0x00,0x03,0xfc,0x00,0x00,0x0f,0xe0,0x00,0x03,0xfc,
  0x00,0x00,0x0f,0xe0,0x00,0x03,0xfc,0x00,0x00,0x0f,0xe0,0x00,0x03,0xfc,0x00,0x00,0x0f,0xe0,0x00,0x03,0xfc,0x00,0x00,0x0f,
  0xe0,0x00,0x03,0xfc,0x00,0x00,0x0f,0xe0,0x00,0x03,0xfc,0x00,0x00,0x0f,0xe0,0x00,0x03,0xfc,0x00,0x00,0x0f,0xe0,0x00,0x03,
  0xfc,0x00,0x00,0x0f,0xe0,0x00,0x03,0xfc,0x00,0x00,0x0f,0xe0,0x00,0x03,0xfc,0x00,0x00,0x0f,0xe0,0x00,0x03,0xfc,0x00,0x00,
  0x0f,0xe0,0x00,0x03,0xfc,0x00,0x00,0x0f,0xe0,0x00,0x03,0xfc,0x00,0x00,0x0f,0xe0,0x00,0x03,0xfc,0x00,0x00,0x0f,0xe0,0x00,
  0x03,0xfc,0x00,0x00,0x0f,0xe0,0x00,0x03,0xfc,0x00,0x00,0x0f,0xe0,0x00,0x03,0xfc,0x00,0x00,0x0f,0xe0,0x00,0x03,0xfc,0x00,
  0x00,0x0f,0xe0,0x00,0x03,0xfc,0x00,0x00,0x0f,0xe0,0x00,0x03,0xfc,0x00,0x00,0x0f,0xe0,0x00,0x03,0xfc,0x00,0x00,0x0f,0xe0,
  0x00,0x03,0xfc,0x00,0x00,0x0f,0xe0,0x00,0x03,0xfc,0x00,0x00,0x0f,0xe0,0x00,0x03,0xfc,0x00,0x00,0x0f,0xe0,0x00,0x03,0xfc,
  0x00,0x00,0x0f,0xe0,0x00,0x03,0xff,0xff,0xff,0xff,0xe0,0x00,0x01,0xff,0xff,0xff,0xff,0xe0,0x00,0x01,0xff,0xff,0xff,0xff,
  0xe0,0x00,0x01,0xff,0xff,0xff,0xef,0xe0,0x00,0x00,0xff,0xff,0xff,0xcf,0xe0,0x00,0x00,0xff,0xff,0xff,0x8f,0xe0,0x00,0x00,
  0x3f,0xff,0xff,0x0f,0xe0,0x00,0x00,0x1f,0xff,0xfc,0x0f,0xe0,0x00,0x00,0x1f,0xff,0xff,0xf8,0x00,0x00,0x3f,0xff,0xff,0xfc,
  0x00,0x00,0xff,0xff,0xff,0xff,0x00,0x00,0xff,0xff,0xff,0xff,0x00,0x01,0xff,0xff,0xff,0xff,0x80,0x01,0xff,0xff,0xff,0xff,
  0x80,0x01,0xff,0xff,0xff,0xff,0x80,0x03,0xff,0xff,0xff,0xff,0xc0,0x03,0xfc,0x00,0x00,0x3f,0xc0,0x03,0xfc,0x00,0x00,0x3f,
  0xc0,0x03,0xfc,0x00,0x00,0x3f,0xc0,0x03,0xfc,0x00,0x00,0x3f,0xc0,0x03,0xfc,0x00,0x00,0x3f,0xc0,0x03,0xfc,0x00,0x00,0x3f,
  0xc0,0x03,0xfc,0x00,0x00,0x3f,0xc0,0x03,0xfc,0x00,0x00,0x3f,0xc0,0x03,0xfc,0x00,0x00,0x3f,0xc0,0x03,0xff,0xff,0xff,0xff,
  0xc0,0x03,0xff,0xff,0xff,0xff,0xc0,0x03,0xff,0xff,0xff,0xff,0xc0,0x03,0xff,0xff,0xff,0xff,0xc0,0x03,0xff,0xff,0xff,0xff,
  0xc0,0x03,0xff,0xff,0xff,0xff,0xc0,0x03,0xff,0xff,0xff,0xff,0xc0,0x03,0xff,0xff,0xff,0xff,0xc0,0x03,0xfc,0x00,0x00,0x00,
  0x00,0x03,0xfc,0x00,0x00,0x00,0x00,0x03,0xfc,0x00,0x00,0x00,0x00,0x03,0xfc,0x00,0x00,0x00,0x00,0x03,0xfc,0x00,0x00,0x00,
  0x00,0x03,0xfc,0x00,0x00,0x00,0x00,0x03,0xfc,0x00,0x00,0x00,0x00,0x03,0xfc,0x00,0x00,0x00,0x00,0x03,0xfc,0x00,0x00,0x00,
  0x00,0x03,0xff,0xff,0xff,0xff,0xc0,0x01,0xff,0xff,0xff,0xff,0xc0,0x01,0xff,0xff,0xff,0xff,0xc0,0x01,0xff,0xff,0xff,0xff,
  0xc0,0x00,0xff,0xff,0xff,0xff,0xc0,0x00,0xff,0xff,0xff,0xff,0xc0,0x00,0x3f,0xff,0xff,0xff,0xc0,0x00,0x1f,0xff,0xff,0xff,
  0xc0,0x00,0x00,0x1f,0xff,0xf0,0x00,0x00,0x7f,0xff,0xf0,0x00,0x00,0xff,0xff,0xf0,0x00,0x01,0xff,0xff,0xf0,0x00,0x01,0xff,
  0xff,0xf0,0x00,0x03,0xff,0xff,0xf0,0x00,0x03,0xff,0xff,0xf0,0x00,0x03,0xff,0xff,0xf0,0x00,0x03,0xfc,0x00,0x00,0x00,0x03,
  0xfc,0x00,0x00,0x00,0x03,0xfc,0x00,0x00,0x00,0x03,0xfc,0x00,0x00,0x00,0x03,0xfc,0x00,0x00,0x00,0x03,0xfc,0x00,0x00,0x00,
  0x03,0xfc,0x00,0x00,0x00,0x03,0xfc,0x00,0x00,0x0f,0xff,0xff,0xff,0xf0,0x0f,0xff,0xff,0xff,0xf0,0x0f,0xff,0xff,0xff,0xf0,
  0x0f,0xff,0xff,0xff,0xf0,0x0f,0xff,0xff,0xff,0xf0,0x0f,0xff,0xff,0xff,0xf0,0x0f,0xff,0xff,0xff,0xf0,0x0f,0xff,0xff,0xff,
  0xf0,0x00,0x03,0xfc,0x00,0x00,0x00,0x03,0xfc,0x00,0x00,0x00,0x03,0xfc,0x00,0x00,0x00,0x03,0xfc,0x00,0x00,0x00,0x03,0xfc,
  0x00,0x00,0x00,0x03,0xfc,0x00,0x00,0x00,0x03,0xfc,0x00,0x00,0x00,0x03,0xfc,0x00,0x00,0x00,0x03,0xfc,0x00,0x00,0x00,0x03,
  0xfc,0x00,0x00,0x00,0x03,0xfc,0x00,0x00,0x00,0x03,0xfc,0x00,0x00,0x00,0x03,0xfc,0x00,0x00,0x00,0x03,0xfc,0x00,0x00,0x00,
  0x03,0xfc,0x00,0x00,0x00,0x03,0xfc,0x00,0x00,0x00,0x03,0xfc,0x00,0x00,0x00,0x03,0xfc,0x00,0x00,0x00,0x03,0xfc,0x00,0x00,
  0x00,0x03,0xfc,0x00,0x00,0x00,0x03,0xfc,0x00,0x00,0x00,0x03,0xfc,0x00,0x00,0x00,0x03,0xfc,0x00,0x00,0x00,0x03,0xfc,0x00,
  0x00,0x00,0x03,0xfc,0x00,0x00,0x00,0x03,0xfc,0x00,0x00,0x00,0x03,0xfc,0x00,0x00,0x00,0x03,0xfc,0x00,0x00,0x00,0x03,0xfc,
  0x00,0x00,0x00,0x03,0xfc,0x00,0x00,0x00,0x03,0xfc,0x00,0x00,0x00,0x03,0xfc,0x00,0x00,0x00,0x03,0xfc,0x00,0x00,0x00,0x03,
  0xfc,0x00,0x00,0x00,0x1f,0xff,0xfc,0x0f,0xe0,0x00,0x00,0x3f,0xff,0xff,0x0f,0xe0,0x00,0x00,0x7f,0xff,0xff,0x8f,0xe0,0x00,
  0x00,0xff,0xff,0xff,0xcf,0xe0,0x00,0x01,0xff,0xff,0xff,0xef,0xe0,0x00,0x01,0xff,0xff,0xff,0xff,0xe0,0x00,0x01,0xff,0xff,
  0xff,0xff,0xe0,0x00,0x03,0xff,0xff,0xff,0xff,0xe0,0x00,0x03,0xfc,0x00,0x00,0x0f,0xe0,0x00,0x03,0xfc,0x00,0x00,0x0f,0xe0,
  0x00,0x03,0xfc,0x00,0x00,0x0f,0xe0,0x00,0x03,0xfc,0x00,0x00,0x0f,0xe0,0x00,0x03,0xfc,0x00,0x00,0x0f,0xe0,0x00,0x03,0xfc,
  0x00,0x00,0x0f,0xe0,0x00,0x03,0xfc,0x00,0x00,0x0f,0xe0,0x00,0x03,0xfc,0x00,0x00,0x0f,0xe0,0x00,0x03,0xfc,0x00,0x00,0x0f,
  0xe0,0x00,0x03,0xfc,0x00,0x00,0x0f,0xe0,0x00,0x03,0xfc,0x00,0x00,0x0f,0xe0,0x00,0x03,0xfc,0x00,0x00,0x0f,0xe0,0x00,0x03,
  0xfc,0x00,0x00,0x0f,0xe0,0x00,0x03,0xfc,0x00,0x00,0x0f,0xe0,0x00,0x03,0xfc,0x00,0x00,0x0f,0xe0,0x00,0x03,0xfc,0x00,0x00,
  0x0f,0xe0,0x00,0x03,0xfc,0x00,0x00,0x0f,0xe0,0x00,0x03,0xfc,0x00,0x00,0x0f,0xe0,0x00,0x03,0xfc,0x00,0x00,0x0f,0xe0,0x00,
  0x03,0xfc,0x00,0x00,0x0f,0xe0,0x00,0x03,0xfc,0x00,0x00,0x0f,0xe0,0x00,0x03,0xfc,0x00,0x00,0x0f,0xe0,0x00,0x03,0xfc,0x00,
  0x00,0x0f,0xe0,0x00,0x03,0xfc,0x00,0x00,0x0f,0xe0,0x00,0x03,0xfc,0x00,0x00,0x0f,0xe0,0x00,0x03,0xff,0xff,0xff,0xff,0xe0,
  0x00,0x01,0xff,0xff,0xff,0xff,0xe0,0x00,0x01,0xff,0xff,0xff,0xff,0xe0,0x00,0x01,0xff,0xff,0xff,0xff,0xe0,0x00,0x00,0xff,
  0xff,0xff,0xff,0xe0,0x00,0x00,0x7f,0xff,0xff,0xff,0xe0,0x00,0x00,0x3f,0xff,0xff,0xff,0xe0,0x00,0x00,0x1f,0xff,0xff,0xff,
  0xe0,0x00,0x00,0x00,0x00,0x00,0x0f,0xe0,0x00,0x00,0x00,0x00,0x00,0x0f,0xe0,0x00,0x00,0x00,0x00,0x00,0x0f,0xe0,0x00,0x00,
  0x00,0x00,0x00,0x0f,0xe0,0x00,0x00,0x00,0x00,0x00,0x0f,0xe0,0x00,0x00,0x00,0x00,0x00,0x0f,0xe0,0x00,0x00,0x00,0x00,0x00,
  0x0f,0xe0,0x00,0x00,0x00,0x00,0x00,0x0f,0xe0,0x00,0x00,0x00,0x00,0x00,0x0f,0xe0,0x00,0x00,0x00,0x00,0x00,0x0f,0xe0,0x00,
  0x00,0x1f,0xff,0xff,0xff,0xe0,0x00,0x00,0x1f,0xff,0xff,0xff,0xe0,0x00,0x00,0x1f,0xff,0xff,0xff,0xe0,0x00,0x00,0x1f,0xff,
  0xff,0xff,0xc0,0x00,0x00,0x1f,0xff,0xff,0xff,0xc0,0x00,0x00,0x1f,0xff,0xff,0xff,0x80,0x00,0x00,0x1f,0xff,0xff,0xff,0x00,
  0x00,0x00,0x1f,0xff,0xff,0xfc,0x00,0x00,0x03,0xfc,0x00,0x00,0x00,0x00,0x00,0x03,0xfc,0x00,0x00,0x00,0x00,0x00,0x03,0xfc,
  0x00,0x00,0x00,0x00,0x00,0x03,0xfc,0x00,0x00,0x00,0x00,0x00,0x03,0xfc,0x00,0x00,0x00,0x00,0x00,0x03,0xfc,0x00,0x00,0x00,
  0x00,0x00,0x03,0xfc,0x00,0x00,0x00,0x00,0x00,0x03,0xfc,0x00,0x00,0x00,0x00,0x00,0x03,0xfc,0x00,0x00,0x00,0x00,0x00,0x03,
  0xfc,0x00,0x00,0x00,0x00,0x00,0x03,0xfc,0x00,0x00,0x00,0x00,0x00,0x03,0xfc,0x00,0x00,0x00,0x00,0x00,0x03,0xfc,0x00,0x00,
  0x00,0x00,0x00,0x03,0xfc,0x00,0x00,0x00,0x00,0x00,0x03,0xfc,0x00,0x00,0x00,0x00,0x00,0x03,0xfc,0x00,0x00,0x00,0x00,0x00,
  0x03,0xfc,0x1f,0xff,0xfc,0x00,0x00,0x03,0xfc,0x7f,0xff,0xff,0x00,0x00,0x03,0xfc,0xff,0xff,0xff,0x80,0x00,0x03,0xfd,0xff,
  0xff,0xff,0xc0,0x00,0x03,0xfd,0xff,0xff,0xff,0xc0,0x00,0x03,0xff,0xff,0xff,0xff,0xe0,0x00,0x03,0xff,0xff,0xff,0xff,0xe0,
  0x00,0x03,0xff,0xff,0xff,0xff,0xe0,0x00,0x03,0xfc,0x00,0x00,0x0f,0xe0,0x00,0x03,0xfc,0x00,0x00,0x0f,0xe0,0x00,0x03,0xfc,
  0x00,0x00,0x0f,0xe0,0x00,0x03,0xfc,0x00,0x00,0x0f,0xe0,0x00,0x03,0xfc,0x00,0x00,0x0f,0xe0,0x00,0x03,0xfc,0x00,0x00,0x0f,
  0xe0,0x00,0x03,0xfc,0x00,0x00,0x0f,0xe0,0x00,0x03,0xfc,0x00,0x00,0x0f,0xe0,0x00,0x03,0xfc,0x00,0x00,0x0f,0xe0,0x00,0x03,
  0xfc,0x00,0x00,0x0f,0xe0,0x00,0x03,0xfc,0x00,0x00,0x0f,0xe0,0x00,0x03,0xfc,0x00,0x00,0x0f,0xe0,0x00,0x03,0xfc,0x00,0x00,
  0x0f,0xe0,0x00,0x03,0xfc,0x00,0x00,0x0f,0xe0,0x00,0x03,0xfc,0x00,0x00,0x0f,0xe0,0x00,0x03,0xfc,0x00,0x00,0x0f,0xe0,0x00,
  0x03,0xfc,0x00,0x00,0x0f,0xe0,0x00,0x03,0xfc,0x00,0x00,0x0f,0xe0,0x00,0x03,0xfc,0x00,0x00,0x0f,0xe0,0x00,0x03,0xfc,0x00,
  0x00,0x0f,0xe0,0x00,0x03,0xfc,0x00,0x00,0x0f,0xe0,0x00,0x03,0xfc,0x00,0x00,0x0f,0xe0,0x00,0x03,0xfc,0x00,0x00,0x0f,0xe0,
  0x00,0x03,0xfc,0x00,0x00,0x0f,0xe0,0x00,0x03,0xfc,0x00,0x00,0x0f,0xe0,0x00,0x03,0xfc,0x00,0x00,0x0f,0xe0,0x00,0x03,0xfc,
  0x00,0x00,0x0f,0xe0,0x00,0x03,0xfc,0x00,0x00,0x0f,0xe0,0x00,0x03,0xfc,0x00,0x00,0x0f,0xe0,0x00,0x03,0xfc,0x00,0x00,0x0f,
  0xe0,0x00,0x03,0xfc,0x00,0x00,0x0f,0xe0,0x00,0x03,0xfc,0x00,0x00,0x0f,0xe0,0x00,0x03,0xfc,0x00,0x00,0x0f,0xe0,0x00,0x03,
  0xfc,0x00,0x00,0x0f,0xe0,0x00,0x03,0xfe,0x00,0x03,0xfe,0x00,0x03,0xfe,0x00,0x03,0xfe,0x00,0x03,0xfe,0x00,0x03,0xfe,0x00,
  0x03,0xfe,0x00,0x03,0xfe,0x00,0x00,0x00,0x00,0x00,0x00,0x00,0x00,0x00,0x00,0x00,0x00,0x00,0x00,0x00,0x00,0x00,0x00,0x00,
  0x00,0x00,0x00,0x00,0x00,0x00,0x01,0xfc,0x00,0x01,0xfe,0x00,0x01,0xfe,0x00,0x01,0xfe,0x00,0x01,0xfe,0x00,0x01,0xfe,0x00,
  0x01,0xfe,0x00,0x01,0xfe,0x00,0x01,0xfe,0x00,0x01,0xfe,0x00,0x01,0xfe,0x00,0x01,0xfe,0x00,0x01,0xfe,0x00,0x01,0xfe,0x00,
  0x01,0xfe,0x00,0x01,0xfe,0x00,0x01,0xfe,0x00,0x01,0xfe,0x00,0x01,0xfe,0x00,0x01,0xfe,0x00,0x01,0xfe,0x00,0x01,0xfe,0x00,
  0x01,0xfe,0x00,0x01,0xfe,0x00,0x01,0xfe,0x00,0x01,0xfe,0x00,0x01,0xfe,0x00,0x01,0xfe,0x00,0x01,0xfe,0x00,0x01,0xfe,0x00,
  0x01,0xfe,0x00,0x01,0xfe,0x00,0x01,0xfe,0x00,0x01,0xfe,0x00,0x01,0xfe,0x00,0x01,0xfe,0x00,0x01,0xfe,0x00,0x01,0xfe,0x00,
  0x01,0xfe,0x00,0x01,0xfe,0x00,0x01,0xfe,0x00,0x01,0xfe,0x00,0x03,0xfe,0x00,0x03,0xfe,0x00,0x03,0xfe,0x00,0x03,0xfe,0x00,
  0x03,0xfe,0x00,0x03,0xfe,0x00,0x03,0xfe,0x00,0x03,0xfe,0x00,0x00,0x00,0x00,0x00,0x00,0x00,0x00,0x00,0x00,0x00,0x00,0x00,
  0x00,0x00,0x00,0x00,0x00,0x00,0x00,0x00,0x00,0x00,0x00,0x00,0x01,0xfc,0x00,0x01,0xfe,0x00,0x01,0xfe,0x00,0x01,0xfe,0x00,
  0x01,0xfe,0x00,0x01,0xfe,0x00,0x01,0xfe,0x00,0x01,0xfe,0x00,0x01,0xfe,0x00,0x01,0xfe,0x00,0x01,0xfe,0x00,0x01,0xfe,0x00,
  0x01,0xfe,0x00,0x01,0xfe,0x00,0x01,0xfe,0x00,0x01,0xfe,0x00,0x01,0xfe,0x00,0x01,0xfe,0x00,0x01,0xfe,0x00,0x01,0xfe,0x00,
  0x01,0xfe,0x00,0x01,0xfe,0x00,0x01,0xfe,0x00,0x01,0xfe,0x00,0x01,0xfe,0x00,0x01,0xfe,0x00,0x01,0xfe,0x00,0x01,0xfe,0x00,
  0x01,0xfe,0x00,0x01,0xfe,0x00,0x01,0xfe,0x00,0x01,0xfe,0x00,0x01,0xfe,0x00,0x01,0xfe,0x00,0x01,0xfe,0x00,0x01,0xfe,0x00,
  0x01,0xfe,0x00,0x01,0xfe,0x00,0x01,0xfe,0x00,0x01,0xfe,0x00,0x01,0xfe,0x00,0x01,0xfe,0x00,0x01,0xfe,0x00,0x01,0xfe,0x00,
  0x01,0xfe,0x00,0x01,0xfe,0x00,0x01,0xfe,0x00,0x01,0xfe,0x00,0x01,0xfe,0x00,0x01,0xfe,0x00,0x01,0xfe,0x00,0x7f,0xfc,0x00,
  0x7f,0xfc,0x00,0x7f,0xfc,0x00,0x7f,0xfc,0x00,0x7f,0xf8,0x00,0x7f,0xf0,0x00,0x7f,0xe0,0x00,0x7f,0x80,0x00,0x03,0xfc,0x00,
  0x00,0x00,0x00,0x03,0xfc,0x00,0x00,0x00,0x00,0x03,0xfc,0x00,0x00,0x00,0x00,0x03,0xfc,0x00,0x00,0x00,0x00,0x03,0xfc,0x00,
  0x00,0x00,0x00,0x03,0xfc,0x00,0x00,0x00,0x00,0x03,0xfc,0x00,0x00,0x00,0x00,0x03,0xfc,0x00,0x00,0x00,0x00,0x03,0xfc,0x00,
  0x00,0x00,0x00,0x03,0xfc,0x00,0x00,0x00,0x00,0x03,0xfc,0x00,0x00,0x00,0x00,0x03,0xfc,0x00,0x00,0x00,0x00,0x03,0xfc,0x00,
  0x00,0x00,0x00,0x03,0xfc,0x00,0x00,0x00,0x00,0x03,0xfc,0x00,0x00,0x00,0x00,0x03,0xfc,0x00,0x00,0x00,0x00,0x03,0xfc,0x00,
  0x00,0xff,0xe0,0x03,0xfc,0x00,0x01,0xff,0xc0,0x03,0xfc,0x00,0x03,0xff,0x80,0x03,0xfc,0x00,0x07,0xfe,0x00,0x03,0xfc,0x00,
  0x1f,0xfc,0x00,0x03,0xfc,0x00,0x3f,0xf8,0x00,0x03,0xfc,0x00,0x7f,0xf0,0x00,0x03,0xfc,0x00,0xff,0xe0,0x00,0x03,0xfc,0x01,
  0xff,0xc0,0x00,0x03,0xfc,0x03,0xff,0x80,0x00,0x03,0xfc,0x07,0xff,0x00,0x00,0x03,0xfc,0x0f,0xfe,0x00,0x00,0x03,0xfc,0x1f,
  0xf8,0x00,0x00,0x03,0xfc,0x3f,0xf0,0x00,0x00,0x03,0xfc,0xff,0xe0,0x00,0x00,0x03,0xfd,0xff,0xc0,0x00,0x00,0x03,0xff,0xff,
  0x80,0x00,0x00,0x03,0xff,0xff,0x00,0x00,0x00,0x03,0xff,0xfe,0x00,0x00,0x00,0x03,0xff,0xfc,0x00,0x00,0x00,0x03,0xff,0xf8,
  0x00,0x00,0x00,0x03,0xff,0xfc,0x00,0x00,0x00,0x03,0xff,0xfe,0x00,0x00,0x00,0x03,0xff,0xff,0x00,0x00,0x00,0x03,0xff,0xff,
  0x80,0x00,0x00,0x03,0xfc,0xff,0xc0,0x00,0x00,0x03,0xfc,0x7f,0xf0,0x00,0x00,0x03,0xfc,0x3f,0xf8,0x00,0x00,0x03,0xfc,0x1f,
  0xfc,0x00,0x00,0x03,0xfc,0x0f,0xfe,0x00,0x00,0x03,0xfc,0x07,0xff,0x00,0x00,0x03,0xfc,0x03,0xff,0x80,0x00,0x03,0xfc,0x01,
  0xff,0xc0,0x00,0x03,0xfc,0x00,0xff,0xe0,0x00,0x03,0xfc,0x00,0x3f,0xf0,0x00,0x03,0xfc,0x00,0x1f,0xfc,0x00,0x03,0xfc,0x00,
  0x0f,0xfe,0x00,0x03,0xfc,0x00,0x07,0xff,0x00,0x03,0xfc,0x00,0x03,0xff,0x80,0x03,0xfc,0x00,0x01,0xff,0xc0,0x03,0xfc,0x00,
  0x00,0xff,0xe0,0x03,0xfc,0x00,0x00,0x7f,0xf0,0x03,0xfc,0x00,0x03,0xfc,0x00,0x03,0xfc,0x00,0x03,0xfc,0x00,0x03,0xfc,0x00,
  0x03,0xfc,0x00,0x03,0xfc,0x00,0x03,0xfc,0x00,0x03,0xfc,0x00,0x03,0xfc,0x00,0x03,0xfc,0x00,0x03,0xfc,0x00,0x03,0xfc,0x00,
  0x03,0xfc,0x00,0x03,0xfc,0x00,0x03,0xfc,0x00,0x03,0xfc,0x00,0x03,0xfc,0x00,0x03,0xfc,0x00,0x03,0xfc,0x00,0x03,0xfc,0x00,
  0x03,0xfc,0x00,0x03,0xfc,0x00,0x03,0xfc,0x00,0x03,0xfc,0x00,0x03,0xfc,0x00,0x03,0xfc,0x00,0x03,0xfc,0x00,0x03,0xfc,0x00,
  0x03,0xfc,0x00,0x03,0xfc,0x00,0x03,0xfc,0x00,0x03,0xfc,0x00,0x03,0xfc,0x00,0x03,0xfc,0x00,0x03,0xfc,0x00,0x03,0xfc,0x00,
  0x03,0xfc,0x00,0x03,0xfc,0x00,0x03,0xfc,0x00,0x03,0xfc,0x00,0x03,0xfc,0x00,0x03,0xfc,0x00,0x03,0xfc,0x00,0x03,0xfc,0x00,
  0x03,0xfc,0x00,0x03,0xfc,0x00,0x03,0xfc,0x00,0x03,0xfc,0x00,0x03,0xfc,0x00,0x03,0xfc,0x00,0x03,0xfc,0x00,0x03,0xfc,0x00,
  0x03,0xfc,0x00,0x03,0xfc,0x00,0x03,0xfc,0x00,0x03,0xfc,0x00,0x03,0xfc,0x00,0x03,0xfc,0x1f,0xff,0xc0,0x0f,0xff,0xf0,0x00,
  0x03,0xfc,0x7f,0xff,0xf0,0x1f,0xff,0xf8,0x00,0x03,0xfc,0xff,0xff,0xf8,0x7f,0xff,0xfe,0x00,0x03,0xfd,0xff,0xff,0xfc,0x7f,
  0xff,0xfe,0x00,0x03,0xfd,0xff,0xff,0xfe,0xff,0xff,0xff,0x00,0x03,0xff,0xff,0xff,0xfe,0xff,0xff,0xff,0x00,0x03,0xff,0xff,
  0xff,0xff,0xff,0xff,0xff,0x80,0x03,0xff,0xff,0xff,0xff,0xff,0xff,0xff,0x80,0x03,0xfc,0x00,0x00,0xfe,0x00,0x00,0x7f,0x80,
  0x03,0xfc,0x00,0x00,0xfe,0x00,0x00,0x7f,0x80,0x03,0xfc,0x00,0x00,0xfe,0x00,0x00,0x7f,0x80,0x03,0xfc,0x00,0x00,0xfe,0x00,
  0x00,0x7f,0x80,0x03,0xfc,0x00,0x00,0xfe,0x00,0x00,0x7f,0x80,0x03,0xfc,0x00,0x00,0xfe,0x00,0x00,0x7f,0x80,0x03,0xfc,0x00,
  0x00,0xfe,0x00,0x00,0x7f,0x80,0x03,0xfc,0x00,0x00,0xfe,0x00,0x00,0x7f,0x80,0x03,0xfc,0x00,0x00,0xfe,0x00,0x00,0x7f,0x80,
  0x03,0xfc,0x00,0x00,0xfe,0x00,0x00,0x7f,0x80,0x03,0xfc,0x00,0x00,0xfe,0x00,0x00,0x7f,0x80,0x03,0xfc,0x00,0x00,0xfe,0x00,
  0x00,0x7f,0x80,0x03,0xfc,0x00,0x00,0xfe,0x00,0x00,0x7f,0x80,0x03,0xfc,0x00,0x00,0xfe,0x00,0x00,0x7f,0x80,0x03,0xfc,0x00,
  0x00,0xfe,0x00,0x00,0x7f,0x80,0x03,0xfc,0x00,0x00,0xfe,0x00,0x00,0x7f,0x80,0x03,0xfc,0x00,0x00,0xfe,0x00,0x00,0x7f,0x80,
  0x03,0xfc,0x00,0x00,0xfe,0x00,0x00,0x7f,0x80,0x03,0xfc,0x00,0x00,0xfe,0x00,0x00,0x7f,0x80,0x03,0xfc,0x00,0x00,0xfe,0x00,
  0x00,0x7f,0x80,0x03,0xfc,0x00,0x00,0xfe,0x00,0x00,0x7f,0x80,0x03,0xfc,0x00,0x00,0xfe,0x00,0x00,0x7f,0x80,0x03,0xfc,0x00,
  0x00,0xfe,0x00,0x00,0x7f,0x80,0x03,0xfc,0x00,0x00,0xfe,0x00,0x00,0x7f,0x80,0x03,0xfc,0x00,0x00,0xfe,0x00,0x00,0x7f,0x80,
  0x03,0xfc,0x00,0x00,0xfe,0x00,0x00,0x7f,0x80,0x03,0xfc,0x00,0x00,0xfe,0x00,0x00,0x7f,0x80,0x03,0xfc,0x00,0x00,0xfe,0x00,
  0x00,0x7f,0x80,0x03,0xfc,0x00,0x00,0xfe,0x00,0x00,0x7f,0x80,0x03,0xfc,0x00,0x00,0xfe,0x00,0x00,0x7f,0x80,0x03,0xfc,0x00,
  0x00,0xfe,0x00,0x00,0x7f,0x80,0x03,0xfc,0x00,0x00,0xfe,0x00,0x00,0x7f,0x80,0x03,0xfc,0x00,0x00,0xfe,0x00,0x00,0x7f,0x80,
  0x03,0xfc,0x00,0x00,0xfe,0x00,0x00,0x7f,0x80,0x03,0xfc,0x1f,0xff,0xfc,0x00,0x00,0x03,0xfc,0x7f,0xff,0xff,0x00,0x00,0x03,
  0xfc,0xff,0xff,0xff,0x80,0x00,0x03,0xfd,0xff,0xff,0xff,0xc0,0x00,0x03,0xfd,0xff,0xff,0xff,0xc0,0x00,0x03,0xff,0xff,0xff,
  0xff,0xe0,0x00,0x03,0xff,0xff,0xff,0xff,0xe0,0x00,0x03,0xff,0xff,0xff,0xff,0xe0,0x00,0x03,0xfc,0x00,0x00,0x0f,0xe0,0x00,
  0x03,0xfc,0x00,0x00,0x0f,0xe0,0x00,0x03,0xfc,0x00,0x00,0x0f,0xe0,0x00,0x03,0xfc,0x00,0x00,0x0f,0xe0,0x00,0x03,0xfc,0x00,
  0x00,0x0f,0xe0,0x00,0x03,0xfc,0x00,0x00,0x0f,0xe0,0x00,0x03,0xfc,0x00,0x00,0x0f,0xe0,0x00,0x03,0xfc,0x00,0x00,0x0f,0xe0,
  0x00,0x03,0xfc,0x00,0x00,0x0f,0xe0,0x00,0x03,0xfc,0x00,0x00,0x0f,0xe0,0x00,0x03,0xfc,0x00,0x00,0x0f,0xe0,0x00,0x03,0xfc,
  0x00,0x00,0x0f,0xe0,0x00,0x03,0xfc,0x00,0x00,0x0f,0xe0,0x00,0x03,0xfc,0x00,0x00,0x0f,0xe0,0x00,0x03,0xfc,0x00,0x00,0x0f,
  0xe0,0x00,0x03,0xfc,0x00,0x00,0x0f,0xe0,0x00,0x03,0xfc,0x00,0x00,0x0f,0xe0,0x00,0x03,0xfc,0x00,0x00,0x0f,0xe0,0x00,0x03,
  0xfc,0x00,0x00,0x0f,0xe0,0x00,0x03,0xfc,0x00,0x00,0x0f,0xe0,0x00,0x03,0xfc,0x00,0x00,0x0f,0xe0,0x00,0x03,0xfc,0x00,0x00,
  0x0f,0xe0,0x00,0x03,0xfc,0x00,0x00,0x0f,0xe0,0x00,0x03,0xfc,0x00,0x00,0x0f,0xe0,0x00,0x03,0xfc,0x00,0x00,0x0f,0xe0,0x00,
  0x03,0xfc,0x00,0x00,0x0f,0xe0,0x00,0x03,0xfc,0x00,0x00,0x0f,0xe0,0x00,0x03,0xfc,0x00,0x00,0x0f,0xe0,0x00,0x03,0xfc,0x00,
  0x00,0x0f,0xe0,0x00,0x03,0xfc,0x00,0x00,0x0f,0xe0,0x00,0x03,0xfc,0x00,0x00,0x0f,0xe0,0x00,0x03,0xfc,0x00,0x00,0x0f,0xe0,
  0x00,0x03,0xfc,0x00,0x00,0x0f,0xe0,0x00,0x03,0xfc,0x00,0x00,0x0f,0xe0,0x00,0x00,0x1f,0xff,0xff,0xf8,0x00,0x00,0x00,0x3f,
  0xff,0xff,0xfe,0x00,0x00,0x00,0xff,0xff,0xff,0xff,0x00,0x00,0x00,0xff,0xff,0xff,0xff,0x80,0x00,0x01,0xff,0xff,0xff,0xff,
  0xc0,0x00,0x01,0xff,0xff,0xff,0xff,0xc0,0x00,0x01,0xff,0xff,0xff,0xff,0xc0,0x00,0x03,0xff,0xff,0xff,0xff,0xc0,0x00,0x03,
  0xfc,0x00,0x00,0x1f,0xc0,0x00,0x03,0xfc,0x00,0x00,0x1f,0xc0,0x00,0x03,0xfc,0x00,0x00,0x1f,0xc0,0x00,0x03,0xfc,0x00,0x00,
  0x1f,0xc0,0x00,0x03,0xfc,0x00,0x00,0x1f,0xc0,0x00,0x03,0xfc,0x00,0x00,0x1f,0xc0,0x00,0x03,0xfc,0x00,0x00,0x1f,0xc0,0x00,
  0x03,0xfc,0x00,0x00,0x1f,0xc0,0x00,0x03,0xfc,0x00,0x00,0x1f,0xc0,0x00,0x03,0xfc,0x00,0x00,0x1f,0xc0,0x00,0x03,0xfc,0x00,
  0x00,0x1f,0xc0,0x00,0x03,0xfc,0x00,0x00,0x1f,0xc0,0x00,0x03,0xfc,0x00,0x00,0x1f,0xc0,0x00,0x03,0xfc,0x00,0x00,0x1f,0xc0,
  0x00,0x03,0xfc,0x00,0x00,0x1f,0xc0,0x00,0x03,0xfc,0x00,0x00,0x1f,0xc0,0x00,0x03,0xfc,0x00,0x00,0x1f,0xc0,0x00,0x03,0xfc,
  0x00,0x00,0x1f,0xc0,0x00,0x03,0xfc,0x00,0x00,0x1f,0xc0,0x00,0x03,0xfc,0x00,0x00,0x1f,0xc0,0x00,0x03,0xfc,0x00,0x00,0x1f,
  0xc0,0x00,0x03,0xfc,0x00,0x00,0x1f,0xc0,0x00,0x03,0xfc,0x00,0x00,0x1f,0xc0,0x00,0x03,0xfc,0x00,0x00,0x1f,0xc0,0x00,0x03,
  0xfc,0x00,0x00,0x1f,0xc0,0x00,0x03,0xfc,0x00,0x00,0x1f,0xc0,0x00,0x03,0xff,0xff,0xff,0xff,0xc0,0x00,0x01,0xff,0xff,0xff,
  0xff,0xc0,0x00,0x01,0xff,0xff,0xff,0xff,0xc0,0x00,0x01,0xff,0xff,0xff,0xff,0xc0,0x00,0x00,0xff,0xff,0xff,0xff,0x80,0x00,
  0x00,0xff,0xff,0xff,0xff,0x00,0x00,0x00,0x3f,0xff,0xff,0xfe,0x00,0x00,0x00,0x1f,0xff,0xff,0xf8,0x00,0x00,0x03,0xfc,0x1f,
  0xff,0xfc,0x00,0x00,0x03,0xfc,0x7f,0xff,0xff,0x00,0x00,0x03,0xfc,0xff,0xff,0xff,0x80,0x00,0x03,0xfd,0xff,0xff,0xff,0xc0,
  0x00,0x03,0xfd,0xff,0xff,0xff,0xc0,0x00,0x03,0xff,0xff,0xff,0xff,0xe0,0x00,0x03,0xff,0xff,0xff,0xff,0xe0,0x00,0x03,0xff,
  0xff,0xff,0xff,0xe0,0x00,0x03,0xfc,0x00,0x00,0x0f,0xe0,0x00,0x03,0xfc,0x00,0x00,0x0f,0xe0,0x00,0x03,0xfc,0x00,0x00,0x0f,
  0xe0,0x00,0x03,0xfc,0x00,0x00,0x0f,0xe0,0x00,0x03,0xfc,0x00,0x00,0x0f,0xe0,0x00,0x03,0xfc,0x00,0x00,0x0f,0xe0,0x00,0x03,
  0xfc,0x00,0x00,0x0f,0xe0,0x00,0x03,0xfc,0x00,0x00,0x0f,0xe0,0x00,0x03,0xfc,0x00,0x00,0x0f,0xe0,0x00,0x03,0xfc,0x00,0x00,
  0x0f,0xe0,0x00,0x03,0xfc,0x00,0x00,0x0f,0xe0,0x00,0x03,0xfc,0x00,0x00,0x0f,0xe0,0x00,0x03,0xfc,0x00,0x00,0x0f,0xe0,0x00,
  0x03,0xfc,0x00,0x00,0x0f,0xe0,0x00,0x03,0xfc,0x00,0x00,0x0f,0xe0,0x00,0x03,0xfc,0x00,0x00,0x0f,0xe0,0x00,0x03,0xfc,0x00,
  0x00,0x0f,0xe0,0x00,0x03,0xfc,0x00,0x00,0x0f,0xe0,0x00,0x03,0xfc,0x00,0x00,0x0f,0xe0,0x00,0x03,0xfc,0x00,0x00,0x0f,0xe0,
  0x00,0x03,0xfc,0x00,0x00,0x0f,0xe0,0x00,0x03,0xfc,0x00,0x00,0x0f,0xe0,0x00,0x03,0xfc,0x00,0x00,0x0f,0xe0,0x00,0x03,0xfc,
  0x00,0x00,0x0f,0xe0,0x00,0x03,0xfc,0x00,0x00,0x0f,0xe0,0x00,0x03,0xfc,0x00,0x00,0x0f,0xe0,0x00,0x03,0xff,0xff,0xff,0xff,
  0xe0,0x00,0x03,0xff,0xff,0xff,0xff,0xe0,0x00,0x03,0xff,0xff,0xff,0xff,0xe0,0x00,0x03,0xff,0xff,0xff,0xff,0xc0,0x00,0x03,
  0xff,0xff,0xff,0xff,0xc0,0x00,0x03,0xff,0xff,0xff,0xff,0x80,0x00,0x03,0xff,0xff,0xff,0xff,0x00,0x00,0x03,0xff,0xff,0xff,
  0xfc,0x00,0x00,0x03,0xfc,0x00,0x00,0x00,0x00,0x00,0x03,0xfc,0x00,0x00,0x00,0x00,0x00,0x03,0xfc,0x00,0x00,0x00,0x00,0x00,
  0x03,0xfc,0x00,0x00,0x00,0x00,0x00,0x03,0xfc,0x00,0x00,0x00,0x00,0x00,0x03,0xfc,0x00,0x00,0x00,0x00,0x00,0x03,0xfc,0x00,
  0x00,0x00,0x00,0x00,0x03,0xfc,0x00,0x00,0x00,0x00,0x00,0x03,0xfc,0x00,0x00,0x00,0x00,0x00,0x03,0xfc,0x00,0x00,0x00,0x00,
  0x00,0x03,0xfc,0x00,0x00,0x00,0x00,0x00,0x03,0xfc,0x00,0x00,0x00,0x00,0x00,0x03,0xfc,0x00,0x00,0x00,0x00,0x00,0x03,0xfc,
  0x00,0x00,0x00,0x00,0x00,0x03,0xfc,0x00,0x00,0x00,0x00,0x00,0x03,0xfc,0x00,0x00,0x00,0x00,0x00,0x03,0xfc,0x00,0x00,0x00,
  0x00,0x00,0x00,0x1f,0xff,0xff,0xfc,0x00,0x00,0x00,0x3f,0xff,0xff,0xff,0x00,0x00,0x00,0xff,0xff,0xff,0xff,0x80,0x00,0x00,
  0xff,0xff,0xff,0xff,0xc0,0x00,0x01,0xff,0xff,0xff,0xff,0xc0,0x00,0x01,0xff,0xff,0xff,0xff,0xe0,0x00,0x01,0xff,0xff,0xff,
  0xff,0xe0,0x00,0x03,0xff,0xff,0xff,0xff,0xe0,0x00,0x03,0xfc,0x00,0x00,0x0f,0xe0,0x00,0x03,0xfc,0x00,0x00,0x0f,0xe0,0x00,
  0x03,0xfc,0x00,0x00,0x0f,0xe0,0x00,0x03,0xfc,0x00,0x00,0x0f,0xe0,0x00,0x03,0xfc,0x00,0x00,0x0f,0xe0,0x00,0x03,0xfc,0x00,
  0x00,0x0f,0xe0,0x00,0x03,0xfc,0x00,0x00,0x0f,0xe0,0x00,0x03,0xfc,0x00,0x00,0x0f,0xe0,0x00,0x03,0xfc,0x00,0x00,0x0f,0xe0,
  0x00,0x03,0xfc,0x00,0x00,0x0f,0xe0,0x00,0x03,0xfc,0x00,0x00,0x0f,0xe0,0x00,0x03,0xfc,0x00,0x00,0x0f,0xe0,0x00,0x03,0xfc,
  0x00,0x00,0x0f,0xe0,0x00,0x03,0xfc,0x00,0x00,0x0f,0xe0,0x00,0x03,0xfc,0x00,0x00,0x0f,0xe0,0x00,0x03,0xfc,0x00,0x00,0x0f,
  0xe0,0x00,0x03,0xfc,0x00,0x00,0x0f,0xe0,0x00,0x03,0xfc,0x00,0x00,0x0f,0xe0,0x00,0x03,0xfc,0x00,0x00,0x0f,0xe0,0x00,0x03,
  0xfc,0x00,0x00,0x0f,0xe0,0x00,0x03,0xfc,0x00,0x00,0x0f,0xe0,0x00,0x03,0xfc,0x00,0x00,0x0f,0xe0,0x00,0x03,0xfc,0x00,0x00,
  0x0f,0xe0,0x00,0x03,0xfc,0x00,0x00,0x0f,0xe0,0x00,0x03,0xfc,0x00,0x00,0x0f,0xe0,0x00,0x03,0xfc,0x00,0x00,0x0f,0xe0,0x00,
  0x03,0xff,0xff,0xff,0xff,0xe0,0x00,0x01,0xff,0xff,0xff,0xff,0xe0,0x00,0x01,0xff,0xff,0xff,0xff,0xe0,0x00,0x01,0xff,0xff,
  0xff,0xef,0xe0,0x00,0x00,0xff,0xff,0xff,0xcf,0xe0,0x00,0x00,0xff,0xff,0xff,0x8f,0xe0,0x00,0x00,0x3f,0xff,0xff,0x0f,0xe0,
  0x00,0x00,0x1f,0xff,0xfc,0x0f,0xe0,0x00,0x00,0x00,0x00,0x00,0x0f,0xe0,0x00,0x00,0x00,0x00,0x00,0x0f,0xe0,0x00,0x00,0x00,
  0x00,0x00,0x0f,0xe0,0x00,0x00,0x00,0x00,0x00,0x0f,0xe0,0x00,0x00,0x00,0x00,0x00,0x0f,0xe0,0x00,0x00,0x00,0x00,0x00,0x0f,
  0xe0,0x00,0x00,0x00,0x00,0x00,0x0f,0xe0,0x00,0x00,0x00,0x00,0x00,0x0f,0xe0,0x00,0x00,0x00,0x00,0x00,0x0f,0xe0,0x00,0x00,
  0x00,0x00,0x00,0x0f,0xe0,0x00,0x00,0x00,0x00,0x00,0x0f,0xe0,0x00,0x00,0x00,0x00,0x00,0x0f,0xe0,0x00,0x00,0x00,0x00,0x00,
  0x0f,0xe0,0x00,0x00,0x00,0x00,0x00,0x0f,0xe0,0x00,0x00,0x00,0x00,0x00,0x0f,0xe0,0x00,0x00,0x00,0x00,0x00,0x0f,0xe0,0x00,
  0x00,0x00,0x00,0x00,0x0f,0xe0,0x00,0x03,0xfc,0x1f,0xff,0x80,0x00,0x03,0xfc,0x7f,0xff,0xc0,0x00,0x03,0xfc,0xff,0xff,0xe0,
  0x00,0x03,0xfd,0xff,0xff,0xf0,0x00,0x03,0xfd,0xff,0xff,0xf8,0x00,0x03,0xff,0xff,0xff,0xf8,0x00,0x03,0xff,0xff,0xff,0xf8,
  0x00,0x03,0xff,0xff,0xff,0xfc,0x00,0x03,0xfc,0x00,0x03,0xfc,0x00,0x03,0xfc,0x00,0x03,0xfc,0x00,0x03,0xfc,0x00,0x03,0xfc,
  0x00,0x03,0xfc,0x00,0x03,0xfc,0x00,0x03,0xfc,0x00,0x03,0xfc,0x00,0x03,0xfc,0x00,0x03,0xfc,0x00,0x03,0xfc,0x00,0x03,0xfc,
  0x00,0x03,0xfc,0x00,0x00,0x00,0x00,0x03,0xfc,0x00,0x00,0x00,0x00,0x03,0xfc,0x00,0x00,0x00,0x00,0x03,0xfc,0x00,0x00,0x00,
  0x00,0x03,0xfc,0x00,0x00,0x00,0x00,0x03,0xfc,0x00,0x00,0x00,0x00,0x03,0xfc,0x00,0x00,0x00,0x00,0x03,0xfc,0x00,0x00,0x00,
  0x00,0x03,0xfc,0x00,0x00,0x00,0x00,0x03,0xfc,0x00,0x00,0x00,0x00,0x03,0xfc,0x00,0x00,0x00,0x00,0x03,0xfc,0x00,0x00,0x00,
  0x00,0x03,0xfc,0x00,0x00,0x00,0x00,0x03,0xfc,0x00,0x00,0x00,0x00,0x03,0xfc,0x00,0x00,0x00,0x00,0x03,0xfc,0x00,0x00,0x00,
  0x00,0x03,0xfc,0x00,0x00,0x00,0x00,0x03,0xfc,0x00,0x00,0x00,0x00,0x03,0xfc,0x00,0x00,0x00,0x00,0x03,0xfc,0x00,0x00,0x00,
  0x00,0x03,0xfc,0x00,0x00,0x00,0x00,0x03,0xfc,0x00,0x00,0x00,0x00,0x03,0xfc,0x00,0x00,0x00,0x00,0x03,0xfc,0x00,0x00,0x00,
  0x00,0x03,0xfc,0x00,0x00,0x00,0x00,0x03,0xfc,0x00,0x00,0x00,0x00,0x03,0xfc,0x00,0x00,0x00,0x00,0x00,0x1f,0xff,0xff,0xfc,
  0x00,0x00,0x7f,0xff,0xff,0xfc,0x00,0x00,0xff,0xff,0xff,0xfc,0x00,0x01,0xff,0xff,0xff,0xfc,0x00,0x03,0xff,0xff,0xff,0xfc,
  0x00,0x03,0xff,0xff,0xff,0xfc,0x00,0x03,0xff,0xff,0xff,0xfc,0x00,0x03,0xff,0xff,0xff,0xfc,0x00,0x03,0xf8,0x00,0x00,0x00,
  0x00,0x03,0xf8,0x00,0x00,0x00,0x00,0x03,0xf8,0x00,0x00,0x00,0x00,0x03,0xf8,0x00,0x00,0x00,0x00,0x03,0xf8,0x00,0x00,0x00,
  0x00,0x03,0xf8,0x00,0x00,0x00,0x00,0x03,0xf8,0x00,0x00,0x00,0x00,0x03,0xf8,0x00,0x00,0x00,0x00,0x03,0xf8,0x00,0x00,0x00,
  0x00,0x03,0xff,0xff,0xff,0xc0,0x00,0x03,0xff,0xff,0xff,0xf0,0x00,0x03,0xff,0xff,0xff,0xf8,0x00,0x03,0xff,0xff,0xff,0xfc,
  0x00,0x01,0xff,0xff,0xff,0xfc,0x00,0x00,0xff,0xff,0xff,0xfe,0x00,0x00,0x7f,0xff,0xff,0xfe,0x00,0x00,0x1f,0xff,0xff,0xfe,
  0x00,0x00,0x00,0x00,0x00,0xfe,0x00,0x00,0x00,0x00,0x00,0xfe,0x00,0x00,0x00,0x00,0x00,0xfe,0x00,0x00,0x00,0x00,0x00,0xfe,
  0x00,0x00,0x00,0x00,0x00,0xfe,0x00,0x00,0x00,0x00,0x00,0xfe,0x00,0x00,0x00,0x00,0x00,0xfe,0x00,0x00,0x00,0x00,0x00,0xfe,
  0x00,0x00,0x00,0x00,0x00,0xfe,0x00,0x03,0xff,0xff,0xff,0xfe,0x00,0x03,0xff,0xff,0xff,0xfe,0x00,0x03,0xff,0xff,0xff,0xfe,
  0x00,0x03,0xff,0xff,0xff,0xfe,0x00,0x03,0xff,0xff,0xff,0xfc,0x00,0x03,0xff,0xff,0xff,0xf8,0x00,0x03,0xff,0xff,0xff,0xf0,
  0x00,0x03,0xff,0xff,0xff,0xc0,0x00,0x00,0x03,0xfc,0x00,0x00,0x00,0x00,0x03,0xfc,0x00,0x00,0x00,0x00,0x03,0xfc,0x00,0x00,
  0x00,0x00,0x03,0xfc,0x00,0x00,0x00,0x00,0x03,0xfc,0x00,0x00,0x00,0x00,0x03,0xfc,0x00,0x00,0x00,0x00,0x03,0xfc,0x00,0x00,
  0x00,0x00,0x03,0xfc,0x00,0x00,0x00,0x00,0x03,0xfc,0x00,0x00,0x00,0x00,0x03,0xfc,0x00,0x00,0x00,0x00,0x03,0xfc,0x00,0x00,
  0x00,0x00,0x03,0xfc,0x00,0x00,0x00,0x0f,0xff,0xff,0xff,0xf0,0x00,0x0f,0xff,0xff,0xff,0xf0,0x00,0x0f,0xff,0xff,0xff,0xf0,
  0x00,0x0f,0xff,0xff,0xff,0xf0,0x00,0x0f,0xff,0xff,0xff,0xf0,0x00,0x0f,0xff,0xff,0xff,0xf0,0x00,0x0f,0xff,0xff,0xff,0xf0,
  0x00,0x0f,0xff,0xff,0xff,0xf0,0x00,0x00,0x03,0xfc,0x00,0x00,0x00,0x00,0x03,0xfc,0x00,0x00,0x00,0x00,0x03,0xfc,0x00,0x00,
  0x00,0x00,0x03,0xfc,0x00,0x00,0x00,0x00,0x03,0xfc,0x00,0x00,0x00,0x00,0x03,0xfc,0x00,0x00,0x00,0x00,0x03,0xfc,0x00,0x00,
  0x00,0x00,0x03,0xfc,0x00,0x00,0x00,0x00,0x03,0xfc,0x00,0x00,0x00,0x00,0x03,0xfc,0x00,0x00,0x00,0x00,0x03,0xfc,0x00,0x00,
  0x00,0x00,0x03,0xfc,0x00,0x00,0x00,0x00,0x03,0xfc,0x00,0x00,0x00,0x00,0x03,0xfc,0x00,0x00,0x00,0x00,0x03,0xfc,0x00,0x00,
  0x00,0x00,0x03,0xfc,0x00,0x00,0x00,0x00,0x03,0xfc,0x00,0x00,0x00,0x00,0x03,0xfc,0x00,0x00,0x00,0x00,0x03,0xfc,0x00,0x00,
  0x00,0x00,0x03,0xfc,0x00,0x00,0x00,0x00,0x03,0xfc,0x00,0x00,0x00,0x00,0x03,0xfc,0x00,0x00,0x00,0x00,0x03,0xfc,0x00,0x00,
  0x00,0x00,0x03,0xfc,0x00,0x00,0x00,0x00,0x03,0xfc,0x00,0x00,0x00,0x00,0x03,0xfc,0x00,0x00,0x00,0x00,0x03,0xff,0xff,0xf0,
  0x00,0x00,0x03,0xff,0xff,0xf0,0x00,0x00,0x03,0xff,0xff,0xf0,0x00,0x00,0x01,0xff,0xff,0xf0,0x00,0x00,0x01,0xff,0xff,0xf0,
  0x00,0x00,0x00,0xff,0xff,0xf0,0x00,0x00,0x00,0x7f,0xff,0xf0,0x00,0x00,0x00,0x1f,0xff,0xf0,0x00,0x03,0xfc,0x00,0x00,0x0f,
  0xe0,0x00,0x03,0xfc,0x00,0x00,0x0f,0xe0,0x00,0x03,0xfc,0x00,0x00,0x0f,0xe0,0x00,0x03,0xfc,0x00,0x00,0x0f,0xe0,0x00,0x03,
  0xfc,0x00,0x00,0x0f,0xe0,0x00,0x03,0xfc,0x00,0x00,0x0f,0xe0,0x00,0x03,0xfc,0x00,0x00,0x0f,0xe0,0x00,0x03,0xfc,0x00,0x00,
  0x0f,0xe0,0x00,0x03,0xfc,0x00,0x00,0x0f,0xe0,0x00,0x03,0xfc,0x00,0x00,0x0f,0xe0,0x00,0x03,0xfc,0x00,0x00,0x0f,0xe0,0x00,
  0x03,0xfc,0x00,0x00,0x0f,0xe0,0x00,0x03,0xfc,0x00,0x00,0x0f,0xe0,0x00,0x03,0xfc,0x00,0x00,0x0f,0xe0,0x00,0x03,0xfc,0x00,
  0x00,0x0f,0xe0,0x00,0x03,0xfc,0x00,0x00,0x0f,0xe0,0x00,0x03,0xfc,0x00,0x00,0x0f,0xe0,0x00,0x03,0xfc,0x00,0x00,0x0f,0xe0,
  0x00,0x03,0xfc,0x00,0x00,0x0f,0xe0,0x00,0x03,0xfc,0x00,0x00,0x0f,0xe0,0x00,0x03,0xfc,0x00,0x00,0x0f,0xe0,0x00,0x03,0xfc,
  0x00,0x00,0x0f,0xe0,0x00,0x03,0xfc,0x00,0x00,0x0f,0xe0,0x00,0x03,0xfc,0x00,0x00,0x0f,0xe0,0x00,0x03,0xfc,0x00,0x00,0x0f,
  0xe0,0x00,0x03,0xfc,0x00,0x00,0x0f,0xe0,0x00,0x03,0xfc,0x00,0x00,0x0f,0xe0,0x00,0x03,0xfc,0x00,0x00,0x0f,0xe0,0x00,0x03,
  0xfc,0x00,0x00,0x0f,0xe0,0x00,0x03,0xfc,0x00,0x00,0x0f,0xe0,0x00,0x03,0xfc,0x00,0x00,0x0f,0xe0,0x00,0x03,0xfc,0x00,0x00,
  0x0f,0xe0,0x00,0x03,0xfc,0x00,0x00,0x0f,0xe0,0x00,0x03,0xfc,0x00,0x00,0x0f,0xe0,0x00,0x03,0xff,0xff,0xff,0xff,0xe0,0x00,
  0x01,0xff,0xff,0xff,0xff,0xe0,0x00,0x01,0xff,0xff,0xff,0xff,0xe0,0x00,0x01,0xff,0xff,0xff,0xef,0xe0,0x00,0x00,0xff,0xff,
  0xff,0xcf,0xe0,0x00,0x00,0xff,0xff,0xff,0x8f,0xe0,0x00,0x00,0x3f,0xff,0xff,0x0f,0xe0,0x00,0x00,0x1f,0xff,0xfc,0x0f,0xe0,
  0x00,0x3f,0xc0,0x00,0x00,0x1f,0xe0,0x3f,0xc0,0x00,0x00,0x3f,0xc0,0x1f,0xe0,0x00,0x00,0x3f,0xc0,0x1f,0xe0,0x00,0x00,0x3f,
  0xc0,0x1f,0xe0,0x00,0x00,0x7f,0x80,0x0f,0xf0,0x00,0x00,0x7f,0x80,0x0f,0xf0,0x00,0x00,0xff,0x00,0x07,0xf8,0x00,0x00,0xff,
  0x00,0x07,0xf8,0x00,0x00,0xff,0x00,0x07,0xf8,0x00,0x01,0xfe,0x00,0x03,0xfc,0x00,0x01,0xfe,0x00,0x03,0xfc,0x00,0x03,0xfc,
  0x00,0x01,0xfc,0x00,0x03,0xfc,0x00,0x01,0xfe,0x00,0x03,0xfc,0x00,0x01,0xfe,0x00,0x07,0xf8,0x00,0x00,0xff,0x00,0x07,0xf8,
  0x00,0x00,0xff,0x00,0x0f,0xf0,0x00,0x00,0x7f,0x00,0x0f,0xf0,0x00,0x00,0x7f,0x80,0x0f,0xf0,0x00,0x00,0x7f,0x80,0x1f,0xe0,
  0x00,0x00,0x3f,0xc0,0x1f,0xe0,0x00,0x00,0x3f,0xc0,0x1f,0xc0,0x00,0x00,0x1f,0xc0,0x3f,0xc0,0x00,0x00,0x1f,0xe0,0x3f,0xc0,
  0x00,0x00,0x1f,0xe0,0x7f,0x80,0x00,0x00,0x0f,0xe0,0x7f,0x80,0x00,0x00,0x0f,0xf0,0x7f,0x00,0x00,0x00,0x07,0xf0,0xff,0x00,
  0x00,0x00,0x07,0xf8,0xff,0x00,0x00,0x00,0x07,0xf9,0xfe,0x00,0x00,0x00,0x03,0xf9,0xfe,0x00,0x00,0x00,0x03,0xfd,0xfc,0x00,
  0x00,0x00,0x03,0xff,0xfc,0x00,0x00,0x00,0x01,0xff,0xfc,0x00,0x00,0x00,0x01,0xff,0xf8,0x00,0x00,0x00,0x00,0xff,0xf8,0x00,
  0x00,0x00,0x00,0xff,0xf0,0x00,0x00,0x00,0x00,0xff,0xf0,0x00,0x00,0x00,0x00,0x7f,0xf0,0x00,0x00,0x00,0x00,0x7f,0xe0,0x00,
  0x00,0x00,0x00,0x3f,0xe0,0x00,0x00,0x00,0x00,0x3f,0xc0,0x00,0x00,0x3f,0xc0,0x00,0x0f,0xf0,0x00,0x01,0xfe,0x00,0x3f,0xc0,
  0x00,0x0f,0xf8,0x00,0x01,0xfe,0x00,0x3f,0xc0,0x00,0x0f,0xf8,0x00,0x01,0xfc,0x00,0x1f,0xc0,0x00,0x1f,0xf8,0x00,0x03,0xfc,
  0x00,0x1f,0xe0,0x00,0x1f,0xfc,0x00,0x03,0xfc,0x00,0x1f,0xe0,0x00,0x1f,0xfc,0x00,0x03,0xf8,0x00,0x0f,0xe0,0x00,0x1f,0xfc,
  0x00,0x07,0xf8,0x00,0x0f,0xf0,0x00,0x3f,0xfc,0x00,0x07,0xf8,0x00,0x0f,0xf0,0x00,0x3f,0xfe,0x00,0x07,0xf0,0x00,0x07,0xf0,
  0x00,0x3f,0xfe,0x00,0x0f,0xf0,0x00,0x07,0xf8,0x00,0x7f,0xfe,0x00,0x0f,0xf0,0x00,0x07,0xf8,0x00,0x7f,0xff,0x00,0x0f,0xe0,
  0x00,0x03,0xf8,0x00,0x7f,0x7f,0x00,0x1f,0xe0,0x00,0x03,0xfc,0x00,0xff,0x7f,0x00,0x1f,0xe0,0x00,0x03,0xfc,0x00,0xfe,0x7f,
  0x00,0x1f,0xc0,0x00,0x01,0xfc,0x00,0xfe,0x3f,0x80,0x3f,0xc0,0x00,0x01,0xfe,0x00,0xfe,0x3f,0x80,0x3f,0xc0,0x00,0x01,0xfe,
  0x01,0xfc,0x3f,0x80,0x3f,0x80,0x00,0x00,0xfe,0x01,0xfc,0x1f,0xc0,0x3f,0x80,0x00,0x00,0xfe,0x01,0xfc,0x1f,0xc0,0x7f,0x80,
  0x00,0x00,0xff,0x03,0xfc,0x1f,0xc0,0x7f,0x00,0x00,0x00,0xff,0x03,0xf8,0x1f,0xc0,0x7f,0x00,0x00,0x00,0x7f,0x03,0xf8,0x0f,
  0xe0,0xff,0x00,0x00,0x00,0x7f,0x83,0xf8,0x0f,0xe0,0xff,0x00,0x00,0x00,0x7f,0x87,0xf0,0x0f,0xe0,0xfe,0x00,0x00,0x00,0x3f,
  0x87,0xf0,0x07,0xf1,0xfe,0x00,0x00,0x00,0x3f,0xc7,0xf0,0x07,0xf1,0xfe,0x00,0x00,0x00,0x3f,0xcf,0xe0,0x07,0xf1,0xfc,0x00,
  0x00,0x00,0x1f,0xcf,0xe0,0x03,0xfb,0xfc,0x00,0x00,0x00,0x1f,0xef,0xe0,0x03,0xfb,0xfc,0x00,0x00,0x00,0x1f,0xef,0xc0,0x03,
  0xfb,0xf8,0x00,0x00,0x00,0x0f,0xff,0xc0,0x03,0xff,0xf8,0x00,0x00,0x00,0x0f,0xff,0xc0,0x01,0xff,0xf8,0x00,0x00,0x00,0x0f,
  0xff,0xc0,0x01,0xff,0xf0,0x00,0x00,0x00,0x07,0xff,0x80,0x01,0xff,0xf0,0x00,0x00,0x00,0x07,0xff,0x80,0x00,0xff,0xf0,0x00,
  0x00,0x00,0x07,0xff,0x80,0x00,0xff,0xe0,0x00,0x00,0x00,0x03,0xff,0x00,0x00,0xff,0xe0,0x00,0x00,0x00,0x03,0xff,0x00,0x00,
  0x7f,0xe0,0x00,0x00,0x00,0x03,0xff,0x00,0x00,0x7f,0xc0,0x00,0x00,0x00,0x01,0xfe,0x00,0x00,0x7f,0xc0,0x00,0x00,0x00,0x01,
  0xfe,0x00,0x00,0x7f,0xc0,0x00,0x00,0x1f,0xf8,0x00,0x00,0x7f,0xc0,0x0f,0xf8,0x00,0x00,0xff,0xc0,0x07,0xfc,0x00,0x00,0xff,
  0x80,0x03,0xfe,0x00,0x01,0xff,0x00,0x03,0xff,0x00,0x03,0xfe,0x00,0x01,0xff,0x00,0x07,0xfe,0x00,0x00,0xff,0x80,0x07,0xfc,
  0x00,0x00,0x7f,0xc0,0x0f,0xf8,0x00,0x00,0x7f,0xe0,0x1f,0xf0,0x00,0x00,0x3f,0xe0,0x3f,0xf0,0x00,0x00,0x1f,0xf0,0x3f,0xe0,
  0x00,0x00,0x0f,0xf8,0x7f,0xc0,0x00,0x00,0x0f,0xfc,0xff,0x80,0x00,0x00,0x07,0xfd,0xff,0x80,0x00,0x00,0x03,0xff,0xff,0x00,
  0x00,0x00,0x01,0xff,0xfe,0x00,0x00,0x00,0x01,0xff,0xfc,0x00,0x00,0x00,0x00,0xff,0xfc,0x00,0x00,0x00,0x00,0x7f,0xf8,0x00,
  0x00,0x00,0x00,0x3f,0xf0,0x00,0x00,0x00,0x00,0x3f,0xf0,0x00,0x00,0x00,0x00,0x3f,0xf0,0x00,0x00,0x00,0x00,0x7f,0xf8,0x00,
  0x00,0x00,0x00,0xff,0xfc,0x00,0x00,0x00,0x01,0xff,0xfc,0x00,0x00,0x00,0x01,0xff,0xfe,0x00,0x00,0x00,0x03,0xff,0xff,0x00,
  0x00,0x00,0x07,0xfd,0xff,0x80,0x00,0x00,0x0f,0xfc,0xff,0x80,0x00,0x00,0x0f,0xf8,0x7f,0xc0,0x00,0x00,0x1f,0xf0,0x3f,0xe0,
  0x00,0x00,0x3f,0xe0,0x3f,0xf0,0x00,0x00,0x7f,0xe0,0x1f,0xf0,0x00,0x00,0x7f,0xc0,0x0f,0xf8,0x00,0x00,0xff,0x80,0x07,0xfc,
  0x00,0x01,0xff,0x00,0x07,0xfe,0x00,0x03,0xff,0x00,0x03,0xfe,0x00,0x03,0xfe,0x00,0x01,0xff,0x00,0x07,0xfc,0x00,0x01,0xff,
  0x80,0x0f,0xfc,0x00,0x00,0xff,0xc0,0x1f,0xf8,0x00,0x00,0x7f,0xc0,0x1f,0xf0,0x00,0x00,0x3f,0xe0,0x3f,0xc0,0x00,0x00,0x3f,
  0xc0,0x3f,0xc0,0x00,0x00,0x7f,0x80,0x1f,0xe0,0x00,0x00,0x7f,0x80,0x1f,0xe0,0x00,0x00,0x7f,0x80,0x0f,0xf0,0x00,0x00,0xff,
  0x00,0x0f,0xf0,0x00,0x00,0xff,0x00,0x0f,0xf0,0x00,0x01,0xfe,0x00,0x07,0xf8,0x00,0x01,0xfe,0x00,0x07,0xf8,0x00,0x03,0xfc,
  0x00,0x03,0xfc,0x00,0x03,0xfc,0x00,0x03,0xfc,0x00,0x03,0xfc,0x00,0x01,0xfe,0x00,0x07,0xf8,0x00,0x01,0xfe,0x00,0x07,0xf8,
  0x00,0x01,0xfe,0x00,0x0f,0xf0,0x00,0x00,0xff,0x00,0x0f,0xf0,0x00,0x00,0xff,0x00,0x1f,0xe0,0x00,0x00,0x7f,0x80,0x1f,0xe0,
  0x00,0x00,0x7f,0x80,0x1f,0xe0,0x00,0x00,0x3f,0x80,0x3f,0xc0,0x00,0x00,0x3f,0xc0,0x3f,0xc0,0x00,0x00,0x3f,0xc0,0x7f,0x80,
  0x00,0x00,0x1f,0xe0,0x7f,0x80,0x00,0x00,0x1f,0xe0,0x7f,0x00,0x00,0x00,0x0f,0xf0,0xff,0x00,0x00,0x00,0x0f,0xf0,0xff,0x00,
  0x00,0x00,0x0f,0xf1,0xfe,0x00,0x00,0x00,0x07,0xf9,0xfe,0x00,0x00,0x00,0x07,0xfb,0xfc,0x00,0x00,0x00,0x03,0xff,0xfc,0x00,
  0x00,0x00,0x03,0xff,0xf8,0x00,0x00,0x00,0x01,0xff,0xf8,0x00,0x00,0x00,0x01,0xff,0xf8,0x00,0x00,0x00,0x01,0xff,0xf0,0x00,
  0x00,0x00,0x00,0xff,0xf0,0x00,0x00,0x00,0x00,0xff,0xe0,0x00,0x00,0x00,0x00,0x7f,0xe0,0x00,0x00,0x00,0x00,0x7f,0xc0,0x00,
  0x00,0x00,0x00,0x3f,0xc0,0x00,0x00,0x00,0x00,0x3f,0xc0,0x00,0x00,0x00,0x00,0x7f,0x80,0x00,0x00,0x00,0x00,0x7f,0x80,0x00,
  0x00,0x00,0x00,0x7f,0x00,0x00,0x00,0x00,0x00,0xff,0x00,0x00,0x00,0x00,0x00,0xfe,0x00,0x00,0x00,0x00,0x01,0xfe,0x00,0x00,
  0x00,0x00,0x01,0xfe,0x00,0x00,0x00,0x00,0x03,0xfc,0x00,0x00,0x00,0x00,0x03,0xfc,0x00,0x00,0x00,0x00,0x03,0xf8,0x00,0x00,
  0x00,0x00,0x07,0xf8,0x00,0x00,0x00,0x00,0x07,0xf8,0x00,0x00,0x00,0x00,0x0f,0xf0,0x00,0x00,0x00,0x00,0x0f,0xf0,0x00,0x00,
  0x00,0x00,0x0f,0xe0,0x00,0x00,0x00,0x00,0x1f,0xe0,0x00,0x00,0x00,0x00,0x1f,0xc0,0x00,0x00,0x00,0x00,0x3f,0xc0,0x00,0x00,
  0x00,0x00,0x3f,0xc0,0x00,0x00,0x00,0x00,0x7f,0x80,0x00,0x00,0x00,0x03,0xff,0xff,0xff,0xff,0x00,0x03,0xff,0xff,0xff,0xff,
  0x00,0x03,0xff,0xff,0xff,0xff,0x00,0x03,0xff,0xff,0xff,0xfe,0x00,0x03,0xff,0xff,0xff,0xfc,0x00,0x03,0xff,0xff,0xff,0xfc,
  0x00,0x03,0xff,0xff,0xff,0xf8,0x00,0x03,0xff,0xff,0xff,0xf0,0x00,0x00,0x00,0x00,0x1f,0xf0,0x00,0x00,0x00,0x00,0x3f,0xe0,
  0x00,0x00,0x00,0x00,0x7f,0xc0,0x00,0x00,0x00,0x00,0x7f,0x80,0x00,0x00,0x00,0x00,0xff,0x80,0x00,0x00,0x00,0x01,0xff,0x00,
  0x00,0x00,0x00,0x03,0xfe,0x00,0x00,0x00,0x00,0x03,0xfe,0x00,0x00,0x00,0x00,0x07,0xfc,0x00,0x00,0x00,0x00,0x0f,0xf8,0x00,
  0x00,0x00,0x00,0x0f,0xf8,0x00,0x00,0x00,0x00,0x1f,0xf0,0x00,0x00,0x00,0x00,0x3f,0xe0,0x00,0x00,0x00,0x00,0x3f,0xe0,0x00,
  0x00,0x00,0x00,0x7f,0xc0,0x00,0x00,0x00,0x00,0xff,0x80,0x00,0x00,0x00,0x00,0xff,0x00,0x00,0x00,0x00,0x01,0xff,0x00,0x00,
  0x00,0x00,0x03,0xfe,0x00,0x00,0x00,0x00,0x07,0xfc,0x00,0x00,0x00,0x00,0x07,0xfc,0x00,0x00,0x00,0x00,0x0f,0xf8,0x00,0x00,
  0x00,0x00,0x1f,0xf0,0x00,0x00,0x00,0x00,0x1f,0xf0,0x00,0x00,0x00,0x00,0x3f,0xe0,0x00,0x00,0x00,0x00,0x7f,0xc0,0x00,0x00,
  0x00,0x00,0x7f,0xff,0xff,0xff,0x00,0x00,0xff,0xff,0xff,0xff,0x00,0x01,0xff,0xff,0xff,0xff,0x00,0x03,0xff,0xff,0xff,0xff,
  0x00,0x03,0xff,0xff,0xff,0xff,0x00,0x07,0xff,0xff,0xff,0xff,0x00,0x07,0xff,0xff,0xff,0xff,0x00,0x07,0xff,0xff,0xff,0xff,
  0x00,0x00,0x00,0x0f,0xc0,0x00,0x00,0x7f,0xc0,0x00,0x01,0xff,0xc0,0x00,0x03,0xff,0xc0,0x00,0x07,0xff,0xc0,0x00,0x0f,0xff,
  0xc0,0x00,0x1f,0xff,0xc0,0x00,0x1f,0xff,0xc0,0x00,0x3f,0xfc,0x00,0x00,0x3f,0xe0,0x00,0x00,0x7f,0xc0,0x00,0x00,0x7f,0xc0,
  0x00,0x00,0x7f,0x80,0x00,0x00,0x7f,0x80,0x00,0x00,0x7f,0x80,0x00,0x00,0x7f,0x80,0x00,0x00,0x7f,0x80,0x00,0x00,0x7f,0x80,
  0x00,0x00,0x7f,0x80,0x00,0x00,0x7f,0x80,0x00,0x00,0x7f,0x80,0x00,0x00,0x7f,0x80,0x00,0x00,0x7f,0x80,0x00,0x00,0x7f,0x80,
  0x00,0x00,0x7f,0x80,0x00,0x00,0x7f,0x80,0x00,0x00,0x7f,0x80,0x00,0x00,0x7f,0x80,0x00,0x00,0x7f,0x80,0x00,0x00,0x7f,0x80,
  0x00,0x00,0x7f,0x80,0x00,0x00,0xff,0x80,0x00,0x00,0xff,0x80,0x00,0x03,0xff,0x00,0x00,0x3f,0xff,0x00,0x00,0x3f,0xfe,0x00,
  0x00,0x3f,0xfc,0x00,0x00,0x3f,0xf8,0x00,0x00,0x3f,0xf8,0x00,0x00,0x3f,0xfc,0x00,0x00,0x3f,0xfe,0x00,0x00,0x3f,0xff,0x00,
  0x00,0x03,0xff,0x00,0x00,0x00,0xff,0x00,0x00,0x00,0xff,0x80,0x00,0x00,0x7f,0x80,0x00,0x00,0x7f,0x80,0x00,0x00,0x7f,0x80,
  0x00,0x00,0x7f,0x80,0x00,0x00,0x7f,0x80,0x00,0x00,0x7f,0x80,0x00,0x00,0x7f,0x80,0x00,0x00,0x7f,0x80,0x00,0x00,0x7f,0x80,
  0x00,0x00,0x7f,0x80,0x00,0x00,0x7f,0x80,0x00,0x00,0x7f,0x80,0x00,0x00,0x7f,0x80,0x00,0x00,0x7f,0x80,0x00,0x00,0x7f,0x80,
  0x00,0x00,0x7f,0x80,0x00,0x00,0x7f,0x80,0x00,0x00,0x7f,0x80,0x00,0x00,0x7f,0x80,0x00,0x00,0x7f,0x80,0x00,0x00,0x7f,0xc0,
  0x00,0x00,0x7f,0xc0,0x00,0x00,0x3f,0xf0,0x00,0x00,0x3f,0xfc,0x00,0x00,0x1f,0xff,0xc0,0x00,0x1f,0xff,0xc0,0x00,0x0f,0xff,
  0xc0,0x00,0x07,0xff,0xc0,0x00,0x03,0xff,0xc0,0x00,0x01,0xff,0xc0,0x00,0x00,0x7f,0xc0,0x00,0x00,0x0f,0xc0,0x01,0xfe,0x00,
  0x01,0xfe,0x00,0x01,0xfe,0x00,0x01,0xfe,0x00,0x01,0xfe,0x00,0x01,0xfe,0x00,0x01,0xfe,0x00,0x01,0xfe,0x00,0x01,0xfe,0x00,
  0x01,0xfe,0x00,0x01,0xfe,0x00,0x01,0xfe,0x00,0x01,0xfe,0x00,0x01,0xfe,0x00,0x01,0xfe,0x00,0x01,0xfe,0x00,0x01,0xfe,0x00,
  0x01,0xfe,0x00,0x01,0xfe,0x00,0x01,0xfe,0x00,0x01,0xfe,0x00,0x01,0xfe,0x00,0x01,0xfe,0x00,0x01,0xfe,0x00,0x01,0xfe,0x00,
  0x01,0xfe,0x00,0x01,0xfe,0x00,0x01,0xfe,0x00,0x01,0xfe,0x00,0x01,0xfe,0x00,0x01,0xfe,0x00,0x01,0xfe,0x00,0x01,0xfe,0x00,
  0x01,0xfe,0x00,0x01,0xfe,0x00,0x01,0xfe,0x00,0x01,0xfe,0x00,0x01,0xfe,0x00,0x01,0xfe,0x00,0x01,0xfe,0x00,0x01,0xfe,0x00,
  0x01,0xfe,0x00,0x01,0xfe,0x00,0x01,0xfe,0x00,0x01,0xfe,0x00,0x01,0xfe,0x00,0x01,0xfe,0x00,0x01,0xfe,0x00,0x01,0xfe,0x00,
  0x01,0xfe,0x00,0x01,0xfe,0x00,0x01,0xfe,0x00,0x01,0xfe,0x00,0x01,0xfe,0x00,0x01,0xfe,0x00,0x01,0xfe,0x00,0x01,0xfe,0x00,
  0x01,0xfe,0x00,0x01,0xfe,0x00,0x01,0xfe,0x00,0x01,0xfe,0x00,0x01,0xfe,0x00,0x01,0xfe,0x00,0x01,0xfe,0x00,0x01,0xfe,0x00,
  0x01,0xfe,0x00,0x01,0xfe,0x00,0x01,0xfe,0x00,0x01,0xfe,0x00,0x01,0xfe,0x00,0x01,0xfe,0x00,0x01,0xfe,0x00,0x01,0xfe,0x00,
  0x01,0xfe,0x00,0x01,0xfe,0x00,0x01,0xfe,0x00,0x01,0xfe,0x00,0x07,0xe0,0x00,0x00,0x07,0xfc,0x00,0x00,0x07,0xff,0x00,0x00,
  0x07,0xff,0x80,0x00,0x07,0xff,0xc0,0x00,0x07,0xff,0xe0,0x00,0x07,0xff,0xf0,0x00,0x07,0xff,0xf0,0x00,0x00,0x3f,0xf8,0x00,
  0x00,0x0f,0xf8,0x00,0x00,0x07,0xfc,0x00,0x00,0x07,0xfc,0x00,0x00,0x03,0xfc,0x00,0x00,0x03,0xfc,0x00,0x00,0x03,0xfc,0x00,
  0x00,0x03,0xfc,0x00,0x00,0x03,0xfc,0x00,0x00,0x03,0xfc,0x00,0x00,0x03,0xfc,0x00,0x00,0x03,0xfc,0x00,0x00,0x03,0xfc,0x00,
  0x00,0x03,0xfc,0x00,0x00,0x03,0xfc,0x00,0x00,0x03,0xfc,0x00,0x00,0x03,0xfc,0x00,0x00,0x03,0xfc,0x00,0x00,0x03,0xfc,0x00,
  0x00,0x03,0xfc,0x00,0x00,0x03,0xfc,0x00,0x00,0x03,0xfc,0x00,0x00,0x03,0xfc,0x00,0x00,0x03,0xfe,0x00,0x00,0x03,0xfe,0x00,
  0x00,0x01,0xff,0x80,0x00,0x01,0xff,0xf8,0x00,0x00,0xff,0xf8,0x00,0x00,0x7f,0xf8,0x00,0x00,0x3f,0xf8,0x00,0x00,0x3f,0xf8,
  0x00,0x00,0x7f,0xf8,0x00,0x00,0xff,0xf8,0x00,0x01,0xff,0xf8,0x00,0x01,0xff,0x80,0x00,0x01,0xfe,0x00,0x00,0x03,0xfe,0x00,
  0x00,0x03,0xfc,0x00,0x00,0x03,0xfc,0x00,0x00,0x03,0xfc,0x00,0x00,0x03,0xfc,0x00,0x00,0x03,0xfc,0x00,0x00,0x03,0xfc,0x00,
  0x00,0x03,0xfc,0x00,0x00,0x03,0xfc,0x00,0x00,0x03,0xfc,0x00,0x00,0x03,0xfc,0x00,0x00,0x03,0xfc,0x00,0x00,0x03,0xfc,0x00,
  0x00,0x03,0xfc,0x00,0x00,0x03,0xfc,0x00,0x00,0x03,0xfc,0x00,0x00,0x03,0xfc,0x00,0x00,0x03,0xfc,0x00,0x00,0x03,0xfc,0x00,
  0x00,0x03,0xfc,0x00,0x00,0x03,0xfc,0x00,0x00,0x07,0xfc,0x00,0x00,0x07,0xfc,0x00,0x00,0x1f,0xf8,0x00,0x00,0x7f,0xf8,0x00,
  0x07,0xff,0xf0,0x00,0x07,0xff,0xf0,0x00,0x07,0xff,0xe0,0x00,0x07,0xff,0xc0,0x00,0x07,0xff,0x80,0x00,0x07,0xff,0x00,0x00,
  0x07,0xfc,0x00,0x00,0x07,0xe0,0x00,0x00,0x00,0x07,0xf0,0x00,0x0f,0xc0,0x00,0x1f,0xfe,0x00,0x0f,0xc0,0x00,0x7f,0xff,0x80,
  0x1f,0xc0,0x00,0xff,0xff,0xc0,0x3f,0xc0,0x01,0xff,0xff,0xf0,0x7f,0xc0,0x01,0xff,0xff,0xff,0xff,0x80,0x03,0xff,0xff,0xff,
  0xff,0x80,0x03,0xfc,0x1f,0xff,0xff,0x00,0x07,0xf8,0x07,0xff,0xfe,0x00,0x07,0xf0,0x01,0xff,0xfc,0x00,0x07,0xf0,0x00,0x7f,
  0xf0,0x00,0x07,0xf0,0x00,0x1f,0xc0,0x00,0x00,0x00,0x00,0x00,0x00,0x00,0x00,0x00,0x00,0x00,0x00,0x00,0x00,0x00,0x00,0x00,
  0x00,0x00,0x00,0x00,0x00,0x00,0x00,0x00,0x00,0x00,0x00,0x00,0x00,0x00,0x00,0x00,0x00,0x00,0x00,0x00,0x00,0x00,0x00,0x00,
  0x00,0x00,0x00,0x00,0x00,0x00,0x00,0x00,0x00,0x00,0x00,0x00,0x00,0x00,0x00,0x00,0x00,0x00,0x00,0x00,0x00,0x00,0x00,0x00,
  0x00,0x00,0x00,0x00,0x00,0x00,0x00,0x00,0x00,0x00,0x00,0x00,0x00,0x00,0x00,0x00,0x00,0x00,0x00,0x00,0x00,0x00,0x00,0x00,
  0x00,0x00,0x00,0x00,0x00,0x00,0x00,0x00,0x00,0x00,0x00,0x00,0x00,0x00,0x00,0x00,0x00,0x00,0x00,0x00,0x00,0x00,0x00,0x00,
  0x00,0x00,0x00,0x03,0xf8,0x00,0x00,0x00,0x0f,0xfe,0x00,0x00,0x00,0x3f,0xff,0x80,0x00,0x00,0x7f,0xff,0xc0,0x00,0x00,0xff,
  0xff,0xe0,0x00,0x01,0xff,0xff,0xf0,0x00,0x01,0xfe,0x0f,0xf0,0x00,0x03,0xfc,0x03,0xf8,0x00,0x03,0xf8,0x03,0xf8,0x00,0x07,
  0xf0,0x01,0xfc,0x00,0x07,0xe0,0x00,0xfc,0x00,0x07,0xe0,0x00,0xfc,0x00,0x07,0xe0,0x00,0xfc,0x00,0x07,0xe0,0x00,0xfc,0x00,
  0x07,0xe0,0x00,0xfc,0x00,0x07,0xe0,0x00,0xfc,0x00,0x07,0xf0,0x01,0xfc,0x00,0x03,0xf8,0x03,0xf8,0x00,0x03,0xfc,0x03,0xf8,
  0x00,0x01,0xfe,0x0f,0xf0,0x00,0x01,0xff,0xff,0xf0,0x00,0x00,0xff,0xff,0xe0,0x00,0x00,0x7f,0xff,0xc0,0x00,0x00,0x3f,0xff,
  0x80,0x00,0x00,0x0f,0xfe,0x00,0x00,0x00,0x03,0xf8,0x00,0x00,0x00,0x00,0x00,0x00,0x00,0x00,0x00,0x00,0x00,0x00,0x00,0x00,
  0x00,0x00,0x00,0x00,0x00,0x00,0x00,0x00,0x00,0x00,0x00,0x00,0x00,0x00,0x00,0x00,0x00,0x00,0x00,0x00,0x00,0x00,0x00,0x00,
  0x00,0x00,0x00,0x00,0x00,0x00,0x00,0x00,0x00,0x00,0x00,0x00,0x00,0x00,0x00,0x00,0x00,0x00,0x00,0x00,0x00,0x00,0x00,0x00,
  0x00,0x00,0x00,0x00,0x00,0x00,0x00,0x00,0x00,0x00,0x00,0x00,0x00,0x00,0x00,0x00,0x00,0x00,0x00,0x00,0x00,0x00,0x00,0x00,
  0x00,0x00,0x00,0x00,0x00,0x00,0x00,0x00,0x00,0x00,0x00,0x00,0x00,0x00,0x00,0x00,0x00,0x00,0x00,0x00,0x00,0x00,0x00,0x00,
  0x00,0x00,0x00,0x00,0x00,0x00,0x00,0x00,0x00,0x00,0x00,0x00,0x00,0x00,0x00,0x00,0x00,0x00,0x00,0x00,0x00,0x00,0x00,0x00,
  0x00,0x00,0x00,0x00,0x00,0x00,0x00,0x00,0x00,0x00,0x00,0x00,0x00,0x00,0x00,0x00,0x00,0x00,0x00,0x00,0x00,0x00,0x00,
};
const Glyph font80Glyphs[] = {{32,0,58,24,1,24,0},{33,0,2,23,56,23,3},{34,0,2,39,56,39,171},{35,0,2,62,56,62,451},{36,0,-6,55,72,55,899},{37,0,2,77,56,77,1403},{38,0,2,60,56,60,1963},{39,0,2,23,56,23,2411},{40,0,-2,31,77,31,2579},{41,0,-2,31,77,31,2887},{42,0,2,44,56,44,3195},{43,0,14,56,44,56,3531},{44,0,46,25,24,24,3839},{45,0,31,32,27,32,3935},{46,0,46,25,12,24,4043},{47,0,-2,35,64,35,4091},{48,0,2,58,56,58,4411},{49,0,2,28,56,28,4859},{50,0,2,55,56,55,5083},{51,0,2,53,56,53,5475},{52,0,2,49,56,49,5867},{53,0,2,51,56,51,6259},{54,0,2,56,56,56,6651},{55,0,2,47,56,47,7043},{56,0,2,55,56,55,7379},{57,0,2,56,56,56,7771},{58,0,16,25,42,24,8163},{59,0,16,25,54,24,8331},{60,0,12,53,46,53,8547},{61,0,22,56,36,56,8869},{62,0,12,53,46,53,9121},{63,0,2,45,56,45,9443},{64,0,2,85,73,85,9779},{65,0,2,56,56,56,10582},{66,0,2,56,56,56,10974},{67,0,2,59,56,59,11366},{68,0,2,61,56,61,11814},{69,0,2,53,56,53,12262},{70,0,2,52,56,52,12654},{71,0,2,61,56,61,13046},{72,0,2,62,56,62,13494},{73,0,2,22,56,22,13942},{74,0,2,51,56,51,14110},{75,0,2,55,56,54,14502},{76,0,2,46,56,46,14894},{77,0,2,75,56,75,15230},{78,0,2,64,56,64,15790},{79,0,2,62,56,62,16238},{80,0,2,55,56,55,16686},{81,0,2,62,66,62,17078},{82,0,2,58,56,58,17606},{83,0,2,58,56,58,18054},{84,0,2,50,56,50,18502},{85,0,2,62,56,62,18894},{86,0,2,57,56,57,19342},{87,0,2,78,56,78,19790},{88,0,2,55,56,55,20350},{89,0,2,54,56,54,20742},{90,0,2,55,56,55,21134},{91,0,-2,33,77,33,21526},{92,0,-2,35,64,35,21911},{93,0,-2,33,77,33,22231},{94,0,2,45,56,45,22616},{95,-1,58,51,23,50,22952},{96,0,0,30,58,30,23113},{97,0,16,48,42,48,23345},{98,0,0,50,58,50,23597},{99,0,16,48,42,48,24003},{100,0,0,50,58,50,24255},{101,0,16,48,42,48,24661},{102,0,0,40,58,40,24913},{103,0,16,50,59,50,25203},{104,0,0,50,58,50,25616},{105,0,0,21,58,21,26022},{106,0,0,21,75,21,26196},{107,0,0,45,58,44,26421},{108,0,0,20,58,20,26769},{109,0,16,71,42,71,26943},{110,0,16,50,42,50,27321},{111,0,16,49,42,49,27615},{112,0,16,50,59,50,27909},{113,0,16,50,59,50,28322},{114,0,16,41,42,41,28735},{115,0,16,45,42,45,28987},{116,0,4,42,54,42,29239},{117,0,16,50,42,50,29563},{118,0,16,45,42,44,29857},{119,0,16,65,42,65,30109},{120,0,16,46,42,46,30487},{121,0,16,44,59,44,30739},{122,0,16,45,42,45,31093},{123,0,-2,31,77,31,31345},{124,0,-2,22,77,22,31653},{125,0,-2,31,77,31,31884},{126,0,27,47,31,47,32192},{176,0,1,35,57,35,32378}};
const BitmapFont font80={font80Bits,font80Glyphs,96};
const uint8_t font180Bits[] = {
  0x00,0x03,0xff,0x87,0xff,0x1f,0xfc,0x3f,0xf0,0x00,0x00,0x00,0x00,0x00,0x03,0xff,0x87,0xff,0x1f,0xfc,0x3f,0xf0,0x00,0x00,
  0x00,0x00,0x00,0x03,0xff,0x87,0xff,0x1f,0xfc,0x3f,0xf0,0x00,0x00,0x00,0x00,0x00,0x03,0xff,0x87,0xff,0x1f,0xfc,0x3f,0xf0,
  0x00,0x00,0x00,0x00,0x00,0x03,0xff,0x87,0xff,0x1f,0xfc,0x3f,0xf0,0x00,0x00,0x00,0x00,0x00,0x03,0xff,0x87,0xff,0x1f,0xfc,
  0x3f,0xf0,0x00,0x00,0x00,0x00,0x00,0x03,0xff,0x87,0xff,0x1f,0xfc,0x3f,0xf0,0x00,0x00,0x00,0x00,0x00,0x03,0xff,0x87,0xff,
  0x1f,0xfc,0x3f,0xf0,0x00,0x00,0x00,0x00,0x00,0x03,0xff,0x87,0xff,0x1f,0xfc,0x3f,0xf0,0x00,0x00,0x00,0x00,0x00,0x03,0xff,
  0x87,0xff,0x1f,0xfc,0x3f,0xf0,0x00,0x00,0x00,0x00,0x00,0x03,0xff,0x87,0xff,0x1f,0xfc,0x3f,0xf0,0x00,0x00,0x00,0x00,0x00,
  0x00,0x00,0x00,0x00,0x00,0x00,0x00,0x00,0x00,0x00,0x00,0x00,0x00,0x00,0x00,0x00,0x00,0x00,0x00,0x00,0x00,0x00,0x00,0x00,
  0x00,0x00,0x00,0x00,0x00,0x00,0x00,0x00,0x00,0x00,0x00,0x00,0x00,0x00,0x00,0x00,0x00,0x00,0x00,0x00,0x00,0x00,0x00,0x00,
  0x00,0x00,0x00,0xff,0xe3,0xff,0x87,0xff,0x1f,0xfc,0x3f,0xf0,0xff,0xe0,0x00,0x00,0xff,0xe3,0xff,0x87,0xff,0x1f,0xfc,0x3f,
  0xf0,0xff,0xe0,0x00,0x00,0xff,0xe3,0xff,0x87,0xff,0x1f,0xfc,0x3f,0xf0,0xff,0xe0,0x00,0x00,0xff,0xe3,0xff,0x87,0xff,0x1f,
  0xfc,0x3f,0xf0,0xff,0xe0,0x00,0x00,0xff,0xe3,0xff,0x87,0xff,0x1f,0xfc,0x3f,0xf0,0xff,0xe0,0x00,0x00,0xff,0xe3,0xff,0x87,
  0xff,0x1f,0xfc,0x3f,0xf0,0xff,0xe0,0x00,0x00,0xff,0xe3,0xff,0x87,0xff,0x1f,0xfc,0x3f,0xf0,0xff,0xe0,0x00,0x00,0xff,0xe3,
  0xff,0x87,0xff,0x1f,0xfc,0x3f,0xf0,0xff,0xe0,0x00,0x00,0xff,0xe3,0xff,0x87,0xff,0x1f,0xfc,0x3f,0xf0,0xff,0xe0,0x00,0x00,
  0xff,0xe3,0xff,0x87,0xff,0x1f,0xfc,0x3f,0xf0,0xff,0xe0,0x00,0x00,0xff,0xe3,0xff,0x87,0xff,0x1f,0xfc,0x3f,0xf0,0xff,0xe0,
  0x00,0x00,0x00,0x00,0x00,0x00,0x00,0x00,0x00,0x00,0x00,0x00,0x00,0x00,0x00,0x00,0x00,0x00,0x00,0x00,0x00,0x00,0x00,0x00,
  0x00,0x00,0x00,0x00,0x00,0x00,0x00,0x00,0x00,0x00,0x00,0x00,0x00,0x00,0x00,0x00,0x00,0xff,0xe3,0xff,0x80,0x00,0x00,0x00,
  0x3f,0xf0,0xff,0xe0,0x00,0x00,0xff,0xe3,0xff,0x80,0x00,0x00,0x00,0x3f,0xf0,0xff,0xe0,0x00,0x00,0xff,0xe3,0xff,0x80,0x00,
  0x00,0x00,0x3f,0xf0,0xff,0xe0,0x00,0x00,0xff,0xe3,0xff,0x80,0x00,0x00,0x00,0x3f,0xf0,0xff,0xe0,0x00,0x00,0xff,0xe3,0xff,
  0x80,0x00,0x00,0x00,0x3f,0xf0,0xff,0xe0,0x00,0x00,0xff,0xe3,0xff,0x80,0x00,0x00,0x00,0x3f,0xf0,0xff,0xe0,0x00,0x00,0xff,
  0xe3,0xff,0x80,0x00,0x00,0x00,0x3f,0xf0,0xff,0xe0,0x00,0x00,0xff,0xe3,0xff,0x80,0x00,0x00,0x00,0x3f,0xf0,0xff,0xe0,0x00,
  0x00,0xff,0xe3,0xff,0x80,0x00,0x00,0x00,0x3f,0xf0,0xff,0xe0,0x00,0x00,0xff,0xe3,0xff,0x80,0x00,0x00,0x00,0x3f,0xf0,0xff,
  0xe0,0x00,0x00,0xff,0xe3,0xff,0x80,0x00,0x00,0x00,0x3f,0xf0,0xff,0xe0,0x00,0x00,0x00,0x00,0x00,0x00,0x00,0x00,0x00,0x00,
  0x00,0x00,0x00,0x00,0x00,0x00,0x00,0x00,0x00,0x00,0x00,0x00,0x00,0x00,0x00,0x00,0x00,0x00,0x00,0x00,0x00,0x00,0x00,0x00,
  0x00,0x00,0x00,0x00,0x00,0x00,0x00,0x00,0x00,0x00,0x00,0x00,0x00,0x00,0x00,0x00,0x00,0x00,0x00,0x00,0xff,0xe3,0xff,0x80,
  0x00,0x00,0x00,0x3f,0xf0,0xff,0xe0,0x00,0x00,0xff,0xe3,0xff,0x80,0x00,0x00,0x00,0x3f,0xf0,0xff,0xe0,0x00,0x00,0xff,0xe3,
  0xff,0x80,0x00,0x00,0x00,0x3f,0xf0,0xff,0xe0,0x00,0x00,0xff,0xe3,0xff,0x80,0x00,0x00,0x00,0x3f,0xf0,0xff,0xe0,0x00,0x00,
  0xff,0xe3,0xff,0x80,0x00,0x00,0x00,0x3f,0xf0,0xff,0xe0,0x00,0x00,0xff,0xe3,0xff,0x80,0x00,0x00,0x00,0x3f,0xf0,0xff,0xe0,
  0x00,0x00,0xff,0xe3,0xff,0x80,0x00,0x00,0x00,0x3f,0xf0,0xff,0xe0,0x00,0x00,0xff,0xe3,0xff,0x80,0x00,0x00,0x00,0x3f,0xf0,
  0xff,0xe0,0x00,0x00,0xff,0xe3,0xff,0x80,0x00,0x00,0x00,0x3f,0xf0,0xff,0xe0,0x00,0x00,0xff,0xe3,0xff,0x80,0x00,0x00,0x00,
  0x3f,0xf0,0xff,0xe0,0x00,0x00,0xff,0xe3,0xff,0x80,0x00,0x00,0x00,0x3f,0xf0,0xff,0xe0,0x00,0x00,0x00,0x00,0x00,0x00,0x00,
  0x00,0x00,0x00,0x00,0x00,0x00,0x00,0x00,0x00,0x00,0x00,0x00,0x00,0x00,0x00,0x00,0x00,0x00,0x00,0x00,0x00,0x00,0x00,0x00,
  0x00,0x00,0x00,0x00,0x00,0x00,0x00,0x00,0x00,0x00,0xff,0xe3,0xff,0x80,0x00,0x1f,0xfc,0x3f,0xf0,0xff,0xe0,0x00,0x00,0xff,
  0xe3,0xff,0x80,0x00,0x1f,0xfc,0x3f,0xf0,0xff,0xe0,0x00,0x00,0xff,0xe3,0xff,0x80,0x00,0x1f,0xfc,0x3f,0xf0,0xff,0xe0,0x00,
  0x00,0xff,0xe3,0xff,0x80,0x00,0x1f,0xfc,0x3f,0xf0,0xff,0xe0,0x00,0x00,0xff,0xe3,0xff,0x80,0x00,0x1f,0xfc,0x3f,0xf0,0xff,
  0xe0,0x00,0x00,0xff,0xe3,0xff,0x80,0x00,0x1f,0xfc,0x3f,0xf0,0xff,0xe0,0x00,0x00,0xff,0xe3,0xff,0x80,0x00,0x1f,0xfc,0x3f,
  0xf0,0xff,0xe0,0x00,0x00,0xff,0xe3,0xff,0x80,0x00,0x1f,0xfc,0x3f,0xf0,0xff,0xe0,0x00,0x00,0xff,0xe3,0xff,0x80,0x00,0x1f,
  0xfc,0x3f,0xf0,0xff,0xe0,0x00,0x00,0xff,0xe3,0xff,0x80,0x00,0x1f,0xfc,0x3f,0xf0,0xff,0xe0,0x00,0x00,0xff,0xe3,0xff,0x80,
  0x00,0x1f,0xfc,0x3f,0xf0,0xff,0xe0,0x00,0x00,0x00,0x00,0x00,0x00,0x00,0x00,0x00,0x00,0x00,0x00,0x00,0x00,0x00,0x00,0x00,
  0x00,0x00,0x00,0x00,0x00,0x00,0x00,0x00,0x00,0x00,0x00,0x00,0x00,0x00,0x00,0x00,0x00,0x00,0x00,0x00,0x00,0x00,0x00,0x00,
  0xff,0xe3,0xff,0x87,0xff,0x00,0x00,0x3f,0xf0,0xff,0xe0,0x00,0x00,0xff,0xe3,0xff,0x87,0xff,0x00,0x00,0x3f,0xf0,0xff,0xe0,
  0x00,0x00,0xff,0xe3,0xff,0x87,0xff,0x00,0x00,0x3f,0xf0,0xff,0xe0,0x00,0x00,0xff,0xe3,0xff,0x87,0xff,0x00,0x00,0x3f,0xf0,
  0xff,0xe0,0x00,0x00,0xff,0xe3,0xff,0x87,0xff,0x00,0x00,0x3f,0xf0,0xff,0xe0,0x00,0x00,0xff,0xe3,0xff,0x87,0xff,0x00,0x00,
  0x3f,0xf0,0xff,0xe0,0x00,0x00,0xff,0xe3,0xff,0x87,0xff,0x00,0x00,0x3f,0xf0,0xff,0xe0,0x00,0x00,0xff,0xe3,0xff,0x87,0xff,
  0x00,0x00,0x3f,0xf0,0xff,0xe0,0x00,0x00,0xff,0xe3,0xff,0x87,0xff,0x00,0x00,0x3f,0xf0,0xff,0xe0,0x00,0x00,0xff,0xe3,0xff,
  0x87,0xff,0x00,0x00,0x3f,0xf0,0xff,0xe0,0x00,0x00,0xff,0xe3,0xff,0x87,0xff,0x00,0x00,0x3f,0xf0,0xff,0xe0,0x00,0x00,0x00,
  0x00,0x00,0x00,0x00,0x00,0x00,0x00,0x00,0x00,0x00,0x00,0x00,0x00,0x00,0x00,0x00,0x00,0x00,0x00,0x00,0x00,0x00,0x00,0x00,
  0x00,0x00,0x00,0x00,0x00,0x00,0x00,0x00,0x00,0x00,0x00,0x00,0x00,0x00,0x00,0x00,0x00,0x00,0x00,0x00,0x00,0x00,0x00,0x00,
  0x00,0x00,0x00,0xff,0xe3,0xff,0x80,0x00,0x00,0x00,0x3f,0xf0,0xff,0xe0,0x00,0x00,0xff,0xe3,0xff,0x80,0x00,0x00,0x00,0x3f,
  0xf0,0xff,0xe0,0x00,0x00,0xff,0xe3,0xff,0x80,0x00,0x00,0x00,0x3f,0xf0,0xff,0xe0,0x00,0x00,0xff,0xe3,0xff,0x80,0x00,0x00,
  0x00,0x3f,0xf0,0xff,0xe0,0x00,0x00,0xff,0xe3,0xff,0x80,0x00,0x00,0x00,0x3f,0xf0,0xff,0xe0,0x00,0x00,0xff,0xe3,0xff,0x80,
  0x00,0x00,0x00,0x3f,0xf0,0xff,0xe0,0x00,0x00,0xff,0xe3,0xff,0x80,0x00,0x00,0x00,0x3f,0xf0,0xff,0xe0,0x00,0x00,0xff,0xe3,
  0xff,0x80,0x00,0x00,0x00,0x3f,0xf0,0xff,0xe0,0x00,0x00,0xff,0xe3,0xff,0x80,0x00,0x00,0x00,0x3f,0xf0,0xff,0xe0,0x00,0x00,
  0xff,0xe3,0xff,0x80,0x00,0x00,0x00,0x3f,0xf0,0xff,0xe0,0x00,0x00,0xff,0xe3,0xff,0x80,0x00,0x00,0x00,0x3f,0xf0,0xff,0xe0,
  0x00,0x00,0x00,0x00,0x00,0x00,0x00,0x00,0x00,0x00,0x00,0x00,0x00,0x00,0x00,0x00,0x00,0x00,0x00,0x00,0x00,0x00,0x00,0x00,
  0x00,0x00,0x00,0x00,0x00,0x00,0x00,0x00,0x00,0x00,0x00,0x00,0x00,0x00,0x00,0x00,0x00,0xff,0xe3,0xff,0x80,0x00,0x00,0x00,
  0x3f,0xf0,0xff,0xe0,0x00,0x00,0xff,0xe3,0xff,0x80,0x00,0x00,0x00,0x3f,0xf0,0xff,0xe0,0x00,0x00,0xff,0xe3,0xff,0x80,0x00,
  0x00,0x00,0x3f,0xf0,0xff,0xe0,0x00,0x00,0xff,0xe3,0xff,0x80,0x00,0x00,0x00,0x3f,0xf0,0xff,0xe0,0x00,0x00,0xff,0xe3,0xff,
  0x80,0x00,0x00,0x00,0x3f,0xf0,0xff,0xe0,0x00,0x00,0xff,0xe3,0xff,0x80,0x00,0x00,0x00,0x3f,0xf0,0xff,0xe0,0x00,0x00,0xff,
  0xe3,0xff,0x80,0x00,0x00,0x00,0x3f,0xf0,0xff,0xe0,0x00,0x00,0xff,0xe3,0xff,0x80,0x00,0x00,0x00,0x3f,0xf0,0xff,0xe0,0x00,
  0x00,0xff,0xe3,0xff,0x80,0x00,0x00,0x00,0x3f,0xf0,0xff,0xe0,0x00,0x00,0xff,0xe3,0xff,0x80,0x00,0x00,0x00,0x3f,0xf0,0xff,
  0xe0,0x00,0x00,0xff,0xe3,0xff,0x80,0x00,0x00,0x00,0x3f,0xf0,0xff,0xe0,0x00,0x00,0x00,0x00,0x00,0x00,0x00,0x00,0x00,0x00,
  0x00,0x00,0x00,0x00,0x00,0x00,0x00,0x00,0x00,0x00,0x00,0x00,0x00,0x00,0x00,0x00,0x00,0x00,0x00,0x00,0x00,0x00,0x00,0x00,
  0x00,0x00,0x00,0x00,0x00,0x00,0x00,0x00,0x00,0x00,0x00,0x00,0x00,0x00,0x00,0x00,0x00,0x00,0x00,0x00,0xff,0xe3,0xff,0x87,
  0xff,0x1f,0xfc,0x3f,0xf0,0xff,0xe0,0x00,0x00,0xff,0xe3,0xff,0x87,0xff,0x1f,0xfc,0x3f,0xf0,0xff,0xe0,0x00,0x00,0xff,0xe3,
  0xff,0x87,0xff,0x1f,0xfc,0x3f,0xf0,0xff,0xe0,0x00,0x00,0xff,0xe3,0xff,0x87,0xff,0x1f,0xfc,0x3f,0xf0,0xff,0xe0,0x00,0x00,
  0xff,0xe3,0xff,0x87,0xff,0x1f,0xfc,0x3f,0xf0,0xff,0xe0,0x00,0x00,0xff,0xe3,0xff,0x87,0xff,0x1f,0xfc,0x3f,0xf0,0xff,0xe0,
  0x00,0x00,0xff,0xe3,0xff,0x87,0xff,0x1f,0xfc,0x3f,0xf0,0xff,0xe0,0x00,0x00,0xff,0xe3,0xff,0x87,0xff,0x1f,0xfc,0x3f,0xf0,
  0xff,0xe0,0x00,0x00,0xff,0xe3,0xff,0x87,0xff,0x1f,0xfc,0x3f,0xf0,0xff,0xe0,0x00,0x00,0xff,0xe3,0xff,0x87,0xff,0x1f,0xfc,
  0x3f,0xf0,0xff,0xe0,0x00,0x00,0xff,0xe3,0xff,0x87,0xff,0x1f,0xfc,0x3f,0xf0,0xff,0xe0,0x00,0x00,0x00,0x00,0x00,0x00,0x00,
  0x00,0x00,0x00,0x00,0x00,0x00,0x00,0x00,0x00,0x00,0x00,0x00,0x00,0x00,0x00,0x00,0x00,0x00,0x00,0x00,0x00,0x00,0x00,0x00,
  0x00,0x00,0x00,0x00,0x00,0x00,0x00,0x00,0x00,0x00,0x00,0x03,0xff,0x87,0xff,0x1f,0xfc,0x3f,0xf0,0x00,0x00,0x00,0x00,0x00,
  0x03,0xff,0x87,0xff,0x1f,0xfc,0x3f,0xf0,0x00,0x00,0x00,0x00,0x00,0x03,0xff,0x87,0xff,0x1f,0xfc,0x3f,0xf0,0x00,0x00,0x00,
  0x00,0x00,0x03,0xff,0x87,0xff,0x1f,0xfc,0x3f,0xf0,0x00,0x00,0x00,0x00,0x00,0x03,0xff,0x87,0xff,0x1f,0xfc,0x3f,0xf0,0x00,
  0x00,0x00,0x00,0x00,0x03,0xff,0x87,0xff,0x1f,0xfc,0x3f,0xf0,0x00,0x00,0x00,0x00,0x00,0x03,0xff,0x87,0xff,0x1f,0xfc,0x3f,
  0xf0,0x00,0x00,0x00,0x00,0x00,0x03,0xff,0x87,0xff,0x1f,0xfc,0x3f,0xf0,0x00,0x00,0x00,0x00,0x00,0x03,0xff,0x87,0xff,0x1f,
  0xfc,0x3f,0xf0,0x00,0x00,0x00,0x00,0x00,0x03,0xff,0x87,0xff,0x1f,0xfc,0x3f,0xf0,0x00,0x00,0x00,0x00,0x00,0x03,0xff,0x87,
  0xff,0x1f,0xfc,0x3f,0xf0,0x00,0x00,0x00,0x00,0xff,0xe3,0xff,0x87,0xff,0x1f,0xfc,0x00,0x00,0x00,0x00,0x00,0x00,0xff,0xe3,
  0xff,0x87,0xff,0x1f,0xfc,0x00,0x00,0x00,0x00,0x00,0x00,0xff,0xe3,0xff,0x87,0xff,0x1f,0xfc,0x00,0x00,0x00,0x00,0x00,0x00,
  0xff,0xe3,0xff,0x87,0xff,0x1f,0xfc,0x00,0x00,0x00,0x00,0x00,0x00,0xff,0xe3,0xff,0x87,0xff,0x1f,0xfc,0x00,0x00,0x00,0x00,
  0x00,0x00,0xff,0xe3,0xff,0x87,0xff,0x1f,0xfc,0x00,0x00,0x00,0x00,0x00,0x00,0xff,0xe3,0xff,0x87,0xff,0x1f,0xfc,0x00,0x00,
  0x00,0x00,0x00,0x00,0xff,0xe3,0xff,0x87,0xff,0x1f,0xfc,0x00,0x00,0x00,0x00,0x00,0x00,0xff,0xe3,0xff,0x87,0xff,0x1f,0xfc,
  0x00,0x00,0x00,0x00,0x00,0x00,0xff,0xe3,0xff,0x87,0xff,0x1f,0xfc,0x00,0x00,0x00,0x00,0x00,0x00,0xff,0xe3,0xff,0x87,0xff,
  0x1f,0xfc,0x00,0x00,0x00,0x00,0x00,0x00,0x00,0x00,0x00,0x00,0x00,0x00,0x00,0x00,0x00,0x00,0x00,0x00,0x00,0x00,0x00,0x00,
  0x00,0x00,0x00,0x00,0x00,0x00,0x00,0x00,0x00,0x00,0x00,0x00,0x00,0x00,0x00,0x00,0x00,0x00,0x00,0x00,0x00,0x00,0x00,0x00,
  0x00,0x00,0x00,0x00,0x00,0x00,0x00,0x00,0x00,0x00,0x00,0x00,0xff,0xe3,0xff,0x87,0xff,0x1f,0xfc,0x00,0x00,0x00,0x00,0x00,
  0x00,0xff,0xe3,0xff,0x87,0xff,0x1f,0xfc,0x00,0x00,0x00,0x00,0x00,0x00,0xff,0xe3,0xff,0x87,0xff,0x1f,0xfc,0x00,0x00,0x00,
  0x00,0x00,0x00,0xff,0xe3,0xff,0x87,0xff,0x1f,0xfc,0x00,0x00,0x00,0x00,0x00,0x00,0xff,0xe3,0xff,0x87,0xff,0x1f,0xfc,0x00,
  0x00,0x00,0x00,0x00,0x00,0xff,0xe3,0xff,0x87,0xff,0x1f,0xfc,0x00,0x00,0x00,0x00,0x00,0x00,0xff,0xe3,0xff,0x87,0xff,0x1f,
  0xfc,0x00,0x00,0x00,0x00,0x00,0x00,0xff,0xe3,0xff,0x87,0xff,0x1f,0xfc,0x00,0x00,0x00,0x00,0x00,0x00,0xff,0xe3,0xff,0x87,
  0xff,0x1f,0xfc,0x00,0x00,0x00,0x00,0x00,0x00,0xff,0xe3,0xff,0x87,0xff,0x1f,0xfc,0x00,0x00,0x00,0x00,0x00,0x00,0xff,0xe3,
  0xff,0x87,0xff,0x1f,0xfc,0x00,0x00,0x00,0x00,0x00,0x00,0x00,0x00,0x00,0x00,0x00,0x00,0x00,0x00,0x00,0x00,0x00,0x00,0x00,
  0x00,0x00,0x00,0x00,0x00,0x00,0x00,0x00,0x00,0x00,0x00,0x00,0x00,0x00,0x00,0x00,0x00,0x00,0x00,0x00,0x00,0x00,0x00,0x00,
  0x00,0x00,0x00,0x00,0x00,0x07,0xff,0x1f,0xfc,0x00,0x00,0x00,0x00,0x00,0x00,0x00,0x00,0x00,0x07,0xff,0x1f,0xfc,0x00,0x00,
  0x00,0x00,0x00,0x00,0x00,0x00,0x00,0x07,0xff,0x1f,0xfc,0x00,0x00,0x00,0x00,0x00,0x00,0x00,0x00,0x00,0x07,0xff,0x1f,0xfc,
  0x00,0x00,0x00,0x00,0x00,0x00,0x00,0x00,0x00,0x07,0xff,0x1f,0xfc,0x00,0x00,0x00,0x00,0x00,0x00,0x00,0x00,0x00,0x07,0xff,
  0x1f,0xfc,0x00,0x00,0x00,0x00,0x00,0x00,0x00,0x00,0x00,0x07,0xff,0x1f,0xfc,0x00,0x00,0x00,0x00,0x00,0x00,0x00,0x00,0x00,
  0x07,0xff,0x1f,0xfc,0x00,0x00,0x00,0x00,0x00,0x00,0x00,0x00,0x00,0x07,0xff,0x1f,0xfc,0x00,0x00,0x00,0x00,0x00,0x00,0x00,
  0x00,0x00,0x07,0xff,0x1f,0xfc,0x00,0x00,0x00,0x00,0x00,0x00,0x00,0x00,0x00,0x07,0xff,0x1f,0xfc,0x00,0x00,0x00,0x00,0x00,
  0x00,0x00,0x00,0x00,0x00,0x00,0x00,0x00,0x00,0x00,0x00,0x00,0x00,0x00,0x00,0x00,0x00,0x00,0x00,0x00,0x00,0x00,0x00,0x00,
  0x00,0x00,0x00,0x00,0x00,0x00,0x00,0x00,0x00,0x00,0x00,0x00,0x00,0x00,0x00,0x00,0x00,0x00,0x00,0x00,0x00,0x00,0x00,0x00,
  0x00,0x00,0x00,0x00,0x00,0x00,0x00,0x00,0x07,0xff,0x1f,0xfc,0x00,0x00,0x00,0x00,0x00,0x00,0x00,0x00,0x00,0x07,0xff,0x1f,
  0xfc,0x00,0x00,0x00,0x00,0x00,0x00,0x00,0x00,0x00,0x07,0xff,0x1f,0xfc,0x00,0x00,0x00,0x00,0x00,0x00,0x00,0x00,0x00,0x07,
  0xff,0x1f,0xfc,0x00,0x00,0x00,0x00,0x00,0x00,0x00,0x00,0x00,0x07,0xff,0x1f,0xfc,0x00,0x00,0x00,0x00,0x00,0x00,0x00,0x00,
  0x00,0x07,0xff,0x1f,0xfc,0x00,0x00,0x00,0x00,0x00,0x00,0x00,0x00,0x00,0x07,0xff,0x1f,0xfc,0x00,0x00,0x00,0x00,0x00,0x00,
  0x00,0x00,0x00,0x07,0xff,0x1f,0xfc,0x00,0x00,0x00,0x00,0x00,0x00,0x00,0x00,0x00,0x07,0xff,0x1f,0xfc,0x00,0x00,0x00,0x00,
  0x00,0x00,0x00,0x00,0x00,0x07,0xff,0x1f,0xfc,0x00,0x00,0x00,0x00,0x00,0x00,0x00,0x00,0x00,0x07,0xff,0x1f,0xfc,0x00,0x00,
  0x00,0x00,0x00,0x00,0x00,0x00,0x00,0x00,0x00,0x00,0x00,0x00,0x00,0x00,0x00,0x00,0x00,0x00,0x00,0x00,0x00,0x00,0x00,0x00,
  0x00,0x00,0x00,0x00,0x00,0x00,0x00,0x00,0x00,0x00,0x00,0x00,0x00,0x00,0x00,0x00,0x00,0x00,0x00,0x00,0x00,0x00,0x07,0xff,
  0x1f,0xfc,0x00,0x00,0x00,0x00,0x00,0x00,0x00,0x00,0x00,0x07,0xff,0x1f,0xfc,0x00,0x00,0x00,0x00,0x00,0x00,0x00,0x00,0x00,
  0x07,0xff,0x1f,0xfc,0x00,0x00,0x00,0x00,0x00,0x00,0x00,0x00,0x00,0x07,0xff,0x1f,0xfc,0x00,0x00,0x00,0x00,0x00,0x00,0x00,
  0x00,0x00,0x07,0xff,0x1f,0xfc,0x00,0x00,0x00,0x00,0x00,0x00,0x00,0x00,0x00,0x07,0xff,0x1f,0xfc,0x00,0x00,0x00,0x00,0x00,
  0x00,0x00,0x00,0x00,0x07,0xff,0x1f,0xfc,0x00,0x00,0x00,0x00,0x00,0x00,0x00,0x00,0x00,0x07,0xff,0x1f,0xfc,0x00,0x00,0x00,
  0x00,0x00,0x00,0x00,0x00,0x00,0x07,0xff,0x1f,0xfc,0x00,0x00,0x00,0x00,0x00,0x00,0x00,0x00,0x00,0x07,0xff,0x1f,0xfc,0x00,
  0x00,0x00,0x00,0x00,0x00,0x00,0x00,0x00,0x07,0xff,0x1f,0xfc,0x00,0x00,0x00,0x00,0x00,0x00,0x00,0x00,0x00,0x00,0x00,0x00,
  0x00,0x00,0x00,0x00,0x00,0x00,0x00,0x00,0x00,0x00,0x00,0x00,0x00,0x00,0x00,0x00,0x00,0x00,0x00,0x00,0x00,0x00,0x00,0x00,
  0x00,0x00,0x00,0x00,0x00,0x00,0x00,0x00,0x00,0x00,0x00,0x00,0x07,0xff,0x1f,0xfc,0x00,0x00,0x00,0x00,0x00,0x00,0x00,0x00,
  0x00,0x07,0xff,0x1f,0xfc,0x00,0x00,0x00,0x00,0x00,0x00,0x00,0x00,0x00,0x07,0xff,0x1f,0xfc,0x00,0x00,0x00,0x00,0x00,0x00,
  0x00,0x00,0x00,0x07,0xff,0x1f,0xfc,0x00,0x00,0x00,0x00,0x00,0x00,0x00,0x00,0x00,0x07,0xff,0x1f,0xfc,0x00,0x00,0x00,0x00,
  0x00,0x00,0x00,0x00,0x00,0x07,0xff,0x1f,0xfc,0x00,0x00,0x00,0x00,0x00,0x00,0x00,0x00,0x00,0x07,0xff,0x1f,0xfc,0x00,0x00,
  0x00,0x00,0x00,0x00,0x00,0x00,0x00,0x07,0xff,0x1f,0xfc,0x00,0x00,0x00,0x00,0x00,0x00,0x00,0x00,0x00,0x07,0xff,0x1f,0xfc,
  0x00,0x00,0x00,0x00,0x00,0x00,0x00,0x00,0x00,0x07,0xff,0x1f,0xfc,0x00,0x00,0x00,0x00,0x00,0x00,0x00,0x00,0x00,0x07,0xff,
  0x1f,0xfc,0x00,0x00,0x00,0x00,0x00,0x00,0x00,0x00,0x00,0x00,0x00,0x00,0x00,0x00,0x00,0x00,0x00,0x00,0x00,0x00,0x00,0x00,
  0x00,0x00,0x00,0x00,0x00,0x00,0x00,0x00,0x00,0x00,0x00,0x00,0x00,0x00,0x00,0x00,0x00,0x00,0x00,0x00,0x00,0x00,0x00,0x00,
  0x00,0x00,0x00,0x00,0x00,0x00,0x00,0x00,0x00,0x00,0x00,0x00,0x00,0x00,0x00,0x07,0xff,0x1f,0xfc,0x00,0x00,0x00,0x00,0x00,
  0x00,0x00,0x00,0x00,0x07,0xff,0x1f,0xfc,0x00,0x00,0x00,0x00,0x00,0x00,0x00,0x00,0x00,0x07,0xff,0x1f,0xfc,0x00,0x00,0x00,
  0x00,0x00,0x00,0x00,0x00,0x00,0x07,0xff,0x1f,0xfc,0x00,0x00,0x00,0x00,0x00,0x00,0x00,0x00,0x00,0x07,0xff,0x1f,0xfc,0x00,
  0x00,0x00,0x00,0x00,0x00,0x00,0x00,0x00,0x07,0xff,0x1f,0xfc,0x00,0x00,0x00,0x00,0x00,0x00,0x00,0x00,0x00,0x07,0xff,0x1f,
  0xfc,0x00,0x00,0x00,0x00,0x00,0x00,0x00,0x00,0x00,0x07,0xff,0x1f,0xfc,0x00,0x00,0x00,0x00,0x00,0x00,0x00,0x00,0x00,0x07,
  0xff,0x1f,0xfc,0x00,0x00,0x00,0x00,0x00,0x00,0x00,0x00,0x00,0x07,0xff,0x1f,0xfc,0x00,0x00,0x00,0x00,0x00,0x00,0x00,0x00,
  0x00,0x07,0xff,0x1f,0xfc,0x00,0x00,0x00,0x00,0x00,0x00,0x00,0x00,0x00,0x00,0x00,0x00,0x00,0x00,0x00,0x00,0x00,0x00,0x00,
  0x00,0x00,0x00,0x00,0x00,0x00,0x00,0x00,0x00,0x00,0x00,0x00,0x00,0x00,0x00,0x00,0x00,0x00,0x00,0x00,0x00,0x00,0x00,0x00,
  0x00,0x00,0x00,0x00,0x00,0x07,0xff,0x1f,0xfc,0x00,0x00,0x00,0x00,0x00,0x00,0x00,0x00,0x00,0x07,0xff,0x1f,0xfc,0x00,0x00,
  0x00,0x00,0x00,0x00,0x00,0x00,0x00,0x07,0xff,0x1f,0xfc,0x00,0x00,0x00,0x00,0x00,0x00,0x00,0x00,0x00,0x07,0xff,0x1f,0xfc,
  0x00,0x00,0x00,0x00,0x00,0x00,0x00,0x00,0x00,0x07,0xff,0x1f,0xfc,0x00,0x00,0x00,0x00,0x00,0x00,0x00,0x00,0x00,0x07,0xff,
  0x1f,0xfc,0x00,0x00,0x00,0x00,0x00,0x00,0x00,0x00,0x00,0x07,0xff,0x1f,0xfc,0x00,0x00,0x00,0x00,0x00,0x00,0x00,0x00,0x00,
  0x07,0xff,0x1f,0xfc,0x00,0x00,0x00,0x00,0x00,0x00,0x00,0x00,0x00,0x07,0xff,0x1f,0xfc,0x00,0x00,0x00,0x00,0x00,0x00,0x00,
  0x00,0x00,0x07,0xff,0x1f,0xfc,0x00,0x00,0x00,0x00,0x00,0x00,0x00,0x00,0x00,0x07,0xff,0x1f,0xfc,0x00,0x00,0x00,0x00,0x00,
  0x00,0x00,0x00,0x00,0x00,0x00,0x00,0x00,0x00,0x00,0x00,0x00,0x00,0x00,0x00,0x00,0x00,0x00,0x00,0x00,0x00,0x00,0x00,0x00,
  0x00,0x00,0x00,0x00,0x00,0x00,0x00,0x00,0x00,0x00,0x00,0x00,0x00,0x00,0x00,0x00,0x00,0x00,0x00,0x00,0x00,0x00,0x00,0x00,
  0x00,0x00,0x00,0x00,0x00,0xff,0xe3,0xff,0x87,0xff,0x1f,0xfc,0x3f,0xf0,0xff,0xe0,0x00,0x00,0xff,0xe3,0xff,0x87,0xff,0x1f,
  0xfc,0x3f,0xf0,0xff,0xe0,0x00,0x00,0xff,0xe3,0xff,0x87,0xff,0x1f,0xfc,0x3f,0xf0,0xff,0xe0,0x00,0x00,0xff,0xe3,0xff,0x87,
  0xff,0x1f,0xfc,0x3f,0xf0,0xff,0xe0,0x00,0x00,0xff,0xe3,0xff,0x87,0xff,0x1f,0xfc,0x3f,0xf0,0xff,0xe0,0x00,0x00,0xff,0xe3,
  0xff,0x87,0xff,0x1f,0xfc,0x3f,0xf0,0xff,0xe0,0x00,0x00,0xff,0xe3,0xff,0x87,0xff,0x1f,0xfc,0x3f,0xf0,0xff,0xe0,0x00,0x00,
  0xff,0xe3,0xff,0x87,0xff,0x1f,0xfc,0x3f,0xf0,0xff,0xe0,0x00,0x00,0xff,0xe3,0xff,0x87,0xff,0x1f,0xfc,0x3f,0xf0,0xff,0xe0,
  0x00,0x00,0xff,0xe3,0xff,0x87,0xff,0x1f,0xfc,0x3f,0xf0,0xff,0xe0,0x00,0x00,0xff,0xe3,0xff,0x87,0xff,0x1f,0xfc,0x3f,0xf0,
  0xff,0xe0,0x00,0x00,0x00,0x00,0x00,0x00,0x00,0x00,0x00,0x00,0x00,0x00,0x00,0x00,0x00,0x00,0x00,0x00,0x00,0x00,0x00,0x00,
  0x00,0x00,0x00,0x00,0x00,0x00,0x00,0x00,0x00,0x00,0x00,0x00,0x00,0x00,0x00,0x00,0x00,0x00,0x00,0xff,0xe3,0xff,0x87,0xff,
  0x1f,0xfc,0x3f,0xf0,0xff,0xe0,0x00,0x00,0xff,0xe3,0xff,0x87,0xff,0x1f,0xfc,0x3f,0xf0,0xff,0xe0,0x00,0x00,0xff,0xe3,0xff,
  0x87,0xff,0x1f,0xfc,0x3f,0xf0,0xff,0xe0,0x00,0x00,0xff,0xe3,0xff,0x87,0xff,0x1f,0xfc,0x3f,0xf0,0xff,0xe0,0x00,0x00,0xff,
  0xe3,0xff,0x87,0xff,0x1f,0xfc,0x3f,0xf0,0xff,0xe0,0x00,0x00,0xff,0xe3,0xff,0x87,0xff,0x1f,0xfc,0x3f,0xf0,0xff,0xe0,0x00,
  0x00,0xff,0xe3,0xff,0x87,0xff,0x1f,0xfc,0x3f,0xf0,0xff,0xe0,0x00,0x00,0xff,0xe3,0xff,0x87,0xff,0x1f,0xfc,0x3f,0xf0,0xff,
  0xe0,0x00,0x00,0xff,0xe3,0xff,0x87,0xff,0x1f,0xfc,0x3f,0xf0,0xff,0xe0,0x00,0x00,0xff,0xe3,0xff,0x87,0xff,0x1f,0xfc,0x3f,
  0xf0,0xff,0xe0,0x00,0x00,0xff,0xe3,0xff,0x87,0xff,0x1f,0xfc,0x3f,0xf0,0xff,0xe0,0x00,0x00,0xff,0xe3,0xff,0x87,0xff,0x1f,
  0xfc,0x3f,0xf0,0x00,0x00,0x00,0x00,0xff,0xe3,0xff,0x87,0xff,0x1f,0xfc,0x3f,0xf0,0x00,0x00,0x00,0x00,0xff,0xe3,0xff,0x87,
  0xff,0x1f,0xfc,0x3f,0xf0,0x00,0x00,0x00,0x00,0xff,0xe3,0xff,0x87,0xff,0x1f,0xfc,0x3f,0xf0,0x00,0x00,0x00,0x00,0xff,0xe3,
  0xff,0x87,0xff,0x1f,0xfc,0x3f,0xf0,0x00,0x00,0x00,0x00,0xff,0xe3,0xff,0x87,0xff,0x1f,0xfc,0x3f,0xf0,0x00,0x00,0x00,0x00,
  0xff,0xe3,0xff,0x87,0xff,0x1f,0xfc,0x3f,0xf0,0x00,0x00,0x00,0x00,0xff,0xe3,0xff,0x87,0xff,0x1f,0xfc,0x3f,0xf0,0x00,0x00,
  0x00,0x00,0xff,0xe3,0xff,0x87,0xff,0x1f,0xfc,0x3f,0xf0,0x00,0x00,0x00,0x00,0xff,0xe3,0xff,0x87,0xff,0x1f,0xfc,0x3f,0xf0,
  0x00,0x00,0x00,0x00,0xff,0xe3,0xff,0x87,0xff,0x1f,0xfc,0x3f,0xf0,0x00,0x00,0x00,0x00,0x00,0x00,0x00,0x00,0x00,0x00,0x00,
  0x00,0x00,0x00,0x00,0x00,0x00,0x00,0x00,0x00,0x00,0x00,0x00,0x00,0x00,0x00,0x00,0x00,0x00,0x00,0x00,0x00,0x00,0x00,0x00,
  0x00,0x00,0x00,0x00,0x00,0x00,0x00,0x00,0x00,0x00,0x00,0x00,0x00,0x00,0x00,0x00,0x00,0x00,0x00,0x00,0x00,0xff,0xe3,0xff,
  0x87,0xff,0x1f,0xfc,0x3f,0xf0,0xff,0xe0,0x00,0x00,0xff,0xe3,0xff,0x87,0xff,0x1f,0xfc,0x3f,0xf0,0xff,0xe0,0x00,0x00,0xff,
  0xe3,0xff,0x87,0xff,0x1f,0xfc,0x3f,0xf0,0xff,0xe0,0x00,0x00,0xff,0xe3,0xff,0x87,0xff,0x1f,0xfc,0x3f,0xf0,0xff,0xe0,0x00,
  0x00,0xff,0xe3,0xff,0x87,0xff,0x1f,0xfc,0x3f,0xf0,0xff,0xe0,0x00,0x00,0xff,0xe3,0xff,0x87,0xff,0x1f,0xfc,0x3f,0xf0,0xff,
  0xe0,0x00,0x00,0xff,0xe3,0xff,0x87,0xff,0x1f,0xfc,0x3f,0xf0,0xff,0xe0,0x00,0x00,0xff,0xe3,0xff,0x87,0xff,0x1f,0xfc,0x3f,
  0xf0,0xff,0xe0,0x00,0x00,0xff,0xe3,0xff,0x87,0xff,0x1f,0xfc,0x3f,0xf0,0xff,0xe0,0x00,0x00,0xff,0xe3,0xff,0x87,0xff,0x1f,
  0xfc,0x3f,0xf0,0xff,0xe0,0x00,0x00,0xff,0xe3,0xff,0x87,0xff,0x1f,0xfc,0x3f,0xf0,0xff,0xe0,0x00,0x00,0x00,0x00,0x00,0x00,
  0x00,0x00,0x00,0x00,0x00,0x00,0x00,0x00,0x00,0x00,0x00,0x00,0x00,0x00,0x00,0x00,0x00,0x00,0x00,0x00,0x00,0x00,0x00,0x00,
  0x00,0x00,0x00,0x00,0x00,0x00,0x00,0x00,0x00,0x00,0x00,0x00,0x00,0x00,0x00,0x00,0x00,0x00,0x3f,0xf0,0xff,0xe0,0x00,0x00,
  0x00,0x00,0x00,0x00,0x00,0x00,0x00,0x3f,0xf0,0xff,0xe0,0x00,0x00,0x00,0x00,0x00,0x00,0x00,0x00,0x00,0x3f,0xf0,0xff,0xe0,
  0x00,0x00,0x00,0x00,0x00,0x00,0x00,0x00,0x00,0x3f,0xf0,0xff,0xe0,0x00,0x00,0x00,0x00,0x00,0x00,0x00,0x00,0x00,0x3f,0xf0,
  0xff,0xe0,0x00,0x00,0x00,0x00,0x00,0x00,0x00,0x00,0x00,0x3f,0xf0,0xff,0xe0,0x00,0x00,0x00,0x00,0x00,0x00,0x00,0x00,0x00,
  0x3f,0xf0,0xff,0xe0,0x00,0x00,0x00,0x00,0x00,0x00,0x00,0x00,0x00,0x3f,0xf0,0xff,0xe0,0x00,0x00,0x00,0x00,0x00,0x00,0x00,
  0x00,0x00,0x3f,0xf0,0xff,0xe0,0x00,0x00,0x00,0x00,0x00,0x00,0x00,0x00,0x00,0x3f,0xf0,0xff,0xe0,0x00,0x00,0x00,0x00,0x00,
  0x00,0x00,0x00,0x00,0x3f,0xf0,0xff,0xe0,0x00,0x00,0x00,0x00,0x00,0x00,0x00,0x00,0x00,0x00,0x00,0x00,0x00,0x00,0x00,0x00,
  0x00,0x00,0x00,0x00,0x00,0x00,0x00,0x00,0x00,0x00,0x00,0x00,0x00,0x00,0x00,0x00,0x00,0x00,0x00,0x00,0x00,0x00,0x00,0x00,
  0x00,0x00,0x00,0x00,0x00,0x00,0x00,0x00,0x00,0x00,0x00,0x00,0x00,0x00,0x00,0x00,0x00,0x00,0x00,0x00,0x00,0x3f,0xf0,0xff,
  0xe0,0x00,0x00,0x00,0x00,0x00,0x00,0x00,0x00,0x00,0x3f,0xf0,0xff,0xe0,0x00,0x00,0x00,0x00,0x00,0x00,0x00,0x00,0x00,0x3f,
  0xf0,0xff,0xe0,0x00,0x00,0x00,0x00,0x00,0x00,0x00,0x00,0x00,0x3f,0xf0,0xff,0xe0,0x00,0x00,0x00,0x00,0x00,0x00,0x00,0x00,
  0x00,0x3f,0xf0,0xff,0xe0,0x00,0x00,0x00,0x00,0x00,0x00,0x00,0x00,0x00,0x3f,0xf0,0xff,0xe0,0x00,0x00,0x00,0x00,0x00,0x00,
  0x00,0x00,0x00,0x3f,0xf0,0xff,0xe0,0x00,0x00,0x00,0x00,0x00,0x00,0x00,0x00,0x00,0x3f,0xf0,0xff,0xe0,0x00,0x00,0x00,0x00,
  0x00,0x00,0x00,0x00,0x00,0x3f,0xf0,0xff,0xe0,0x00,0x00,0x00,0x00,0x00,0x00,0x00,0x00,0x00,0x3f,0xf0,0xff,0xe0,0x00,0x00,
  0x00,0x00,0x00,0x00,0x00,0x00,0x00,0x3f,0xf0,0xff,0xe0,0x00,0x00,0x00,0x00,0x00,0x00,0x00,0x00,0x00,0x00,0x00,0x00,0x00,
  0x00,0x00,0x00,0x00,0x00,0x00,0x00,0x00,0x00,0x00,0x00,0x00,0x00,0x00,0x00,0x00,0x00,0x00,0x00,0x00,0x00,0x00,0x00,0x00,
  0x00,0x00,0x00,0x00,0x00,0x03,0xff,0x87,0xff,0x1f,0xfc,0x3f,0xf0,0xff,0xe0,0x00,0x00,0x00,0x03,0xff,0x87,0xff,0x1f,0xfc,
  0x3f,0xf0,0xff,0xe0,0x00,0x00,0x00,0x03,0xff,0x87,0xff,0x1f,0xfc,0x3f,0xf0,0xff,0xe0,0x00,0x00,0x00,0x03,0xff,0x87,0xff,
  0x1f,0xfc,0x3f,0xf0,0xff,0xe0,0x00,0x00,0x00,0x03,0xff,0x87,0xff,0x1f,0xfc,0x3f,0xf0,0xff,0xe0,0x00,0x00,0x00,0x03,0xff,
  0x87,0xff,0x1f,0xfc,0x3f,0xf0,0xff,0xe0,0x00,0x00,0x00,0x03,0xff,0x87,0xff,0x1f,0xfc,0x3f,0xf0,0xff,0xe0,0x00,0x00,0x00,
  0x03,0xff,0x87,0xff,0x1f,0xfc,0x3f,0xf0,0xff,0xe0,0x00,0x00,0x00,0x03,0xff,0x87,0xff,0x1f,0xfc,0x3f,0xf0,0xff,0xe0,0x00,
  0x00,0x00,0x03,0xff,0x87,0xff,0x1f,0xfc,0x3f,0xf0,0xff,0xe0,0x00,0x00,0x00,0x03,0xff,0x87,0xff,0x1f,0xfc,0x3f,0xf0,0xff,
  0xe0,0x00,0x00,0x00,0x00,0x00,0x00,0x00,0x00,0x00,0x00,0x00,0x00,0x00,0x00,0x00,0x00,0x00,0x00,0x00,0x00,0x00,0x00,0x00,
  0x00,0x00,0x00,0x00,0x00,0x00,0x00,0x00,0x00,0x00,0x00,0x00,0x00,0x00,0x00,0x00,0x00,0x00,0xff,0xe3,0xff,0x87,0xff,0x1f,
  0xfc,0x3f,0xf0,0xff,0xe0,0x00,0x00,0xff,0xe3,0xff,0x87,0xff,0x1f,0xfc,0x3f,0xf0,0xff,0xe0,0x00,0x00,0xff,0xe3,0xff,0x87,
  0xff,0x1f,0xfc,0x3f,0xf0,0xff,0xe0,0x00,0x00,0xff,0xe3,0xff,0x87,0xff,0x1f,0xfc,0x3f,0xf0,0xff,0xe0,0x00,0x00,0xff,0xe3,
  0xff,0x87,0xff,0x1f,0xfc,0x3f,0xf0,0xff,0xe0,0x00,0x00,0xff,0xe3,0xff,0x87,0xff,0x1f,0xfc,0x3f,0xf0,0xff,0xe0,0x00,0x00,
  0xff,0xe3,0xff,0x87,0xff,0x1f,0xfc,0x3f,0xf0,0xff,0xe0,0x00,0x00,0xff,0xe3,0xff,0x87,0xff,0x1f,0xfc,0x3f,0xf0,0xff,0xe0,
  0x00,0x00,0xff,0xe3,0xff,0x87,0xff,0x1f,0xfc,0x3f,0xf0,0xff,0xe0,0x00,0x00,0xff,0xe3,0xff,0x87,0xff,0x1f,0xfc,0x3f,0xf0,
  0xff,0xe0,0x00,0x00,0xff,0xe3,0xff,0x87,0xff,0x1f,0xfc,0x3f,0xf0,0xff,0xe0,0x00,0x00,0x00,0x00,0x00,0x00,0x00,0x00,0x00,
  0x00,0x00,0x00,0x00,0x00,0x00,0x00,0x00,0x00,0x00,0x00,0x00,0x00,0x00,0x00,0x00,0x00,0x00,0x00,0x00,0x00,0x00,0x00,0x00,
  0x00,0x00,0x00,0x00,0x00,0x00,0x00,0x00,0x00,0x00,0x00,0x00,0x00,0x00,0x00,0x00,0x00,0x00,0x00,0x00,0x00,0xff,0xe3,0xff,
  0x80,0x00,0x00,0x00,0x00,0x00,0x00,0x00,0x00,0x00,0xff,0xe3,0xff,0x80,0x00,0x00,0x00,0x00,0x00,0x00,0x00,0x00,0x00,0xff,
  0xe3,0xff,0x80,0x00,0x00,0x00,0x00,0x00,0x00,0x00,0x00,0x00,0xff,0xe3,0xff,0x80,0x00,0x00,0x00,0x00,0x00,0x00,0x00,0x00,
  0x00,0xff,0xe3,0xff,0x80,0x00,0x00,0x00,0x00,0x00,0x00,0x00,0x00,0x00,0xff,0xe3,0xff,0x80,0x00,0x00,0x00,0x00,0x00,0x00,
  0x00,0x00,0x00,0xff,0xe3,0xff,0x80,0x00,0x00,0x00,0x00,0x00,0x00,0x00,0x00,0x00,0xff,0xe3,0xff,0x80,0x00,0x00,0x00,0x00,
  0x00,0x00,0x00,0x00,0x00,0xff,0xe3,0xff,0x80,0x00,0x00,0x00,0x00,0x00,0x00,0x00,0x00,0x00,0xff,0xe3,0xff,0x80,0x00,0x00,
  0x00,0x00,0x00,0x00,0x00,0x00,0x00,0xff,0xe3,0xff,0x80,0x00,0x00,0x00,0x00,0x00,0x00,0x00,0x00,0x00,0x00,0x00,0x00,0x00,
  0x00,0x00,0x00,0x00,0x00,0x00,0x00,0x00,0x00,0x00,0x00,0x00,0x00,0x00,0x00,0x00,0x00,0x00,0x00,0x00,0x00,0x00,0x00,0x00,
  0x00,0x00,0x00,0x00,0x00,0x00,0x00,0x00,0x00,0x00,0x00,0xff,0xe3,0xff,0x80,0x00,0x00,0x00,0x00,0x00,0x00,0x00,0x00,0x00,
  0xff,0xe3,0xff,0x80,0x00,0x00,0x00,0x00,0x00,0x00,0x00,0x00,0x00,0xff,0xe3,0xff,0x80,0x00,0x00,0x00,0x00,0x00,0x00,0x00,
  0x00,0x00,0xff,0xe3,0xff,0x80,0x00,0x00,0x00,0x00,0x00,0x00,0x00,0x00,0x00,0xff,0xe3,0xff,0x80,0x00,0x00,0x00,0x00,0x00,
  0x00,0x00,0x00,0x00,0xff,0xe3,0xff,0x80,0x00,0x00,0x00,0x00,0x00,0x00,0x00,0x00,0x00,0xff,0xe3,0xff,0x80,0x00,0x00,0x00,
  0x00,0x00,0x00,0x00,0x00,0x00,0xff,0xe3,0xff,0x80,0x00,0x00,0x00,0x00,0x00,0x00,0x00,0x00,0x00,0xff,0xe3,0xff,0x80,0x00,
  0x00,0x00,0x00,0x00,0x00,0x00,0x00,0x00,0xff,0xe3,0xff,0x80,0x00,0x00,0x00,0x00,0x00,0x00,0x00,0x00,0x00,0xff,0xe3,0xff,
  0x80,0x00,0x00,0x00,0x00,0x00,0x00,0x00,0x00,0x00,0x00,0x00,0x00,0x00,0x00,0x00,0x00,0x00,0x00,0x00,0x00,0x00,0x00,0x00,
  0x00,0x00,0x00,0x00,0x00,0x00,0x00,0x00,0x00,0x00,0x00,0x00,0x00,0x00,0x00,0x00,0x00,0x00,0x00,0x00,0x00,0x00,0x00,0x00,
  0x00,0x00,0x00,0x00,0x00,0x00,0x00,0x00,0x00,0x00,0x00,0x00,0x00,0x00,0xff,0xe3,0xff,0x87,0xff,0x1f,0xfc,0x3f,0xf0,0xff,
  0xe0,0x00,0x00,0xff,0xe3,0xff,0x87,0xff,0x1f,0xfc,0x3f,0xf0,0xff,0xe0,0x00,0x00,0xff,0xe3,0xff,0x87,0xff,0x1f,0xfc,0x3f,
  0xf0,0xff,0xe0,0x00,0x00,0xff,0xe3,0xff,0x87,0xff,0x1f,0xfc,0x3f,0xf0,0xff,0xe0,0x00,0x00,0xff,0xe3,0xff,0x87,0xff,0x1f,
  0xfc,0x3f,0xf0,0xff,0xe0,0x00,0x00,0xff,0xe3,0xff,0x87,0xff,0x1f,0xfc,0x3f,0xf0,0xff,0xe0,0x00,0x00,0xff,0xe3,0xff,0x87,
  0xff,0x1f,0xfc,0x3f,0xf0,0xff,0xe0,0x00,0x00,0xff,0xe3,0xff,0x87,0xff,0x1f,0xfc,0x3f,0xf0,0xff,0xe0,0x00,0x00,0xff,0xe3,
  0xff,0x87,0xff,0x1f,0xfc,0x3f,0xf0,0xff,0xe0,0x00,0x00,0xff,0xe3,0xff,0x87,0xff,0x1f,0xfc,0x3f,0xf0,0xff,0xe0,0x00,0x00,
  0xff,0xe3,0xff,0x87,0xff,0x1f,0xfc,0x3f,0xf0,0xff,0xe0,0x00,0x00,0x00,0x00,0x00,0x00,0x00,0x00,0x00,0x00,0x00,0x00,0x00,
  0x00,0x00,0x00,0x00,0x00,0x00,0x00,0x00,0x00,0x00,0x00,0x00,0x00,0x00,0x00,0x00,0x00,0x00,0x00,0x00,0x00,0x00,0x00,0x00,
  0x00,0x00,0x00,0x00,0xff,0xe3,0xff,0x87,0xff,0x1f,0xfc,0x3f,0xf0,0xff,0xe0,0x00,0x00,0xff,0xe3,0xff,0x87,0xff,0x1f,0xfc,
  0x3f,0xf0,0xff,0xe0,0x00,0x00,0xff,0xe3,0xff,0x87,0xff,0x1f,0xfc,0x3f,0xf0,0xff,0xe0,0x00,0x00,0xff,0xe3,0xff,0x87,0xff,
  0x1f,0xfc,0x3f,0xf0,0xff,0xe0,0x00,0x00,0xff,0xe3,0xff,0x87,0xff,0x1f,0xfc,0x3f,0xf0,0xff,0xe0,0x00,0x00,0xff,0xe3,0xff,
  0x87,0xff,0x1f,0xfc,0x3f,0xf0,0xff,0xe0,0x00,0x00,0xff,0xe3,0xff,0x87,0xff,0x1f,0xfc,0x3f,0xf0,0xff,0xe0,0x00,0x00,0xff,
  0xe3,0xff,0x87,0xff,0x1f,0xfc,0x3f,0xf0,0xff,0xe0,0x00,0x00,0xff,0xe3,0xff,0x87,0xff,0x1f,0xfc,0x3f,0xf0,0xff,0xe0,0x00,
  0x00,0xff,0xe3,0xff,0x87,0xff,0x1f,0xfc,0x3f,0xf0,0xff,0xe0,0x00,0x00,0xff,0xe3,0xff,0x87,0xff,0x1f,0xfc,0x3f,0xf0,0xff,
  0xe0,0x00,0x00,0xff,0xe3,0xff,0x87,0xff,0x1f,0xfc,0x3f,0xf0,0x00,0x00,0x00,0x00,0xff,0xe3,0xff,0x87,0xff,0x1f,0xfc,0x3f,
  0xf0,0x00,0x00,0x00,0x00,0xff,0xe3,0xff,0x87,0xff,0x1f,0xfc,0x3f,0xf0,0x00,0x00,0x00,0x00,0xff,0xe3,0xff,0x87,0xff,0x1f,
  0xfc,0x3f,0xf0,0x00,0x00,0x00,0x00,0xff,0xe3,0xff,0x87,0xff,0x1f,0xfc,0x3f,0xf0,0x00,0x00,0x00,0x00,0xff,0xe3,0xff,0x87,
  0xff,0x1f,0xfc,0x3f,0xf0,0x00,0x00,0x00,0x00,0xff,0xe3,0xff,0x87,0xff,0x1f,0xfc,0x3f,0xf0,0x00,0x00,0x00,0x00,0xff,0xe3,
  0xff,0x87,0xff,0x1f,0xfc,0x3f,0xf0,0x00,0x00,0x00,0x00,0xff,0xe3,0xff,0x87,0xff,0x1f,0xfc,0x3f,0xf0,0x00,0x00,0x00,0x00,
  0xff,0xe3,0xff,0x87,0xff,0x1f,0xfc,0x3f,0xf0,0x00,0x00,0x00,0x00,0xff,0xe3,0xff,0x87,0xff,0x1f,0xfc,0x3f,0xf0,0x00,0x00,
  0x00,0x00,0x00,0x00,0x00,0x00,0x00,0x00,0x00,0x00,0x00,0x00,0x00,0x00,0x00,0x00,0x00,0x00,0x00,0x00,0x00,0x00,0x00,0x00,
  0x00,0x00,0x00,0x00,0x00,0x00,0x00,0x00,0x00,0x00,0x00,0x00,0x00,0x00,0x00,0x00,0x00,0x00,0x00,0x00,0x00,0x00,0x00,0x00,
  0x00,0x00,0x00,0x00,0x00,0x00,0xff,0xe3,0xff,0x87,0xff,0x1f,0xfc,0x3f,0xf0,0xff,0xe0,0x00,0x00,0xff,0xe3,0xff,0x87,0xff,
  0x1f,0xfc,0x3f,0xf0,0xff,0xe0,0x00,0x00,0xff,0xe3,0xff,0x87,0xff,0x1f,0xfc,0x3f,0xf0,0xff,0xe0,0x00,0x00,0xff,0xe3,0xff,
  0x87,0xff,0x1f,0xfc,0x3f,0xf0,0xff,0xe0,0x00,0x00,0xff,0xe3,0xff,0x87,0xff,0x1f,0xfc,0x3f,0xf0,0xff,0xe0,0x00,0x00,0xff,
  0xe3,0xff,0x87,0xff,0x1f,0xfc,0x3f,0xf0,0xff,0xe0,0x00,0x00,0xff,0xe3,0xff,0x87,0xff,0x1f,0xfc,0x3f,0xf0,0xff,0xe0,0x00,
  0x00,0xff,0xe3,0xff,0x87,0xff,0x1f,0xfc,0x3f,0xf0,0xff,0xe0,0x00,0x00,0xff,0xe3,0xff,0x87,0xff,0x1f,0xfc,0x3f,0xf0,0xff,
  0xe0,0x00,0x00,0xff,0xe3,0xff,0x87,0xff,0x1f,0xfc,0x3f,0xf0,0xff,0xe0,0x00,0x00,0xff,0xe3,0xff,0x87,0xff,0x1f,0xfc,0x3f,
  0xf0,0xff,0xe0,0x00,0x00,0x00,0x00,0x00,0x00,0x00,0x00,0x00,0x00,0x00,0x00,0x00,0x00,0x00,0x00,0x00,0x00,0x00,0x00,0x00,
  0x00,0x00,0x00,0x00,0x00,0x00,0x00,0x00,0x00,0x00,0x00,0x00,0x00,0x00,0x00,0x00,0x00,0x00,0x00,0x00,0x00,0x00,0x00,0x00,
  0x00,0x00,0x00,0x3f,0xf0,0xff,0xe0,0x00,0x00,0x00,0x00,0x00,0x00,0x00,0x00,0x00,0x3f,0xf0,0xff,0xe0,0x00,0x00,0x00,0x00,
  0x00,0x00,0x00,0x00,0x00,0x3f,0xf0,0xff,0xe0,0x00,0x00,0x00,0x00,0x00,0x00,0x00,0x00,0x00,0x3f,0xf0,0xff,0xe0,0x00,0x00,
  0x00,0x00,0x00,0x00,0x00,0x00,0x00,0x3f,0xf0,0xff,0xe0,0x00,0x00,0x00,0x00,0x00,0x00,0x00,0x00,0x00,0x3f,0xf0,0xff,0xe0,
  0x00,0x00,0x00,0x00,0x00,0x00,0x00,0x00,0x00,0x3f,0xf0,0xff,0xe0,0x00,0x00,0x00,0x00,0x00,0x00,0x00,0x00,0x00,0x3f,0xf0,
  0xff,0xe0,0x00,0x00,0x00,0x00,0x00,0x00,0x00,0x00,0x00,0x3f,0xf0,0xff,0xe0,0x00,0x00,0x00,0x00,0x00,0x00,0x00,0x00,0x00,
  0x3f,0xf0,0xff,0xe0,0x00,0x00,0x00,0x00,0x00,0x00,0x00,0x00,0x00,0x3f,0xf0,0xff,0xe0,0x00,0x00,0x00,0x00,0x00,0x00,0x00,
  0x00,0x00,0x00,0x00,0x00,0x00,0x00,0x00,0x00,0x00,0x00,0x00,0x00,0x00,0x00,0x00,0x00,0x00,0x00,0x00,0x00,0x00,0x00,0x00,
  0x00,0x00,0x00,0x00,0x00,0x00,0x00,0x00,0x00,0x00,0x00,0x00,0x00,0x00,0x00,0x00,0x00,0x00,0x00,0x00,0x00,0x00,0x00,0x00,
  0x00,0x00,0x00,0x00,0x00,0x00,0x3f,0xf0,0xff,0xe0,0x00,0x00,0x00,0x00,0x00,0x00,0x00,0x00,0x00,0x3f,0xf0,0xff,0xe0,0x00,
  0x00,0x00,0x00,0x00,0x00,0x00,0x00,0x00,0x3f,0xf0,0xff,0xe0,0x00,0x00,0x00,0x00,0x00,0x00,0x00,0x00,0x00,0x3f,0xf0,0xff,
  0xe0,0x00,0x00,0x00,0x00,0x00,0x00,0x00,0x00,0x00,0x3f,0xf0,0xff,0xe0,0x00,0x00,0x00,0x00,0x00,0x00,0x00,0x00,0x00,0x3f,
  0xf0,0xff,0xe0,0x00,0x00,0x00,0x00,0x00,0x00,0x00,0x00,0x00,0x3f,0xf0,0xff,0xe0,0x00,0x00,0x00,0x00,0x00,0x00,0x00,0x00,
  0x00,0x3f,0xf0,0xff,0xe0,0x00,0x00,0x00,0x00,0x00,0x00,0x00,0x00,0x00,0x3f,0xf0,0xff,0xe0,0x00,0x00,0x00,0x00,0x00,0x00,
  0x00,0x00,0x00,0x3f,0xf0,0xff,0xe0,0x00,0x00,0x00,0x00,0x00,0x00,0x00,0x00,0x00,0x3f,0xf0,0xff,0xe0,0x00,0x00,0x00,0x00,
  0x00,0x00,0x00,0x00,0x00,0x00,0x00,0x00,0x00,0x00,0x00,0x00,0x00,0x00,0x00,0x00,0x00,0x00,0x00,0x00,0x00,0x00,0x00,0x00,
  0x00,0x00,0x00,0x00,0x00,0x00,0x00,0x00,0x00,0x00,0x00,0x00,0x00,0x00,0x03,0xff,0x87,0xff,0x1f,0xfc,0x3f,0xf0,0x00,0x00,
  0x00,0x00,0x00,0x03,0xff,0x87,0xff,0x1f,0xfc,0x3f,0xf0,0x00,0x00,0x00,0x00,0x00,0x03,0xff,0x87,0xff,0x1f,0xfc,0x3f,0xf0,
  0x00,0x00,0x00,0x00,0x00,0x03,0xff,0x87,0xff,0x1f,0xfc,0x3f,0xf0,0x00,0x00,0x00,0x00,0x00,0x03,0xff,0x87,0xff,0x1f,0xfc,
  0x3f,0xf0,0x00,0x00,0x00,0x00,0x00,0x03,0xff,0x87,0xff,0x1f,0xfc,0x3f,0xf0,0x00,0x00,0x00,0x00,0x00,0x03,0xff,0x87,0xff,
  0x1f,0xfc,0x3f,0xf0,0x00,0x00,0x00,0x00,0x00,0x03,0xff,0x87,0xff,0x1f,0xfc,0x3f,0xf0,0x00,0x00,0x00,0x00,0x00,0x03,0xff,
  0x87,0xff,0x1f,0xfc,0x3f,0xf0,0x00,0x00,0x00,0x00,0x00,0x03,0xff,0x87,0xff,0x1f,0xfc,0x3f,0xf0,0x00,0x00,0x00,0x00,0x00,
  0x03,0xff,0x87,0xff,0x1f,0xfc,0x3f,0xf0,0x00,0x00,0x00,0x00,0x00,0x00,0x00,0x00,0x00,0x00,0x00,0x00,0x00,0x00,0x00,0x00,
  0x00,0x00,0x00,0x00,0x00,0x00,0x00,0x00,0x00,0x00,0x00,0x00,0x00,0x00,0x00,0x00,0x00,0x00,0x00,0x00,0x00,0x00,0x00,0x00,
  0x00,0x00,0x00,0x00,0x03,0xff,0x87,0xff,0x1f,0xfc,0x3f,0xf0,0x00,0x00,0x00,0x00,0x00,0x03,0xff,0x87,0xff,0x1f,0xfc,0x3f,
  0xf0,0x00,0x00,0x00,0x00,0x00,0x03,0xff,0x87,0xff,0x1f,0xfc,0x3f,0xf0,0x00,0x00,0x00,0x00,0x00,0x03,0xff,0x87,0xff,0x1f,
  0xfc,0x3f,0xf0,0x00,0x00,0x00,0x00,0x00,0x03,0xff,0x87,0xff,0x1f,0xfc,0x3f,0xf0,0x00,0x00,0x00,0x00,0x00,0x03,0xff,0x87,
  0xff,0x1f,0xfc,0x3f,0xf0,0x00,0x00,0x00,0x00,0x00,0x03,0xff,0x87,0xff,0x1f,0xfc,0x3f,0xf0,0x00,0x00,0x00,0x00,0x00,0x03,
  0xff,0x87,0xff,0x1f,0xfc,0x3f,0xf0,0x00,0x00,0x00,0x00,0x00,0x03,0xff,0x87,0xff,0x1f,0xfc,0x3f,0xf0,0x00,0x00,0x00,0x00,
  0x00,0x03,0xff,0x87,0xff,0x1f,0xfc,0x3f,0xf0,0x00,0x00,0x00,0x00,0x00,0x03,0xff,0x87,0xff,0x1f,0xfc,0x3f,0xf0,0x00,0x00,
  0x00,0x00,0x00,0x00,0x00,0x00,0x00,0x00,0x00,0x00,0x00,0x00,0x00,0x00,0x00,0x00,0x00,0x00,0x00,0x00,0x00,0x00,0x00,0x00,
  0x00,0x00,0x00,0x00,0x00,0x00,0x00,0x00,0x00,0x00,0x00,0x00,0x00,0x00,0x00,0x00,0x00,0x00,0x00,0x00,0x00,0x00,0x00,0x00,
  0x00,0x00,0x00,0x00,0x00,0x00,0x00,0x00,0x00,0x00,0x00,0x00,0x00,0x3f,0xf0,0xff,0xe0,0x00,0x00,0x00,0x00,0x00,0x00,0x00,
  0x00,0x00,0x3f,0xf0,0xff,0xe0,0x00,0x00,0x00,0x00,0x00,0x00,0x00,0x00,0x00,0x3f,0xf0,0xff,0xe0,0x00,0x00,0x00,0x00,0x00,
  0x00,0x00,0x00,0x00,0x3f,0xf0,0xff,0xe0,0x00,0x00,0x00,0x00,0x00,0x00,0x00,0x00,0x00,0x3f,0xf0,0xff,0xe0,0x00,0x00,0x00,
  0x00,0x00,0x00,0x00,0x00,0x00,0x3f,0xf0,0xff,0xe0,0x00,0x00,0x00,0x00,0x00,0x00,0x00,0x00,0x00,0x3f,0xf0,0xff,0xe0,0x00,
  0x00,0x00,0x00,0x00,0x00,0x00,0x00,0x00,0x3f,0xf0,0xff,0xe0,0x00,0x00,0x00,0x00,0x00,0x00,0x00,0x00,0x00,0x3f,0xf0,0xff,
  0xe0,0x00,0x00,0x00,0x00,0x00,0x00,0x00,0x00,0x00,0x3f,0xf0,0xff,0xe0,0x00,0x00,0x00,0x00,0x00,0x00,0x00,0x00,0x00,0x3f,
  0xf0,0xff,0xe0,0x00,0x00,0x00,0x00,0x00,0x00,0x00,0x00,0x00,0x00,0x00,0x00,0x00,0x00,0x00,0x00,0x00,0x00,0x00,0x00,0x00,
  0x00,0x00,0x00,0x00,0x00,0x00,0x00,0x00,0x00,0x00,0x00,0x00,0x00,0x00,0x00,0x00,0x00,0x00,0x00,0x00,0x00,0x00,0x00,0x00,
  0x00,0x00,0x00,0x3f,0xf0,0xff,0xe0,0x00,0x00,0x00,0x00,0x00,0x00,0x00,0x00,0x00,0x3f,0xf0,0xff,0xe0,0x00,0x00,0x00,0x00,
  0x00,0x00,0x00,0x00,0x00,0x3f,0xf0,0xff,0xe0,0x00,0x00,0x00,0x00,0x00,0x00,0x00,0x00,0x00,0x3f,0xf0,0xff,0xe0,0x00,0x00,
  0x00,0x00,0x00,0x00,0x00,0x00,0x00,0x3f,0xf0,0xff,0xe0,0x00,0x00,0x00,0x00,0x00,0x00,0x00,0x00,0x00,0x3f,0xf0,0xff,0xe0,
  0x00,0x00,0x00,0x00,0x00,0x00,0x00,0x00,0x00,0x3f,0xf0,0xff,0xe0,0x00,0x00,0x00,0x00,0x00,0x00,0x00,0x00,0x00,0x3f,0xf0,
  0xff,0xe0,0x00,0x00,0x00,0x00,0x00,0x00,0x00,0x00,0x00,0x3f,0xf0,0xff,0xe0,0x00,0x00,0x00,0x00,0x00,0x00,0x00,0x00,0x00,
  0x3f,0xf0,0xff,0xe0,0x00,0x00,0x00,0x00,0x00,0x00,0x00,0x00,0x00,0x3f,0xf0,0xff,0xe0,0x00,0x00,0x00,0x00,0x00,0x00,0x00,
  0x00,0x00,0x00,0x00,0x00,0x00,0x00,0x00,0x00,0x00,0x00,0x00,0x00,0x00,0x00,0x00,0x00,0x00,0x00,0x00,0x00,0x00,0x00,0x00,
  0x00,0x00,0x00,0x00,0x00,0x00,0x00,0x00,0x00,0x00,0x00,0x00,0x00,0x00,0x00,0x00,0x00,0x00,0x00,0x00,0x00,0x00,0x00,0xff,
  0xe3,0xff,0x87,0xff,0x1f,0xfc,0x3f,0xf0,0xff,0xe0,0x00,0x00,0xff,0xe3,0xff,0x87,0xff,0x1f,0xfc,0x3f,0xf0,0xff,0xe0,0x00,
  0x00,0xff,0xe3,0xff,0x87,0xff,0x1f,0xfc,0x3f,0xf0,0xff,0xe0,0x00,0x00,0xff,0xe3,0xff,0x87,0xff,0x1f,0xfc,0x3f,0xf0,0xff,
  0xe0,0x00,0x00,0xff,0xe3,0xff,0x87,0xff,0x1f,0xfc,0x3f,0xf0,0xff,0xe0,0x00,0x00,0xff,0xe3,0xff,0x87,0xff,0x1f,0xfc,0x3f,
  0xf0,0xff,0xe0,0x00,0x00,0xff,0xe3,0xff,0x87,0xff,0x1f,0xfc,0x3f,0xf0,0xff,0xe0,0x00,0x00,0xff,0xe3,0xff,0x87,0xff,0x1f,
  0xfc,0x3f,0xf0,0xff,0xe0,0x00,0x00,0xff,0xe3,0xff,0x87,0xff,0x1f,0xfc,0x3f,0xf0,0xff,0xe0,0x00,0x00,0xff,0xe3,0xff,0x87,
  0xff,0x1f,0xfc,0x3f,0xf0,0xff,0xe0,0x00,0x00,0xff,0xe3,0xff,0x87,0xff,0x1f,0xfc,0x3f,0xf0,0xff,0xe0,0x00,0x00,0x00,0x00,
  0x00,0x00,0x00,0x00,0x00,0x00,0x00,0x00,0x00,0x00,0x00,0x00,0x00,0x00,0x00,0x00,0x00,0x00,0x00,0x00,0x00,0x00,0x00,0x00,
  0x00,0x00,0x00,0x00,0x00,0x00,0x00,0x00,0x00,0x00,0x00,0x00,0x00,0xff,0xe3,0xff,0x87,0xff,0x1f,0xfc,0x3f,0xf0,0x00,0x00,
  0x00,0x00,0xff,0xe3,0xff,0x87,0xff,0x1f,0xfc,0x3f,0xf0,0x00,0x00,0x00,0x00,0xff,0xe3,0xff,0x87,0xff,0x1f,0xfc,0x3f,0xf0,
  0x00,0x00,0x00,0x00,0xff,0xe3,0xff,0x87,0xff,0x1f,0xfc,0x3f,0xf0,0x00,0x00,0x00,0x00,0xff,0xe3,0xff,0x87,0xff,0x1f,0xfc,
  0x3f,0xf0,0x00,0x00,0x00,0x00,0xff,0xe3,0xff,0x87,0xff,0x1f,0xfc,0x3f,0xf0,0x00,0x00,0x00,0x00,0xff,0xe3,0xff,0x87,0xff,
  0x1f,0xfc,0x3f,0xf0,0x00,0x00,0x00,0x00,0xff,0xe3,0xff,0x87,0xff,0x1f,0xfc,0x3f,0xf0,0x00,0x00,0x00,0x00,0xff,0xe3,0xff,
  0x87,0xff,0x1f,0xfc,0x3f,0xf0,0x00,0x00,0x00,0x00,0xff,0xe3,0xff,0x87,0xff,0x1f,0xfc,0x3f,0xf0,0x00,0x00,0x00,0x00,0xff,
  0xe3,0xff,0x87,0xff,0x1f,0xfc,0x3f,0xf0,0x00,0x00,0x00,0x00,0xff,0xe3,0xff,0x80,0x00,0x00,0x00,0x3f,0xf0,0xff,0xe0,0x00,
  0x00,0xff,0xe3,0xff,0x80,0x00,0x00,0x00,0x3f,0xf0,0xff,0xe0,0x00,0x00,0xff,0xe3,0xff,0x80,0x00,0x00,0x00,0x3f,0xf0,0xff,
  0xe0,0x00,0x00,0xff,0xe3,0xff,0x80,0x00,0x00,0x00,0x3f,0xf0,0xff,0xe0,0x00,0x00,0xff,0xe3,0xff,0x80,0x00,0x00,0x00,0x3f,
  0xf0,0xff,0xe0,0x00,0x00,0xff,0xe3,0xff,0x80,0x00,0x00,0x00,0x3f,0xf0,0xff,0xe0,0x00,0x00,0xff,0xe3,0xff,0x80,0x00,0x00,
  0x00,0x3f,0xf0,0xff,0xe0,0x00,0x00,0xff,0xe3,0xff,0x80,0x00,0x00,0x00,0x3f,0xf0,0xff,0xe0,0x00,0x00,0xff,0xe3,0xff,0x80,
  0x00,0x00,0x00,0x3f,0xf0,0xff,0xe0,0x00,0x00,0xff,0xe3,0xff,0x80,0x00,0x00,0x00,0x3f,0xf0,0xff,0xe0,0x00,0x00,0xff,0xe3,
  0xff,0x80,0x00,0x00,0x00,0x3f,0xf0,0xff,0xe0,0x00,0x00,0x00,0x00,0x00,0x00,0x00,0x00,0x00,0x00,0x00,0x00,0x00,0x00,0x00,
  0x00,0x00,0x00,0x00,0x00,0x00,0x00,0x00,0x00,0x00,0x00,0x00,0x00,0x00,0x00,0x00,0x00,0x00,0x00,0x00,0x00,0x00,0x00,0x00,
  0x00,0x00,0x00,0x00,0x00,0x00,0x00,0x00,0x00,0x00,0x00,0x00,0x00,0x00,0x00,0xff,0xe3,0xff,0x80,0x00,0x00,0x00,0x3f,0xf0,
  0xff,0xe0,0x00,0x00,0xff,0xe3,0xff,0x80,0x00,0x00,0x00,0x3f,0xf0,0xff,0xe0,0x00,0x00,0xff,0xe3,0xff,0x80,0x00,0x00,0x00,
  0x3f,0xf0,0xff,0xe0,0x00,0x00,0xff,0xe3,0xff,0x80,0x00,0x00,0x00,0x3f,0xf0,0xff,0xe0,0x00,0x00,0xff,0xe3,0xff,0x80,0x00,
  0x00,0x00,0x3f,0xf0,0xff,0xe0,0x00,0x00,0xff,0xe3,0xff,0x80,0x00,0x00,0x00,0x3f,0xf0,0xff,0xe0,0x00,0x00,0xff,0xe3,0xff,
  0x80,0x00,0x00,0x00,0x3f,0xf0,0xff,0xe0,0x00,0x00,0xff,0xe3,0xff,0x80,0x00,0x00,0x00,0x3f,0xf0,0xff,0xe0,0x00,0x00,0xff,
  0xe3,0xff,0x80,0x00,0x00,0x00,0x3f,0xf0,0xff,0xe0,0x00,0x00,0xff,0xe3,0xff,0x80,0x00,0x00,0x00,0x3f,0xf0,0xff,0xe0,0x00,
  0x00,0xff,0xe3,0xff,0x80,0x00,0x00,0x00,0x3f,0xf0,0xff,0xe0,0x00,0x00,0x00,0x00,0x00,0x00,0x00,0x00,0x00,0x00,0x00,0x00,
  0x00,0x00,0x00,0x00,0x00,0x00,0x00,0x00,0x00,0x00,0x00,0x00,0x00,0x00,0x00,0x00,0x00,0x00,0x00,0x00,0x00,0x00,0x00,0x00,
  0x00,0x00,0x00,0x00,0x00,0xff,0xe3,0xff,0x80,0x00,0x00,0x00,0x3f,0xf0,0xff,0xe0,0x00,0x00,0xff,0xe3,0xff,0x80,0x00,0x00,
  0x00,0x3f,0xf0,0xff,0xe0,0x00,0x00,0xff,0xe3,0xff,0x80,0x00,0x00,0x00,0x3f,0xf0,0xff,0xe0,0x00,0x00,0xff,0xe3,0xff,0x80,
  0x00,0x00,0x00,0x3f,0xf0,0xff,0xe0,0x00,0x00,0xff,0xe3,0xff,0x80,0x00,0x00,0x00,0x3f,0xf0,0xff,0xe0,0x00,0x00,0xff,0xe3,
  0xff,0x80,0x00,0x00,0x00,0x3f,0xf0,0xff,0xe0,0x00,0x00,0xff,0xe3,0xff,0x80,0x00,0x00,0x00,0x3f,0xf0,0xff,0xe0,0x00,0x00,
  0xff,0xe3,0xff,0x80,0x00,0x00,0x00,0x3f,0xf0,0xff,0xe0,0x00,0x00,0xff,0xe3,0xff,0x80,0x00,0x00,0x00,0x3f,0xf0,0xff,0xe0,
  0x00,0x00,0xff,0xe3,0xff,0x80,0x00,0x00,0x00,0x3f,0xf0,0xff,0xe0,0x00,0x00,0xff,0xe3,0xff,0x80,0x00,0x00,0x00,0x3f,0xf0,
  0xff,0xe0,0x00,0x00,0x00,0x00,0x00,0x00,0x00,0x00,0x00,0x00,0x00,0x00,0x00,0x00,0x00,0x00,0x00,0x00,0x00,0x00,0x00,0x00,
  0x00,0x00,0x00,0x00,0x00,0x00,0x00,0x00,0x00,0x00,0x00,0x00,0x00,0x00,0x00,0x00,0x00,0x00,0x00,0x00,0x00,0x00,0x00,0x00,
  0x00,0x00,0x00,0x00,0x00,0x00,0x00,0x00,0xff,0xe3,0xff,0x80,0x00,0x00,0x00,0x3f,0xf0,0xff,0xe0,0x00,0x00,0xff,0xe3,0xff,
  0x80,0x00,0x00,0x00,0x3f,0xf0,0xff,0xe0,0x00,0x00,0xff,0xe3,0xff,0x80,0x00,0x00,0x00,0x3f,0xf0,0xff,0xe0,0x00,0x00,0xff,
  0xe3,0xff,0x80,0x00,0x00,0x00,0x3f,0xf0,0xff,0xe0,0x00,0x00,0xff,0xe3,0xff,0x80,0x00,0x00,0x00,0x3f,0xf0,0xff,0xe0,0x00,
  0x00,0xff,0xe3,0xff,0x80,0x00,0x00,0x00,0x3f,0xf0,0xff,0xe0,0x00,0x00,0xff,0xe3,0xff,0x80,0x00,0x00,0x00,0x3f,0xf0,0xff,
  0xe0,0x00,0x00,0xff,0xe3,0xff,0x80,0x00,0x00,0x00,0x3f,0xf0,0xff,0xe0,0x00,0x00,0xff,0xe3,0xff,0x80,0x00,0x00,0x00,0x3f,
  0xf0,0xff,0xe0,0x00,0x00,0xff,0xe3,0xff,0x80,0x00,0x00,0x00,0x3f,0xf0,0xff,0xe0,0x00,0x00,0xff,0xe3,0xff,0x80,0x00,0x00,
  0x00,0x3f,0xf0,0xff,0xe0,0x00,0x00,0x00,0x00,0x00,0x00,0x00,0x00,0x00,0x00,0x00,0x00,0x00,0x00,0x00,0x00,0x00,0x00,0x00,
  0x00,0x00,0x00,0x00,0x00,0x00,0x00,0x00,0x00,0x00,0x00,0x00,0x00,0x00,0x00,0x00,0x00,0x00,0x00,0x00,0x00,0x00,0xff,0xe3,
  0xff,0x87,0xff,0x1f,0xfc,0x3f,0xf0,0xff,0xe0,0x00,0x00,0xff,0xe3,0xff,0x87,0xff,0x1f,0xfc,0x3f,0xf0,0xff,0xe0,0x00,0x00,
  0xff,0xe3,0xff,0x87,0xff,0x1f,0xfc,0x3f,0xf0,0xff,0xe0,0x00,0x00,0xff,0xe3,0xff,0x87,0xff,0x1f,0xfc,0x3f,0xf0,0xff,0xe0,
  0x00,0x00,0xff,0xe3,0xff,0x87,0xff,0x1f,0xfc,0x3f,0xf0,0xff,0xe0,0x00,0x00,0xff,0xe3,0xff,0x87,0xff,0x1f,0xfc,0x3f,0xf0,
  0xff,0xe0,0x00,0x00,0xff,0xe3,0xff,0x87,0xff,0x1f,0xfc,0x3f,0xf0,0xff,0xe0,0x00,0x00,0xff,0xe3,0xff,0x87,0xff,0x1f,0xfc,
  0x3f,0xf0,0xff,0xe0,0x00,0x00,0xff,0xe3,0xff,0x87,0xff,0x1f,0xfc,0x3f,0xf0,0xff,0xe0,0x00,0x00,0xff,0xe3,0xff,0x87,0xff,
  0x1f,0xfc,0x3f,0xf0,0xff,0xe0,0x00,0x00,0xff,0xe3,0xff,0x87,0xff,0x1f,0xfc,0x3f,0xf0,0xff,0xe0,0x00,0x00,0x00,0x00,0x00,
  0x00,0x00,0x00,0x00,0x00,0x00,0x00,0x00,0x00,0x00,0x00,0x00,0x00,0x00,0x00,0x00,0x00,0x00,0x00,0x00,0x00,0x00,0x00,0x00,
  0x00,0x00,0x00,0x00,0x00,0x00,0x00,0x00,0x00,0x00,0x00,0x00,0xff,0xe3,0xff,0x87,0xff,0x1f,0xfc,0x3f,0xf0,0xff,0xe0,0x00,
  0x00,0xff,0xe3,0xff,0x87,0xff,0x1f,0xfc,0x3f,0xf0,0xff,0xe0,0x00,0x00,0xff,0xe3,0xff,0x87,0xff,0x1f,0xfc,0x3f,0xf0,0xff,
  0xe0,0x00,0x00,0xff,0xe3,0xff,0x87,0xff,0x1f,0xfc,0x3f,0xf0,0xff,0xe0,0x00,0x00,0xff,0xe3,0xff,0x87,0xff,0x1f,0xfc,0x3f,
  0xf0,0xff,0xe0,0x00,0x00,0xff,0xe3,0xff,0x87,0xff,0x1f,0xfc,0x3f,0xf0,0xff,0xe0,0x00,0x00,0xff,0xe3,0xff,0x87,0xff,0x1f,
  0xfc,0x3f,0xf0,0xff,0xe0,0x00,0x00,0xff,0xe3,0xff,0x87,0xff,0x1f,0xfc,0x3f,0xf0,0xff,0xe0,0x00,0x00,0xff,0xe3,0xff,0x87,
  0xff,0x1f,0xfc,0x3f,0xf0,0xff,0xe0,0x00,0x00,0xff,0xe3,0xff,0x87,0xff,0x1f,0xfc,0x3f,0xf0,0xff,0xe0,0x00,0x00,0xff,0xe3,
  0xff,0x87,0xff,0x1f,0xfc,0x3f,0xf0,0xff,0xe0,0x00,0x00,0x00,0x00,0x00,0x00,0x00,0x00,0x00,0x00,0x00,0x00,0x00,0x00,0x00,
  0x00,0x00,0x00,0x00,0x00,0x00,0x00,0x00,0x00,0x00,0x00,0x00,0x00,0x00,0x00,0x00,0x00,0x00,0x00,0x00,0x00,0x00,0x00,0x00,
  0x00,0x00,0x00,0x00,0x00,0x00,0x00,0x00,0x00,0x00,0x00,0x00,0x00,0x00,0x00,0x00,0x00,0x00,0x00,0x00,0x00,0x00,0x3f,0xf0,
  0xff,0xe0,0x00,0x00,0x00,0x00,0x00,0x00,0x00,0x00,0x00,0x3f,0xf0,0xff,0xe0,0x00,0x00,0x00,0x00,0x00,0x00,0x00,0x00,0x00,
  0x3f,0xf0,0xff,0xe0,0x00,0x00,0x00,0x00,0x00,0x00,0x00,0x00,0x00,0x3f,0xf0,0xff,0xe0,0x00,0x00,0x00,0x00,0x00,0x00,0x00,
  0x00,0x00,0x3f,0xf0,0xff,0xe0,0x00,0x00,0x00,0x00,0x00,0x00,0x00,0x00,0x00,0x3f,0xf0,0xff,0xe0,0x00,0x00,0x00,0x00,0x00,
  0x00,0x00,0x00,0x00,0x3f,0xf0,0xff,0xe0,0x00,0x00,0x00,0x00,0x00,0x00,0x00,0x00,0x00,0x3f,0xf0,0xff,0xe0,0x00,0x00,0x00,
  0x00,0x00,0x00,0x00,0x00,0x00,0x3f,0xf0,0xff,0xe0,0x00,0x00,0x00,0x00,0x00,0x00,0x00,0x00,0x00,0x3f,0xf0,0xff,0xe0,0x00,
  0x00,0x00,0x00,0x00,0x00,0x00,0x00,0x00,0x3f,0xf0,0xff,0xe0,0x00,0x00,0x00,0x00,0x00,0x00,0x00,0x00,0x00,0x00,0x00,0x00,
  0x00,0x00,0x00,0x00,0x00,0x00,0x00,0x00,0x00,0x00,0x00,0x00,0x00,0x00,0x00,0x00,0x00,0x00,0x00,0x00,0x00,0x00,0x00,0x00,
  0x00,0x00,0x00,0x00,0x00,0x00,0x00,0x00,0x00,0x00,0x00,0x00,0x3f,0xf0,0xff,0xe0,0x00,0x00,0x00,0x00,0x00,0x00,0x00,0x00,
  0x00,0x3f,0xf0,0xff,0xe0,0x00,0x00,0x00,0x00,0x00,0x00,0x00,0x00,0x00,0x3f,0xf0,0xff,0xe0,0x00,0x00,0x00,0x00,0x00,0x00,
  0x00,0x00,0x00,0x3f,0xf0,0xff,0xe0,0x00,0x00,0x00,0x00,0x00,0x00,0x00,0x00,0x00,0x3f,0xf0,0xff,0xe0,0x00,0x00,0x00,0x00,
  0x00,0x00,0x00,0x00,0x00,0x3f,0xf0,0xff,0xe0,0x00,0x00,0x00,0x00,0x00,0x00,0x00,0x00,0x00,0x3f,0xf0,0xff,0xe0,0x00,0x00,
  0x00,0x00,0x00,0x00,0x00,0x00,0x00,0x3f,0xf0,0xff,0xe0,0x00,0x00,0x00,0x00,0x00,0x00,0x00,0x00,0x00,0x3f,0xf0,0xff,0xe0,
  0x00,0x00,0x00,0x00,0x00,0x00,0x00,0x00,0x00,0x3f,0xf0,0xff,0xe0,0x00,0x00,0x00,0x00,0x00,0x00,0x00,0x00,0x00,0x3f,0xf0,
  0xff,0xe0,0x00,0x00,0x00,0x00,0x00,0x00,0x00,0x00,0x00,0x00,0x00,0x00,0x00,0x00,0x00,0x00,0x00,0x00,0x00,0x00,0x00,0x00,
  0x00,0x00,0x00,0x00,0x00,0x00,0x00,0x00,0x00,0x00,0x00,0x00,0x00,0x00,0x00,0x00,0x00,0x00,0x00,0x00,0x00,0x00,0x00,0x00,
  0x00,0x00,0x00,0x00,0x00,0x00,0x00,0x00,0x00,0x00,0x00,0x00,0x00,0x00,0x00,0x3f,0xf0,0xff,0xe0,0x00,0x00,0x00,0x00,0x00,
  0x00,0x00,0x00,0x00,0x3f,0xf0,0xff,0xe0,0x00,0x00,0x00,0x00,0x00,0x00,0x00,0x00,0x00,0x3f,0xf0,0xff,0xe0,0x00,0x00,0x00,
  0x00,0x00,0x00,0x00,0x00,0x00,0x3f,0xf0,0xff,0xe0,0x00,0x00,0x00,0x00,0x00,0x00,0x00,0x00,0x00,0x3f,0xf0,0xff,0xe0,0x00,
  0x00,0x00,0x00,0x00,0x00,0x00,0x00,0x00,0x3f,0xf0,0xff,0xe0,0x00,0x00,0x00,0x00,0x00,0x00,0x00,0x00,0x00,0x3f,0xf0,0xff,
  0xe0,0x00,0x00,0x00,0x00,0x00,0x00,0x00,0x00,0x00,0x3f,0xf0,0xff,0xe0,0x00,0x00,0x00,0x00,0x00,0x00,0x00,0x00,0x00,0x3f,
  0xf0,0xff,0xe0,0x00,0x00,0x00,0x00,0x00,0x00,0x00,0x00,0x00,0x3f,0xf0,0xff,0xe0,0x00,0x00,0x00,0x00,0x00,0x00,0x00,0x00,
  0x00,0x3f,0xf0,0xff,0xe0,0x00,0x00,0x00,0x00,0x00,0x00,0x00,0x00,0x00,0x00,0x00,0x00,0x00,0x00,0x00,0x00,0x00,0x00,0x00,
  0x00,0x00,0x00,0x00,0x00,0x00,0x00,0x00,0x00,0x00,0x00,0x00,0x00,0x00,0x00,0x00,0x00,0x00,0x00,0x00,0x00,0x00,0x00,0x00,
  0x00,0x00,0x00,0x00,0x00,0x3f,0xf0,0xff,0xe0,0x00,0x00,0x00,0x00,0x00,0x00,0x00,0x00,0x00,0x3f,0xf0,0xff,0xe0,0x00,0x00,
  0x00,0x00,0x00,0x00,0x00,0x00,0x00,0x3f,0xf0,0xff,0xe0,0x00,0x00,0x00,0x00,0x00,0x00,0x00,0x00,0x00,0x3f,0xf0,0xff,0xe0,
  0x00,0x00,0x00,0x00,0x00,0x00,0x00,0x00,0x00,0x3f,0xf0,0xff,0xe0,0x00,0x00,0x00,0x00,0x00,0x00,0x00,0x00,0x00,0x3f,0xf0,
  0xff,0xe0,0x00,0x00,0x00,0x00,0x00,0x00,0x00,0x00,0x00,0x3f,0xf0,0xff,0xe0,0x00,0x00,0x00,0x00,0x00,0x00,0x00,0x00,0x00,
  0x3f,0xf0,0xff,0xe0,0x00,0x00,0x00,0x00,0x00,0x00,0x00,0x00,0x00,0x3f,0xf0,0xff,0xe0,0x00,0x00,0x00,0x00,0x00,0x00,0x00,
  0x00,0x00,0x3f,0xf0,0xff,0xe0,0x00,0x00,0x00,0x00,0x00,0x00,0x00,0x00,0x00,0x3f,0xf0,0xff,0xe0,0x00,0x00,0xff,0xe3,0xff,
  0x87,0xff,0x1f,0xfc,0x3f,0xf0,0xff,0xe0,0x00,0x00,0xff,0xe3,0xff,0x87,0xff,0x1f,0xfc,0x3f,0xf0,0xff,0xe0,0x00,0x00,0xff,
  0xe3,0xff,0x87,0xff,0x1f,0xfc,0x3f,0xf0,0xff,0xe0,0x00,0x00,0xff,0xe3,0xff,0x87,0xff,0x1f,0xfc,0x3f,0xf0,0xff,0xe0,0x00,
  0x00,0xff,0xe3,0xff,0x87,0xff,0x1f,0xfc,0x3f,0xf0,0xff,0xe0,0x00,0x00,0xff,0xe3,0xff,0x87,0xff,0x1f,0xfc,0x3f,0xf0,0xff,
  0xe0,0x00,0x00,0xff,0xe3,0xff,0x87,0xff,0x1f,0xfc,0x3f,0xf0,0xff,0xe0,0x00,0x00,0xff,0xe3,0xff,0x87,0xff,0x1f,0xfc,0x3f,
  0xf0,0xff,0xe0,0x00,0x00,0xff,0xe3,0xff,0x87,0xff,0x1f,0xfc,0x3f,0xf0,0xff,0xe0,0x00,0x00,0xff,0xe3,0xff,0x87,0xff,0x1f,
  0xfc,0x3f,0xf0,0xff,0xe0,0x00,0x00,0xff,0xe3,0xff,0x87,0xff,0x1f,0xfc,0x3f,0xf0,0xff,0xe0,0x00,0x00,0x00,0x00,0x00,0x00,
  0x00,0x00,0x00,0x00,0x00,0x00,0x00,0x00,0x00,0x00,0x00,0x00,0x00,0x00,0x00,0x00,0x00,0x00,0x00,0x00,0x00,0x00,0x00,0x00,
  0x00,0x00,0x00,0x00,0x00,0x00,0x00,0x00,0x00,0x00,0x00,0x00,0x00,0x00,0x00,0x00,0x00,0x00,0x00,0x00,0x00,0x00,0x00,0x00,
  0xff,0xe3,0xff,0x87,0xff,0x1f,0xfc,0x3f,0xf0,0xff,0xe0,0x00,0x00,0xff,0xe3,0xff,0x87,0xff,0x1f,0xfc,0x3f,0xf0,0xff,0xe0,
  0x00,0x00,0xff,0xe3,0xff,0x87,0xff,0x1f,0xfc,0x3f,0xf0,0xff,0xe0,0x00,0x00,0xff,0xe3,0xff,0x87,0xff,0x1f,0xfc,0x3f,0xf0,
  0xff,0xe0,0x00,0x00,0xff,0xe3,0xff,0x87,0xff,0x1f,0xfc,0x3f,0xf0,0xff,0xe0,0x00,0x00,0xff,0xe3,0xff,0x87,0xff,0x1f,0xfc,
  0x3f,0xf0,0xff,0xe0,0x00,0x00,0xff,0xe3,0xff,0x87,0xff,0x1f,0xfc,0x3f,0xf0,0xff,0xe0,0x00,0x00,0xff,0xe3,0xff,0x87,0xff,
  0x1f,0xfc,0x3f,0xf0,0xff,0xe0,0x00,0x00,0xff,0xe3,0xff,0x87,0xff,0x1f,0xfc,0x3f,0xf0,0xff,0xe0,0x00,0x00,0xff,0xe3,0xff,
  0x87,0xff,0x1f,0xfc,0x3f,0xf0,0xff,0xe0,0x00,0x00,0xff,0xe3,0xff,0x87,0xff,0x1f,0xfc,0x3f,0xf0,0xff,0xe0,0x00,0x00,0x00,
  0x00,0x00,0x00,0x00,0x00,0x00,0x00,0x00,0x00,0x00,0x00,0x00,0x00,0x00,0x00,0x00,0x00,0x00,0x00,0x00,0x00,0x00,0x00,0x00,
  0x00,0x00,0x00,0x00,0x00,0x00,0x00,0x00,0x00,0x00,0x00,0x00,0x00,0x00,0xff,0xe3,0xff,0x80,0x00,0x00,0x00,0x00,0x00,0x00,
  0x00,0x00,0x00,0xff,0xe3,0xff,0x80,0x00,0x00,0x00,0x00,0x00,0x00,0x00,0x00,0x00,0xff,0xe3,0xff,0x80,0x00,0x00,0x00,0x00,
  0x00,0x00,0x00,0x00,0x00,0xff,0xe3,0xff,0x80,0x00,0x00,0x00,0x00,0x00,0x00,0x00,0x00,0x00,0xff,0xe3,0xff,0x80,0x00,0x00,
  0x00,0x00,0x00,0x00,0x00,0x00,0x00,0xff,0xe3,0xff,0x80,0x00,0x00,0x00,0x00,0x00,0x00,0x00,0x00,0x00,0xff,0xe3,0xff,0x80,
  0x00,0x00,0x00,0x00,0x00,0x00,0x00,0x00,0x00,0xff,0xe3,0xff,0x80,0x00,0x00,0x00,0x00,0x00,0x00,0x00,0x00,0x00,0xff,0xe3,
  0xff,0x80,0x00,0x00,0x00,0x00,0x00,0x00,0x00,0x00,0x00,0xff,0xe3,0xff,0x80,0x00,0x00,0x00,0x00,0x00,0x00,0x00,0x00,0x00,
  0xff,0xe3,0xff,0x80,0x00,0x00,0x00,0x00,0x00,0x00,0x00,0x00,0x00,0x00,0x00,0x00,0x00,0x00,0x00,0x00,0x00,0x00,0x00,0x00,
  0x00,0x00,0x00,0x00,0x00,0x00,0x00,0x00,0x00,0x00,0x00,0x00,0x00,0x00,0x00,0x00,0x00,0x00,0x00,0x00,0x00,0x00,0x00,0x00,
  0x00,0x00,0x00,0x00,0x00,0x00,0x00,0x00,0x00,0x00,0x00,0x00,0x00,0x00,0x00,0x00,0x00,0xff,0xe3,0xff,0x80,0x00,0x00,0x00,
  0x00,0x00,0x00,0x00,0x00,0x00,0xff,0xe3,0xff,0x80,0x00,0x00,0x00,0x00,0x00,0x00,0x00,0x00,0x00,0xff,0xe3,0xff,0x80,0x00,
  0x00,0x00,0x00,0x00,0x00,0x00,0x00,0x00,0xff,0xe3,0xff,0x80,0x00,0x00,0x00,0x00,0x00,0x00,0x00,0x00,0x00,0xff,0xe3,0xff,
  0x80,0x00,0x00,0x00,0x00,0x00,0x00,0x00,0x00,0x00,0xff,0xe3,0xff,0x80,0x00,0x00,0x00,0x00,0x00,0x00,0x00,0x00,0x00,0xff,
  0xe3,0xff,0x80,0x00,0x00,0x00,0x00,0x00,0x00,0x00,0x00,0x00,0xff,0xe3,0xff,0x80,0x00,0x00,0x00,0x00,0x00,0x00,0x00,0x00,
  0x00,0xff,0xe3,0xff,0x80,0x00,0x00,0x00,0x00,0x00,0x00,0x00,0x00,0x00,0xff,0xe3,0xff,0x80,0x00,0x00,0x00,0x00,0x00,0x00,
  0x00,0x00,0x00,0xff,0xe3,0xff,0x80,0x00,0x00,0x00,0x00,0x00,0x00,0x00,0x00,0x00,0x00,0x00,0x00,0x00,0x00,0x00,0x00,0x00,
  0x00,0x00,0x00,0x00,0x00,0x00,0x00,0x00,0x00,0x00,0x00,0x00,0x00,0x00,0x00,0x00,0x00,0x00,0x00,0x00,0x00,0x00,0x00,0x00,
  0x00,0x00,0x00,0x00,0x00,0x00,0x00,0xff,0xe3,0xff,0x87,0xff,0x1f,0xfc,0x3f,0xf0,0x00,0x00,0x00,0x00,0xff,0xe3,0xff,0x87,
  0xff,0x1f,0xfc,0x3f,0xf0,0x00,0x00,0x00,0x00,0xff,0xe3,0xff,0x87,0xff,0x1f,0xfc,0x3f,0xf0,0x00,0x00,0x00,0x00,0xff,0xe3,
  0xff,0x87,0xff,0x1f,0xfc,0x3f,0xf0,0x00,0x00,0x00,0x00,0xff,0xe3,0xff,0x87,0xff,0x1f,0xfc,0x3f,0xf0,0x00,0x00,0x00,0x00,
  0xff,0xe3,0xff,0x87,0xff,0x1f,0xfc,0x3f,0xf0,0x00,0x00,0x00,0x00,0xff,0xe3,0xff,0x87,0xff,0x1f,0xfc,0x3f,0xf0,0x00,0x00,
  0x00,0x00,0xff,0xe3,0xff,0x87,0xff,0x1f,0xfc,0x3f,0xf0,0x00,0x00,0x00,0x00,0xff,0xe3,0xff,0x87,0xff,0x1f,0xfc,0x3f,0xf0,
  0x00,0x00,0x00,0x00,0xff,0xe3,0xff,0x87,0xff,0x1f,0xfc,0x3f,0xf0,0x00,0x00,0x00,0x00,0xff,0xe3,0xff,0x87,0xff,0x1f,0xfc,
  0x3f,0xf0,0x00,0x00,0x00,0x00,0x00,0x00,0x00,0x00,0x00,0x00,0x00,0x00,0x00,0x00,0x00,0x00,0x00,0x00,0x00,0x00,0x00,0x00,
  0x00,0x00,0x00,0x00,0x00,0x00,0x00,0x00,0x00,0x00,0x00,0x00,0x00,0x00,0x00,0x00,0x00,0x00,0x00,0x00,0x00,0xff,0xe3,0xff,
  0x87,0xff,0x1f,0xfc,0x3f,0xf0,0xff,0xe0,0x00,0x00,0xff,0xe3,0xff,0x87,0xff,0x1f,0xfc,0x3f,0xf0,0xff,0xe0,0x00,0x00,0xff,
  0xe3,0xff,0x87,0xff,0x1f,0xfc,0x3f,0xf0,0xff,0xe0,0x00,0x00,0xff,0xe3,0xff,0x87,0xff,0x1f,0xfc,0x3f,0xf0,0xff,0xe0,0x00,
  0x00,0xff,0xe3,0xff,0x87,0xff,0x1f,0xfc,0x3f,0xf0,0xff,0xe0,0x00,0x00,0xff,0xe3,0xff,0x87,0xff,0x1f,0xfc,0x3f,0xf0,0xff,
  0xe0,0x00,0x00,0xff,0xe3,0xff,0x87,0xff,0x1f,0xfc,0x3f,0xf0,0xff,0xe0,0x00,0x00,0xff,0xe3,0xff,0x87,0xff,0x1f,0xfc,0x3f,
  0xf0,0xff,0xe0,0x00,0x00,0xff,0xe3,0xff,0x87,0xff,0x1f,0xfc,0x3f,0xf0,0xff,0xe0,0x00,0x00,0xff,0xe3,0xff,0x87,0xff,0x1f,
  0xfc,0x3f,0xf0,0xff,0xe0,0x00,0x00,0xff,0xe3,0xff,0x87,0xff,0x1f,0xfc,0x3f,0xf0,0xff,0xe0,0x00,0x00,0x00,0x00,0x00,0x00,
  0x00,0x00,0x00,0x00,0x00,0x00,0x00,0x00,0x00,0x00,0x00,0x00,0x00,0x00,0x00,0x00,0x00,0x00,0x00,0x00,0x00,0x00,0x00,0x00,
  0x00,0x00,0x00,0x00,0x00,0x00,0x00,0x00,0x00,0x00,0x00,0x00,0x00,0x00,0x00,0x00,0x00,0x00,0x00,0x00,0x00,0x00,0x00,0x00,
  0x00,0x00,0x00,0x00,0x00,0x00,0x00,0x3f,0xf0,0xff,0xe0,0x00,0x00,0x00,0x00,0x00,0x00,0x00,0x00,0x00,0x3f,0xf0,0xff,0xe0,
  0x00,0x00,0x00,0x00,0x00,0x00,0x00,0x00,0x00,0x3f,0xf0,0xff,0xe0,0x00,0x00,0x00,0x00,0x00,0x00,0x00,0x00,0x00,0x3f,0xf0,
  0xff,0xe0,0x00,0x00,0x00,0x00,0x00,0x00,0x00,0x00,0x00,0x3f,0xf0,0xff,0xe0,0x00,0x00,0x00,0x00,0x00,0x00,0x00,0x00,0x00,
  0x3f,0xf0,0xff,0xe0,0x00,0x00,0x00,0x00,0x00,0x00,0x00,0x00,0x00,0x3f,0xf0,0xff,0xe0,0x00,0x00,0x00,0x00,0x00,0x00,0x00,
  0x00,0x00,0x3f,0xf0,0xff,0xe0,0x00,0x00,0x00,0x00,0x00,0x00,0x00,0x00,0x00,0x3f,0xf0,0xff,0xe0,0x00,0x00,0x00,0x00,0x00,
  0x00,0x00,0x00,0x00,0x3f,0xf0,0xff,0xe0,0x00,0x00,0x00,0x00,0x00,0x00,0x00,0x00,0x00,0x3f,0xf0,0xff,0xe0,0x00,0x00,0x00,
  0x00,0x00,0x00,0x00,0x00,0x00,0x00,0x00,0x00,0x00,0x00,0x00,0x00,0x00,0x00,0x00,0x00,0x00,0x00,0x00,0x00,0x00,0x00,0x00,
  0x00,0x00,0x00,0x00,0x00,0x00,0x00,0x00,0x00,0x00,0x00,0x00,0x00,0x00,0x00,0x00,0x00,0x00,0x00,0x00,0x00,0x3f,0xf0,0xff,
  0xe0,0x00,0x00,0x00,0x00,0x00,0x00,0x00,0x00,0x00,0x3f,0xf0,0xff,0xe0,0x00,0x00,0x00,0x00,0x00,0x00,0x00,0x00,0x00,0x3f,
  0xf0,0xff,0xe0,0x00,0x00,0x00,0x00,0x00,0x00,0x00,0x00,0x00,0x3f,0xf0,0xff,0xe0,0x00,0x00,0x00,0x00,0x00,0x00,0x00,0x00,
  0x00,0x3f,0xf0,0xff,0xe0,0x00,0x00,0x00,0x00,0x00,0x00,0x00,0x00,0x00,0x3f,0xf0,0xff,0xe0,0x00,0x00,0x00,0x00,0x00,0x00,
  0x00,0x00,0x00,0x3f,0xf0,0xff,0xe0,0x00,0x00,0x00,0x00,0x00,0x00,0x00,0x00,0x00,0x3f,0xf0,0xff,0xe0,0x00,0x00,0x00,0x00,
  0x00,0x00,0x00,0x00,0x00,0x3f,0xf0,0xff,0xe0,0x00,0x00,0x00,0x00,0x00,0x00,0x00,0x00,0x00,0x3f,0xf0,0xff,0xe0,0x00,0x00,
  0x00,0x00,0x00,0x00,0x00,0x00,0x00,0x3f,0xf0,0xff,0xe0,0x00,0x00,0x00,0x00,0x00,0x00,0x00,0x00,0x00,0x00,0x00,0x00,0x00,
  0x00,0x00,0x00,0x00,0x00,0x00,0x00,0x00,0x00,0x00,0x00,0x00,0x00,0x00,0x00,0x00,0x00,0x00,0x00,0x00,0x00,0x00,0x00,0x00,
  0x00,0x00,0x00,0x00,0x00,0x00,0x00,0x00,0x00,0x00,0x00,0x00,0x00,0x00,0x00,0x00,0x00,0xff,0xe3,0xff,0x87,0xff,0x1f,0xfc,
  0x3f,0xf0,0xff,0xe0,0x00,0x00,0xff,0xe3,0xff,0x87,0xff,0x1f,0xfc,0x3f,0xf0,0xff,0xe0,0x00,0x00,0xff,0xe3,0xff,0x87,0xff,
  0x1f,0xfc,0x3f,0xf0,0xff,0xe0,0x00,0x00,0xff,0xe3,0xff,0x87,0xff,0x1f,0xfc,0x3f,0xf0,0xff,0xe0,0x00,0x00,0xff,0xe3,0xff,
  0x87,0xff,0x1f,0xfc,0x3f,0xf0,0xff,0xe0,0x00,0x00,0xff,0xe3,0xff,0x87,0xff,0x1f,0xfc,0x3f,0xf0,0xff,0xe0,0x00,0x00,0xff,
  0xe3,0xff,0x87,0xff,0x1f,0xfc,0x3f,0xf0,0xff,0xe0,0x00,0x00,0xff,0xe3,0xff,0x87,0xff,0x1f,0xfc,0x3f,0xf0,0xff,0xe0,0x00,
  0x00,0xff,0xe3,0xff,0x87,0xff,0x1f,0xfc,0x3f,0xf0,0xff,0xe0,0x00,0x00,0xff,0xe3,0xff,0x87,0xff,0x1f,0xfc,0x3f,0xf0,0xff,
  0xe0,0x00,0x00,0xff,0xe3,0xff,0x87,0xff,0x1f,0xfc,0x3f,0xf0,0xff,0xe0,0x00,0x00,0x00,0x00,0x00,0x00,0x00,0x00,0x00,0x00,
  0x00,0x00,0x00,0x00,0x00,0x00,0x00,0x00,0x00,0x00,0x00,0x00,0x00,0x00,0x00,0x00,0x00,0x00,0x00,0x00,0x00,0x00,0x00,0x00,
  0x00,0x00,0x00,0x00,0x00,0x00,0x00,0xff,0xe3,0xff,0x87,0xff,0x1f,0xfc,0x3f,0xf0,0x00,0x00,0x00,0x00,0xff,0xe3,0xff,0x87,
  0xff,0x1f,0xfc,0x3f,0xf0,0x00,0x00,0x00,0x00,0xff,0xe3,0xff,0x87,0xff,0x1f,0xfc,0x3f,0xf0,0x00,0x00,0x00,0x00,0xff,0xe3,
  0xff,0x87,0xff,0x1f,0xfc,0x3f,0xf0,0x00,0x00,0x00,0x00,0xff,0xe3,0xff,0x87,0xff,0x1f,0xfc,0x3f,0xf0,0x00,0x00,0x00,0x00,
  0xff,0xe3,0xff,0x87,0xff,0x1f,0xfc,0x3f,0xf0,0x00,0x00,0x00,0x00,0xff,0xe3,0xff,0x87,0xff,0x1f,0xfc,0x3f,0xf0,0x00,0x00,
  0x00,0x00,0xff,0xe3,0xff,0x87,0xff,0x1f,0xfc,0x3f,0xf0,0x00,0x00,0x00,0x00,0xff,0xe3,0xff,0x87,0xff,0x1f,0xfc,0x3f,0xf0,
  0x00,0x00,0x00,0x00,0xff,0xe3,0xff,0x87,0xff,0x1f,0xfc,0x3f,0xf0,0x00,0x00,0x00,0x00,0xff,0xe3,0xff,0x87,0xff,0x1f,0xfc,
  0x3f,0xf0,0x00,0x00,0x00,0x00,0x00,0x03,0xff,0x87,0xff,0x1f,0xfc,0x3f,0xf0,0xff,0xe0,0x00,0x00,0x00,0x03,0xff,0x87,0xff,
  0x1f,0xfc,0x3f,0xf0,0xff,0xe0,0x00,0x00,0x00,0x03,0xff,0x87,0xff,0x1f,0xfc,0x3f,0xf0,0xff,0xe0,0x00,0x00,0x00,0x03,0xff,
  0x87,0xff,0x1f,0xfc,0x3f,0xf0,0xff,0xe0,0x00,0x00,0x00,0x03,0xff,0x87,0xff,0x1f,0xfc,0x3f,0xf0,0xff,0xe0,0x00,0x00,0x00,
  0x03,0xff,0x87,0xff,0x1f,0xfc,0x3f,0xf0,0xff,0xe0,0x00,0x00,0x00,0x03,0xff,0x87,0xff,0x1f,0xfc,0x3f,0xf0,0xff,0xe0,0x00,
  0x00,0x00,0x03,0xff,0x87,0xff,0x1f,0xfc,0x3f,0xf0,0xff,0xe0,0x00,0x00,0x00,0x03,0xff,0x87,0xff,0x1f,0xfc,0x3f,0xf0,0xff,
  0xe0,0x00,0x00,0x00,0x03,0xff,0x87,0xff,0x1f,0xfc,0x3f,0xf0,0xff,0xe0,0x00,0x00,0x00,0x03,0xff,0x87,0xff,0x1f,0xfc,0x3f,
  0xf0,0xff,0xe0,0x00,0x00,0x00,0x00,0x00,0x00,0x00,0x00,0x00,0x00,0x00,0x00,0x00,0x00,0x00,0x00,0x00,0x00,0x00,0x00,0x00,
  0x00,0x00,0x00,0x00,0x00,0x00,0x00,0x00,0x00,0x00,0x00,0x00,0x00,0x00,0x00,0x00,0x00,0x00,0x00,0x00,0x00,0x00,0x00,0x00,
  0x00,0x00,0x00,0x00,0x00,0x00,0x00,0x00,0x00,0xff,0xe3,0xff,0x87,0xff,0x1f,0xfc,0x3f,0xf0,0xff,0xe0,0x00,0x00,0xff,0xe3,
  0xff,0x87,0xff,0x1f,0xfc,0x3f,0xf0,0xff,0xe0,0x00,0x00,0xff,0xe3,0xff,0x87,0xff,0x1f,0xfc,0x3f,0xf0,0xff,0xe0,0x00,0x00,
  0xff,0xe3,0xff,0x87,0xff,0x1f,0xfc,0x3f,0xf0,0xff,0xe0,0x00,0x00,0xff,0xe3,0xff,0x87,0xff,0x1f,0xfc,0x3f,0xf0,0xff,0xe0,
  0x00,0x00,0xff,0xe3,0xff,0x87,0xff,0x1f,0xfc,0x3f,0xf0,0xff,0xe0,0x00,0x00,0xff,0xe3,0xff,0x87,0xff,0x1f,0xfc,0x3f,0xf0,
  0xff,0xe0,0x00,0x00,0xff,0xe3,0xff,0x87,0xff,0x1f,0xfc,0x3f,0xf0,0xff,0xe0,0x00,0x00,0xff,0xe3,0xff,0x87,0xff,0x1f,0xfc,
  0x3f,0xf0,0xff,0xe0,0x00,0x00,0xff,0xe3,0xff,0x87,0xff,0x1f,0xfc,0x3f,0xf0,0xff,0xe0,0x00,0x00,0xff,0xe3,0xff,0x87,0xff,
  0x1f,0xfc,0x3f,0xf0,0xff,0xe0,0x00,0x00,0x00,0x00,0x00,0x00,0x00,0x00,0x00,0x00,0x00,0x00,0x00,0x00,0x00,0x00,0x00,0x00,
  0x00,0x00,0x00,0x00,0x00,0x00,0x00,0x00,0x00,0x00,0x00,0x00,0x00,0x00,0x00,0x00,0x00,0x00,0x00,0x00,0x00,0x00,0x00,0xff,
  0xe3,0xff,0x80,0x00,0x00,0x00,0x00,0x00,0x00,0x00,0x00,0x00,0xff,0xe3,0xff,0x80,0x00,0x00,0x00,0x00,0x00,0x00,0x00,0x00,
  0x00,0xff,0xe3,0xff,0x80,0x00,0x00,0x00,0x00,0x00,0x00,0x00,0x00,0x00,0xff,0xe3,0xff,0x80,0x00,0x00,0x00,0x00,0x00,0x00,
  0x00,0x00,0x00,0xff,0xe3,0xff,0x80,0x00,0x00,0x00,0x00,0x00,0x00,0x00,0x00,0x00,0xff,0xe3,0xff,0x80,0x00,0x00,0x00,0x00,
  0x00,0x00,0x00,0x00,0x00,0xff,0xe3,0xff,0x80,0x00,0x00,0x00,0x00,0x00,0x00,0x00,0x00,0x00,0xff,0xe3,0xff,0x80,0x00,0x00,
  0x00,0x00,0x00,0x00,0x00,0x00,0x00,0xff,0xe3,0xff,0x80,0x00,0x00,0x00,0x00,0x00,0x00,0x00,0x00,0x00,0xff,0xe3,0xff,0x80,
  0x00,0x00,0x00,0x00,0x00,0x00,0x00,0x00,0x00,0xff,0xe3,0xff,0x80,0x00,0x00,0x00,0x00,0x00,0x00,0x00,0x00,0x00,0x00,0x00,
  0x00,0x00,0x00,0x00,0x00,0x00,0x00,0x00,0x00,0x00,0x00,0x00,0x00,0x00,0x00,0x00,0x00,0x00,0x00,0x00,0x00,0x00,0x00,0x00,
  0x00,0x00,0x00,0x00,0x00,0x00,0x00,0x00,0x00,0x00,0x00,0x00,0x00,0x00,0x00,0x00,0x00,0x00,0x00,0x00,0x00,0x00,0x00,0x00,
  0x00,0x00,0xff,0xe3,0xff,0x80,0x00,0x00,0x00,0x00,0x00,0x00,0x00,0x00,0x00,0xff,0xe3,0xff,0x80,0x00,0x00,0x00,0x00,0x00,
  0x00,0x00,0x00,0x00,0xff,0xe3,0xff,0x80,0x00,0x00,0x00,0x00,0x00,0x00,0x00,0x00,0x00,0xff,0xe3,0xff,0x80,0x00,0x00,0x00,
  0x00,0x00,0x00,0x00,0x00,0x00,0xff,0xe3,0xff,0x80,0x00,0x00,0x00,0x00,0x00,0x00,0x00,0x00,0x00,0xff,0xe3,0xff,0x80,0x00,
  0x00,0x00,0x00,0x00,0x00,0x00,0x00,0x00,0xff,0xe3,0xff,0x80,0x00,0x00,0x00,0x00,0x00,0x00,0x00,0x00,0x00,0xff,0xe3,0xff,
  0x80,0x00,0x00,0x00,0x00,0x00,0x00,0x00,0x00,0x00,0xff,0xe3,0xff,0x80,0x00,0x00,0x00,0x00,0x00,0x00,0x00,0x00,0x00,0xff,
  0xe3,0xff,0x80,0x00,0x00,0x00,0x00,0x00,0x00,0x00,0x00,0x00,0xff,0xe3,0xff,0x80,0x00,0x00,0x00,0x00,0x00,0x00,0x00,0x00,
  0x00,0x00,0x00,0x00,0x00,0x00,0x00,0x00,0x00,0x00,0x00,0x00,0x00,0x00,0x00,0x00,0x00,0x00,0x00,0x00,0x00,0x00,0x00,0x00,
  0x00,0x00,0x00,0x00,0x00,0x00,0x00,0x00,0x00,0x00,0x00,0x00,0x00,0x00,0x00,0x00,0xff,0xe3,0xff,0x87,0xff,0x1f,0xfc,0x3f,
  0xf0,0x00,0x00,0x00,0x00,0xff,0xe3,0xff,0x87,0xff,0x1f,0xfc,0x3f,0xf0,0x00,0x00,0x00,0x00,0xff,0xe3,0xff,0x87,0xff,0x1f,
  0xfc,0x3f,0xf0,0x00,0x00,0x00,0x00,0xff,0xe3,0xff,0x87,0xff,0x1f,0xfc,0x3f,0xf0,0x00,0x00,0x00,0x00,0xff,0xe3,0xff,0x87,
  0xff,0x1f,0xfc,0x3f,0xf0,0x00,0x00,0x00,0x00,0xff,0xe3,0xff,0x87,0xff,0x1f,0xfc,0x3f,0xf0,0x00,0x00,0x00,0x00,0xff,0xe3,
  0xff,0x87,0xff,0x1f,0xfc,0x3f,0xf0,0x00,0x00,0x00,0x00,0xff,0xe3,0xff,0x87,0xff,0x1f,0xfc,0x3f,0xf0,0x00,0x00,0x00,0x00,
  0xff,0xe3,0xff,0x87,0xff,0x1f,0xfc,0x3f,0xf0,0x00,0x00,0x00,0x00,0xff,0xe3,0xff,0x87,0xff,0x1f,0xfc,0x3f,0xf0,0x00,0x00,
  0x00,0x00,0xff,0xe3,0xff,0x87,0xff,0x1f,0xfc,0x3f,0xf0,0x00,0x00,0x00,0x00,0x00,0x00,0x00,0x00,0x00,0x00,0x00,0x00,0x00,
  0x00,0x00,0x00,0x00,0x00,0x00,0x00,0x00,0x00,0x00,0x00,0x00,0x00,0x00,0x00,0x00,0x00,0x00,0x00,0x00,0x00,0x00,0x00,0x00,
  0x00,0x00,0x00,0x00,0x00,0x00,0xff,0xe3,0xff,0x87,0xff,0x1f,0xfc,0x3f,0xf0,0xff,0xe0,0x00,0x00,0xff,0xe3,0xff,0x87,0xff,
  0x1f,0xfc,0x3f,0xf0,0xff,0xe0,0x00,0x00,0xff,0xe3,0xff,0x87,0xff,0x1f,0xfc,0x3f,0xf0,0xff,0xe0,0x00,0x00,0xff,0xe3,0xff,
  0x87,0xff,0x1f,0xfc,0x3f,0xf0,0xff,0xe0,0x00,0x00,0xff,0xe3,0xff,0x87,0xff,0x1f,0xfc,0x3f,0xf0,0xff,0xe0,0x00,0x00,0xff,
  0xe3,0xff,0x87,0xff,0x1f,0xfc,0x3f,0xf0,0xff,0xe0,0x00,0x00,0xff,0xe3,0xff,0x87,0xff,0x1f,0xfc,0x3f,0xf0,0xff,0xe0,0x00,
  0x00,0xff,0xe3,0xff,0x87,0xff,0x1f,0xfc,0x3f,0xf0,0xff,0xe0,0x00,0x00,0xff,0xe3,0xff,0x87,0xff,0x1f,0xfc,0x3f,0xf0,0xff,
  0xe0,0x00,0x00,0xff,0xe3,0xff,0x87,0xff,0x1f,0xfc,0x3f,0xf0,0xff,0xe0,0x00,0x00,0xff,0xe3,0xff,0x87,0xff,0x1f,0xfc,0x3f,
  0xf0,0xff,0xe0,0x00,0x00,0x00,0x00,0x00,0x00,0x00,0x00,0x00,0x00,0x00,0x00,0x00,0x00,0x00,0x00,0x00,0x00,0x00,0x00,0x00,
  0x00,0x00,0x00,0x00,0x00,0x00,0x00,0x00,0x00,0x00,0x00,0x00,0x00,0x00,0x00,0x00,0x00,0x00,0x00,0x00,0x00,0x00,0x00,0x00,
  0x00,0x00,0x00,0x00,0x00,0x00,0x00,0x00,0x00,0xff,0xe3,0xff,0x80,0x00,0x00,0x00,0x3f,0xf0,0xff,0xe0,0x00,0x00,0xff,0xe3,
  0xff,0x80,0x00,0x00,0x00,0x3f,0xf0,0xff,0xe0,0x00,0x00,0xff,0xe3,0xff,0x80,0x00,0x00,0x00,0x3f,0xf0,0xff,0xe0,0x00,0x00,
  0xff,0xe3,0xff,0x80,0x00,0x00,0x00,0x3f,0xf0,0xff,0xe0,0x00,0x00,0xff,0xe3,0xff,0x80,0x00,0x00,0x00,0x3f,0xf0,0xff,0xe0,
  0x00,0x00,0xff,0xe3,0xff,0x80,0x00,0x00,0x00,0x3f,0xf0,0xff,0xe0,0x00,0x00,0xff,0xe3,0xff,0x80,0x00,0x00,0x00,0x3f,0xf0,
  0xff,0xe0,0x00,0x00,0xff,0xe3,0xff,0x80,0x00,0x00,0x00,0x3f,0xf0,0xff,0xe0,0x00,0x00,0xff,0xe3,0xff,0x80,0x00,0x00,0x00,
  0x3f,0xf0,0xff,0xe0,0x00,0x00,0xff,0xe3,0xff,0x80,0x00,0x00,0x00,0x3f,0xf0,0xff,0xe0,0x00,0x00,0xff,0xe3,0xff,0x80,0x00,
  0x00,0x00,0x3f,0xf0,0xff,0xe0,0x00,0x00,0x00,0x00,0x00,0x00,0x00,0x00,0x00,0x00,0x00,0x00,0x00,0x00,0x00,0x00,0x00,0x00,
  0x00,0x00,0x00,0x00,0x00,0x00,0x00,0x00,0x00,0x00,0x00,0x00,0x00,0x00,0x00,0x00,0x00,0x00,0x00,0x00,0x00,0x00,0x00,0xff,
  0xe3,0xff,0x80,0x00,0x00,0x00,0x3f,0xf0,0xff,0xe0,0x00,0x00,0xff,0xe3,0xff,0x80,0x00,0x00,0x00,0x3f,0xf0,0xff,0xe0,0x00,
  0x00,0xff,0xe3,0xff,0x80,0x00,0x00,0x00,0x3f,0xf0,0xff,0xe0,0x00,0x00,0xff,0xe3,0xff,0x80,0x00,0x00,0x00,0x3f,0xf0,0xff,
  0xe0,0x00,0x00,0xff,0xe3,0xff,0x80,0x00,0x00,0x00,0x3f,0xf0,0xff,0xe0,0x00,0x00,0xff,0xe3,0xff,0x80,0x00,0x00,0x00,0x3f,
  0xf0,0xff,0xe0,0x00,0x00,0xff,0xe3,0xff,0x80,0x00,0x00,0x00,0x3f,0xf0,0xff,0xe0,0x00,0x00,0xff,0xe3,0xff,0x80,0x00,0x00,
  0x00,0x3f,0xf0,0xff,0xe0,0x00,0x00,0xff,0xe3,0xff,0x80,0x00,0x00,0x00,0x3f,0xf0,0xff,0xe0,0x00,0x00,0xff,0xe3,0xff,0x80,
  0x00,0x00,0x00,0x3f,0xf0,0xff,0xe0,0x00,0x00,0xff,0xe3,0xff,0x80,0x00,0x00,0x00,0x3f,0xf0,0xff,0xe0,0x00,0x00,0x00,0x00,
  0x00,0x00,0x00,0x00,0x00,0x00,0x00,0x00,0x00,0x00,0x00,0x00,0x00,0x00,0x00,0x00,0x00,0x00,0x00,0x00,0x00,0x00,0x00,0x00,
  0x00,0x00,0x00,0x00,0x00,0x00,0x00,0x00,0x00,0x00,0x00,0x00,0x00,0x00,0x00,0x00,0x00,0x00,0x00,0x00,0x00,0x00,0x00,0x00,
  0x00,0x00,0xff,0xe3,0xff,0x87,0xff,0x1f,0xfc,0x3f,0xf0,0xff,0xe0,0x00,0x00,0xff,0xe3,0xff,0x87,0xff,0x1f,0xfc,0x3f,0xf0,
  0xff,0xe0,0x00,0x00,0xff,0xe3,0xff,0x87,0xff,0x1f,0xfc,0x3f,0xf0,0xff,0xe0,0x00,0x00,0xff,0xe3,0xff,0x87,0xff,0x1f,0xfc,
  0x3f,0xf0,0xff,0xe0,0x00,0x00,0xff,0xe3,0xff,0x87,0xff,0x1f,0xfc,0x3f,0xf0,0xff,0xe0,0x00,0x00,0xff,0xe3,0xff,0x87,0xff,
  0x1f,0xfc,0x3f,0xf0,0xff,0xe0,0x00,0x00,0xff,0xe3,0xff,0x87,0xff,0x1f,0xfc,0x3f,0xf0,0xff,0xe0,0x00,0x00,0xff,0xe3,0xff,
  0x87,0xff,0x1f,0xfc,0x3f,0xf0,0xff,0xe0,0x00,0x00,0xff,0xe3,0xff,0x87,0xff,0x1f,0xfc,0x3f,0xf0,0xff,0xe0,0x00,0x00,0xff,
  0xe3,0xff,0x87,0xff,0x1f,0xfc,0x3f,0xf0,0xff,0xe0,0x00,0x00,0xff,0xe3,0xff,0x87,0xff,0x1f,0xfc,0x3f,0xf0,0xff,0xe0,0x00,
  0x00,0x00,0x00,0x00,0x00,0x00,0x00,0x00,0x00,0x00,0x00,0x00,0x00,0x00,0x00,0x00,0x00,0x00,0x00,0x00,0x00,0x00,0x00,0x00,
  0x00,0x00,0x00,0x00,0x00,0x00,0x00,0x00,0x00,0x00,0x00,0x00,0x00,0x00,0x00,0x00,0x00,0x03,0xff,0x87,0xff,0x1f,0xfc,0x3f,
  0xf0,0x00,0x00,0x00,0x00,0x00,0x03,0xff,0x87,0xff,0x1f,0xfc,0x3f,0xf0,0x00,0x00,0x00,0x00,0x00,0x03,0xff,0x87,0xff,0x1f,
  0xfc,0x3f,0xf0,0x00,0x00,0x00,0x00,0x00,0x03,0xff,0x87,0xff,0x1f,0xfc,0x3f,0xf0,0x00,0x00,0x00,0x00,0x00,0x03,0xff,0x87,
  0xff,0x1f,0xfc,0x3f,0xf0,0x00,0x00,0x00,0x00,0x00,0x03,0xff,0x87,0xff,0x1f,0xfc,0x3f,0xf0,0x00,0x00,0x00,0x00,0x00,0x03,
  0xff,0x87,0xff,0x1f,0xfc,0x3f,0xf0,0x00,0x00,0x00,0x00,0x00,0x03,0xff,0x87,0xff,0x1f,0xfc,0x3f,0xf0,0x00,0x00,0x00,0x00,
  0x00,0x03,0xff,0x87,0xff,0x1f,0xfc,0x3f,0xf0,0x00,0x00,0x00,0x00,0x00,0x03,0xff,0x87,0xff,0x1f,0xfc,0x3f,0xf0,0x00,0x00,
  0x00,0x00,0x00,0x03,0xff,0x87,0xff,0x1f,0xfc,0x3f,0xf0,0x00,0x00,0x00,0x00,0xff,0xe3,0xff,0x87,0xff,0x1f,0xfc,0x3f,0xf0,
  0xff,0xe0,0x00,0x00,0xff,0xe3,0xff,0x87,0xff,0x1f,0xfc,0x3f,0xf0,0xff,0xe0,0x00,0x00,0xff,0xe3,0xff,0x87,0xff,0x1f,0xfc,
  0x3f,0xf0,0xff,0xe0,0x00,0x00,0xff,0xe3,0xff,0x87,0xff,0x1f,0xfc,0x3f,0xf0,0xff,0xe0,0x00,0x00,0xff,0xe3,0xff,0x87,0xff,
  0x1f,0xfc,0x3f,0xf0,0xff,0xe0,0x00,0x00,0xff,0xe3,0xff,0x87,0xff,0x1f,0xfc,0x3f,0xf0,0xff,0xe0,0x00,0x00,0xff,0xe3,0xff,
  0x87,0xff,0x1f,0xfc,0x3f,0xf0,0xff,0xe0,0x00,0x00,0xff,0xe3,0xff,0x87,0xff,0x1f,0xfc,0x3f,0xf0,0xff,0xe0,0x00,0x00,0xff,
  0xe3,0xff,0x87,0xff,0x1f,0xfc,0x3f,0xf0,0xff,0xe0,0x00,0x00,0xff,0xe3,0xff,0x87,0xff,0x1f,0xfc,0x3f,0xf0,0xff,0xe0,0x00,
  0x00,0xff,0xe3,0xff,0x87,0xff,0x1f,0xfc,0x3f,0xf0,0xff,0xe0,0x00,0x00,0x00,0x00,0x00,0x00,0x00,0x00,0x00,0x00,0x00,0x00,
  0x00,0x00,0x00,0x00,0x00,0x00,0x00,0x00,0x00,0x00,0x00,0x00,0x00,0x00,0x00,0x00,0x00,0x00,0x00,0x00,0x00,0x00,0x00,0x00,
  0x00,0x00,0x00,0x00,0x00,0x00,0x00,0x00,0x00,0x00,0x00,0x00,0x00,0x00,0x00,0x00,0x00,0x00,0xff,0xe3,0xff,0x87,0xff,0x1f,
  0xfc,0x3f,0xf0,0xff,0xe0,0x00,0x00,0xff,0xe3,0xff,0x87,0xff,0x1f,0xfc,0x3f,0xf0,0xff,0xe0,0x00,0x00,0xff,0xe3,0xff,0x87,
  0xff,0x1f,0xfc,0x3f,0xf0,0xff,0xe0,0x00,0x00,0xff,0xe3,0xff,0x87,0xff,0x1f,0xfc,0x3f,0xf0,0xff,0xe0,0x00,0x00,0xff,0xe3,
  0xff,0x87,0xff,0x1f,0xfc,0x3f,0xf0,0xff,0xe0,0x00,0x00,0xff,0xe3,0xff,0x87,0xff,0x1f,0xfc,0x3f,0xf0,0xff,0xe0,0x00,0x00,
  0xff,0xe3,0xff,0x87,0xff,0x1f,0xfc,0x3f,0xf0,0xff,0xe0,0x00,0x00,0xff,0xe3,0xff,0x87,0xff,0x1f,0xfc,0x3f,0xf0,0xff,0xe0,
  0x00,0x00,0xff,0xe3,0xff,0x87,0xff,0x1f,0xfc,0x3f,0xf0,0xff,0xe0,0x00,0x00,0xff,0xe3,0xff,0x87,0xff,0x1f,0xfc,0x3f,0xf0,
  0xff,0xe0,0x00,0x00,0xff,0xe3,0xff,0x87,0xff,0x1f,0xfc,0x3f,0xf0,0xff,0xe0,0x00,0x00,0x00,0x00,0x00,0x00,0x00,0x00,0x00,
  0x00,0x00,0x00,0x00,0x00,0x00,0x00,0x00,0x00,0x00,0x00,0x00,0x00,0x00,0x00,0x00,0x00,0x00,0x00,0x00,0x00,0x00,0x00,0x00,
  0x00,0x00,0x00,0x00,0x00,0x00,0x00,0x00,0xff,0xe3,0xff,0x80,0x00,0x00,0x00,0x3f,0xf0,0xff,0xe0,0x00,0x00,0xff,0xe3,0xff,
  0x80,0x00,0x00,0x00,0x3f,0xf0,0xff,0xe0,0x00,0x00,0xff,0xe3,0xff,0x80,0x00,0x00,0x00,0x3f,0xf0,0xff,0xe0,0x00,0x00,0xff,
  0xe3,0xff,0x80,0x00,0x00,0x00,0x3f,0xf0,0xff,0xe0,0x00,0x00,0xff,0xe3,0xff,0x80,0x00,0x00,0x00,0x3f,0xf0,0xff,0xe0,0x00,
  0x00,0xff,0xe3,0xff,0x80,0x00,0x00,0x00,0x3f,0xf0,0xff,0xe0,0x00,0x00,0xff,0xe3,0xff,0x80,0x00,0x00,0x00,0x3f,0xf0,0xff,
  0xe0,0x00,0x00,0xff,0xe3,0xff,0x80,0x00,0x00,0x00,0x3f,0xf0,0xff,0xe0,0x00,0x00,0xff,0xe3,0xff,0x80,0x00,0x00,0x00,0x3f,
  0xf0,0xff,0xe0,0x00,0x00,0xff,0xe3,0xff,0x80,0x00,0x00,0x00,0x3f,0xf0,0xff,0xe0,0x00,0x00,0xff,0xe3,0xff,0x80,0x00,0x00,
  0x00,0x3f,0xf0,0xff,0xe0,0x00,0x00,0x00,0x00,0x00,0x00,0x00,0x00,0x00,0x00,0x00,0x00,0x00,0x00,0x00,0x00,0x00,0x00,0x00,
  0x00,0x00,0x00,0x00,0x00,0x00,0x00,0x00,0x00,0x00,0x00,0x00,0x00,0x00,0x00,0x00,0x00,0x00,0x00,0x00,0x00,0x00,0x00,0x00,
  0x00,0x00,0x00,0x00,0x00,0x00,0x00,0x00,0x00,0x00,0x00,0xff,0xe3,0xff,0x80,0x00,0x00,0x00,0x3f,0xf0,0xff,0xe0,0x00,0x00,
  0xff,0xe3,0xff,0x80,0x00,0x00,0x00,0x3f,0xf0,0xff,0xe0,0x00,0x00,0xff,0xe3,0xff,0x80,0x00,0x00,0x00,0x3f,0xf0,0xff,0xe0,
  0x00,0x00,0xff,0xe3,0xff,0x80,0x00,0x00,0x00,0x3f,0xf0,0xff,0xe0,0x00,0x00,0xff,0xe3,0xff,0x80,0x00,0x00,0x00,0x3f,0xf0,
  0xff,0xe0,0x00,0x00,0xff,0xe3,0xff,0x80,0x00,0x00,0x00,0x3f,0xf0,0xff,0xe0,0x00,0x00,0xff,0xe3,0xff,0x80,0x00,0x00,0x00,
  0x3f,0xf0,0xff,0xe0,0x00,0x00,0xff,0xe3,0xff,0x80,0x00,0x00,0x00,0x3f,0xf0,0xff,0xe0,0x00,0x00,0xff,0xe3,0xff,0x80,0x00,
  0x00,0x00,0x3f,0xf0,0xff,0xe0,0x00,0x00,0xff,0xe3,0xff,0x80,0x00,0x00,0x00,0x3f,0xf0,0xff,0xe0,0x00,0x00,0xff,0xe3,0xff,
  0x80,0x00,0x00,0x00,0x3f,0xf0,0xff,0xe0,0x00,0x00,0x00,0x00,0x00,0x00,0x00,0x00,0x00,0x00,0x00,0x00,0x00,0x00,0x00,0x00,
  0x00,0x00,0x00,0x00,0x00,0x00,0x00,0x00,0x00,0x00,0x00,0x00,0x00,0x00,0x00,0x00,0x00,0x00,0x00,0x00,0x00,0x00,0x00,0x00,
  0x00,0x00,0x00,0x00,0x00,0x00,0x00,0x00,0x3f,0xf0,0xff,0xe0,0x00,0x00,0x00,0x00,0x00,0x00,0x00,0x00,0x00,0x3f,0xf0,0xff,
  0xe0,0x00,0x00,0x00,0x00,0x00,0x00,0x00,0x00,0x00,0x3f,0xf0,0xff,0xe0,0x00,0x00,0x00,0x00,0x00,0x00,0x00,0x00,0x00,0x3f,
  0xf0,0xff,0xe0,0x00,0x00,0x00,0x00,0x00,0x00,0x00,0x00,0x00,0x3f,0xf0,0xff,0xe0,0x00,0x00,0x00,0x00,0x00,0x00,0x00,0x00,
  0x00,0x3f,0xf0,0xff,0xe0,0x00,0x00,0x00,0x00,0x00,0x00,0x00,0x00,0x00,0x3f,0xf0,0xff,0xe0,0x00,0x00,0x00,0x00,0x00,0x00,
  0x00,0x00,0x00,0x3f,0xf0,0xff,0xe0,0x00,0x00,0x00,0x00,0x00,0x00,0x00,0x00,0x00,0x3f,0xf0,0xff,0xe0,0x00,0x00,0x00,0x00,
  0x00,0x00,0x00,0x00,0x00,0x3f,0xf0,0xff,0xe0,0x00,0x00,0x00,0x00,0x00,0x00,0x00,0x00,0x00,0x3f,0xf0,0xff,0xe0,0x00,0x00,
  0x00,0x00,0x00,0x00,0x00,0x00,0x00,0x00,0x00,0x00,0x00,0x00,0x00,0x00,0x00,0x00,0x00,0x00,0x00,0x00,0x00,0x00,0x00,0x00,
  0x00,0x00,0x00,0x00,0x00,0x00,0x00,0x00,0x00,0x00,0x00,0x00,0x00,0x00,0x00,0x00,0x00,0x00,0x00,0x00,0x00,0x00,0x3f,0xf0,
  0xff,0xe0,0x00,0x00,0x00,0x00,0x00,0x00,0x00,0x00,0x00,0x3f,0xf0,0xff,0xe0,0x00,0x00,0x00,0x00,0x00,0x00,0x00,0x00,0x00,
  0x3f,0xf0,0xff,0xe0,0x00,0x00,0x00,0x00,0x00,0x00,0x00,0x00,0x00,0x3f,0xf0,0xff,0xe0,0x00,0x00,0x00,0x00,0x00,0x00,0x00,
  0x00,0x00,0x3f,0xf0,0xff,0xe0,0x00,0x00,0x00,0x00,0x00,0x00,0x00,0x00,0x00,0x3f,0xf0,0xff,0xe0,0x00,0x00,0x00,0x00,0x00,
  0x00,0x00,0x00,0x00,0x3f,0xf0,0xff,0xe0,0x00,0x00,0x00,0x00,0x00,0x00,0x00,0x00,0x00,0x3f,0xf0,0xff,0xe0,0x00,0x00,0x00,
  0x00,0x00,0x00,0x00,0x00,0x00,0x3f,0xf0,0xff,0xe0,0x00,0x00,0x00,0x00,0x00,0x00,0x00,0x00,0x00,0x3f,0xf0,0xff,0xe0,0x00,
  0x00,0x00,0x00,0x00,0x00,0x00,0x00,0x00,0x3f,0xf0,0xff,0xe0,0x00,0x00,0x00,0x00,0x00,0x00,0x00,0x00,0x00,0x00,0x00,0x00,
  0x00,0x00,0x00,0x00,0x00,0x00,0x00,0x00,0x00,0x00,0x00,0x00,0x00,0x00,0x00,0x00,0x00,0x00,0x00,0x00,0x00,0x00,0x00,0x00,
  0x00,0x00,0x00,0x00,0x00,0x00,0x00,0x00,0x00,0x00,0x00,0x00,0x00,0x00,0x00,0x00,0x00,0x00,0x00,0x00,0x00,0x00,0x00,0x00,
  0x00,0x3f,0xf0,0xff,0xe0,0x00,0x00,0x00,0x00,0x00,0x00,0x00,0x00,0x00,0x3f,0xf0,0xff,0xe0,0x00,0x00,0x00,0x00,0x00,0x00,
  0x00,0x00,0x00,0x3f,0xf0,0xff,0xe0,0x00,0x00,0x00,0x00,0x00,0x00,0x00,0x00,0x00,0x3f,0xf0,0xff,0xe0,0x00,0x00,0x00,0x00,
  0x00,0x00,0x00,0x00,0x00,0x3f,0xf0,0xff,0xe0,0x00,0x00,0x00,0x00,0x00,0x00,0x00,0x00,0x00,0x3f,0xf0,0xff,0xe0,0x00,0x00,
  0x00,0x00,0x00,0x00,0x00,0x00,0x00,0x3f,0xf0,0xff,0xe0,0x00,0x00,0x00,0x00,0x00,0x00,0x00,0x00,0x00,0x3f,0xf0,0xff,0xe0,
  0x00,0x00,0x00,0x00,0x00,0x00,0x00,0x00,0x00,0x3f,0xf0,0xff,0xe0,0x00,0x00,0x00,0x00,0x00,0x00,0x00,0x00,0x00,0x3f,0xf0,
  0xff,0xe0,0x00,0x00,0x00,0x00,0x00,0x00,0x00,0x00,0x00,0x3f,0xf0,0xff,0xe0,0x00,0x00,0x00,0x00,0x00,0x00,0x00,0x00,0x00,
  0x00,0x00,0x00,0x00,0x00,0x00,0x00,0x00,0x00,0x00,0x00,0x00,0x00,0x00,0x00,0x00,0x00,0x00,0x00,0x00,0x00,0x00,0x00,0x00,
  0x00,0x00,0x00,0x00,0x00,0x00,0x00,0x00,0x00,0x00,0x00,0x00,0x00,0x00,0x00,0x3f,0xf0,0xff,0xe0,0x00,0x00,0x00,0x00,0x00,
  0x00,0x00,0x00,0x00,0x3f,0xf0,0xff,0xe0,0x00,0x00,0x00,0x00,0x00,0x00,0x00,0x00,0x00,0x3f,0xf0,0xff,0xe0,0x00,0x00,0x00,
  0x00,0x00,0x00,0x00,0x00,0x00,0x3f,0xf0,0xff,0xe0,0x00,0x00,0x00,0x00,0x00,0x00,0x00,0x00,0x00,0x3f,0xf0,0xff,0xe0,0x00,
  0x00,0x00,0x00,0x00,0x00,0x00,0x00,0x00,0x3f,0xf0,0xff,0xe0,0x00,0x00,0x00,0x00,0x00,0x00,0x00,0x00,0x00,0x3f,0xf0,0xff,
  0xe0,0x00,0x00,0x00,0x00,0x00,0x00,0x00,0x00,0x00,0x3f,0xf0,0xff,0xe0,0x00,0x00,0x00,0x00,0x00,0x00,0x00,0x00,0x00,0x3f,
  0xf0,0xff,0xe0,0x00,0x00,0x00,0x00,0x00,0x00,0x00,0x00,0x00,0x3f,0xf0,0xff,0xe0,0x00,0x00,0x00,0x00,0x00,0x00,0x00,0x00,
  0x00,0x3f,0xf0,0xff,0xe0,0x00,0x00,0x00,0x00,0x00,0x00,0x00,0x00,0x00,0x00,0x00,0x00,0x00,0x00,0x00,0x00,0x00,0x00,0x00,
  0x00,0x00,0x00,0x00,0x00,0x00,0x00,0x00,0x00,0x00,0x00,0x00,0x00,0x00,0x00,0x00,0x00,0x00,0x00,0x00,0x00,0x00,0x00,0x00,
  0x00,0x00,0x00,0x00,0x00,0x00,0x00,0x00,0x00,0x00,0x00,0x00,0x00,0x00,0x00,0x00,0x00,0x00,0x3f,0xf0,0xff,0xe0,0x00,0x00,
  0x00,0x00,0x00,0x00,0x00,0x00,0x00,0x3f,0xf0,0xff,0xe0,0x00,0x00,0x00,0x00,0x00,0x00,0x00,0x00,0x00,0x3f,0xf0,0xff,0xe0,
  0x00,0x00,0x00,0x00,0x00,0x00,0x00,0x00,0x00,0x3f,0xf0,0xff,0xe0,0x00,0x00,0x00,0x00,0x00,0x00,0x00,0x00,0x00,0x3f,0xf0,
  0xff,0xe0,0x00,0x00,0x00,0x00,0x00,0x00,0x00,0x00,0x00,0x3f,0xf0,0xff,0xe0,0x00,0x00,0x00,0x00,0x00,0x00,0x00,0x00,0x00,
  0x3f,0xf0,0xff,0xe0,0x00,0x00,0x00,0x00,0x00,0x00,0x00,0x00,0x00,0x3f,0xf0,0xff,0xe0,0x00,0x00,0x00,0x00,0x00,0x00,0x00,
  0x00,0x00,0x3f,0xf0,0xff,0xe0,0x00,0x00,0x00,0x00,0x00,0x00,0x00,0x00,0x00,0x3f,0xf0,0xff,0xe0,0x00,0x00,0x00,0x00,0x00,
  0x00,0x00,0x00,0x00,0x3f,0xf0,0xff,0xe0,0x00,0x00,0x00,0x00,0x00,0x00,0x00,0x00,0x00,0x00,0x00,0x00,0x00,0x00,0x00,0x00,
  0x00,0x00,0x00,0x00,0x00,0x00,0x00,0x00,0x00,0x00,0x00,0x00,0x00,0x00,0x00,0x00,0x00,0x00,0x00,0x00,0x00,0x00,0x00,0x00,
  0x00,0x00,0x00,0x00,0x00,0x00,0x00,0x00,0x3f,0xf0,0xff,0xe0,0x00,0x00,0x00,0x00,0x00,0x00,0x00,0x00,0x00,0x3f,0xf0,0xff,
  0xe0,0x00,0x00,0x00,0x00,0x00,0x00,0x00,0x00,0x00,0x3f,0xf0,0xff,0xe0,0x00,0x00,0x00,0x00,0x00,0x00,0x00,0x00,0x00,0x3f,
  0xf0,0xff,0xe0,0x00,0x00,0x00,0x00,0x00,0x00,0x00,0x00,0x00,0x3f,0xf0,0xff,0xe0,0x00,0x00,0x00,0x00,0x00,0x00,0x00,0x00,
  0x00,0x3f,0xf0,0xff,0xe0,0x00,0x00,0x00,0x00,0x00,0x00,0x00,0x00,0x00,0x3f,0xf0,0xff,0xe0,0x00,0x00,0x00,0x00,0x00,0x00,
  0x00,0x00,0x00,0x3f,0xf0,0xff,0xe0,0x00,0x00,0x00,0x00,0x00,0x00,0x00,0x00,0x00,0x3f,0xf0,0xff,0xe0,0x00,0x00,0x00,0x00,
  0x00,0x00,0x00,0x00,0x00,0x3f,0xf0,0xff,0xe0,0x00,0x00,0x00,0x00,0x00,0x00,0x00,0x00,0x00,0x3f,0xf0,0xff,0xe0,0x00,0x00,
  0x00,0x03,0xff,0x87,0xff,0x1f,0xfc,0x3f,0xf0,0x00,0x00,0x00,0x00,0x00,0x03,0xff,0x87,0xff,0x1f,0xfc,0x3f,0xf0,0x00,0x00,
  0x00,0x00,0x00,0x03,0xff,0x87,0xff,0x1f,0xfc,0x3f,0xf0,0x00,0x00,0x00,0x00,0x00,0x03,0xff,0x87,0xff,0x1f,0xfc,0x3f,0xf0,
  0x00,0x00,0x00,0x00,0x00,0x03,0xff,0x87,0xff,0x1f,0xfc,0x3f,0xf0,0x00,0x00,0x00,0x00,0x00,0x03,0xff,0x87,0xff,0x1f,0xfc,
  0x3f,0xf0,0x00,0x00,0x00,0x00,0x00,0x03,0xff,0x87,0xff,0x1f,0xfc,0x3f,0xf0,0x00,0x00,0x00,0x00,0x00,0x03,0xff,0x87,0xff,
  0x1f,0xfc,0x3f,0xf0,0x00,0x00,0x00,0x00,0x00,0x03,0xff,0x87,0xff,0x1f,0xfc,0x3f,0xf0,0x00,0x00,0x00,0x00,0x00,0x03,0xff,
  0x87,0xff,0x1f,0xfc,0x3f,0xf0,0x00,0x00,0x00,0x00,0x00,0x03,0xff,0x87,0xff,0x1f,0xfc,0x3f,0xf0,0x00,0x00,0x00,0x00,0x00,
  0x00,0x00,0x00,0x00,0x00,0x00,0x00,0x00,0x00,0x00,0x00,0x00,0x00,0x00,0x00,0x00,0x00,0x00,0x00,0x00,0x00,0x00,0x00,0x00,
  0x00,0x00,0x00,0x00,0x00,0x00,0x00,0x00,0x00,0x00,0x00,0x00,0x00,0x00,0x00,0x00,0x00,0x00,0x00,0x00,0x00,0x00,0x00,0x00,
  0x00,0x00,0x00,0xff,0xe3,0xff,0x87,0xff,0x1f,0xfc,0x3f,0xf0,0xff,0xe0,0x00,0x00,0xff,0xe3,0xff,0x87,0xff,0x1f,0xfc,0x3f,
  0xf0,0xff,0xe0,0x00,0x00,0xff,0xe3,0xff,0x87,0xff,0x1f,0xfc,0x3f,0xf0,0xff,0xe0,0x00,0x00,0xff,0xe3,0xff,0x87,0xff,0x1f,
  0xfc,0x3f,0xf0,0xff,0xe0,0x00,0x00,0xff,0xe3,0xff,0x87,0xff,0x1f,0xfc,0x3f,0xf0,0xff,0xe0,0x00,0x00,0xff,0xe3,0xff,0x87,
  0xff,0x1f,0xfc,0x3f,0xf0,0xff,0xe0,0x00,0x00,0xff,0xe3,0xff,0x87,0xff,0x1f,0xfc,0x3f,0xf0,0xff,0xe0,0x00,0x00,0xff,0xe3,
  0xff,0x87,0xff,0x1f,0xfc,0x3f,0xf0,0xff,0xe0,0x00,0x00,0xff,0xe3,0xff,0x87,0xff,0x1f,0xfc,0x3f,0xf0,0xff,0xe0,0x00,0x00,
  0xff,0xe3,0xff,0x87,0xff,0x1f,0xfc,0x3f,0xf0,0xff,0xe0,0x00,0x00,0xff,0xe3,0xff,0x87,0xff,0x1f,0xfc,0x3f,0xf0,0xff,0xe0,
  0x00,0x00,0x00,0x00,0x00,0x00,0x00,0x00,0x00,0x00,0x00,0x00,0x00,0x00,0x00,0x00,0x00,0x00,0x00,0x00,0x00,0x00,0x00,0x00,
  0x00,0x00,0x00,0x00,0x00,0x00,0x00,0x00,0x00,0x00,0x00,0x00,0x00,0x00,0x00,0x00,0x00,0xff,0xe3,0xff,0x80,0x00,0x00,0x00,
  0x3f,0xf0,0xff,0xe0,0x00,0x00,0xff,0xe3,0xff,0x80,0x00,0x00,0x00,0x3f,0xf0,0xff,0xe0,0x00,0x00,0xff,0xe3,0xff,0x80,0x00,
  0x00,0x00,0x3f,0xf0,0xff,0xe0,0x00,0x00,0xff,0xe3,0xff,0x80,0x00,0x00,0x00,0x3f,0xf0,0xff,0xe0,0x00,0x00,0xff,0xe3,0xff,
  0x80,0x00,0x00,0x00,0x3f,0xf0,0xff,0xe0,0x00,0x00,0xff,0xe3,0xff,0x80,0x00,0x00,0x00,0x3f,0xf0,0xff,0xe0,0x00,0x00,0xff,
  0xe3,0xff,0x80,0x00,0x00,0x00,0x3f,0xf0,0xff,0xe0,0x00,0x00,0xff,0xe3,0xff,0x80,0x00,0x00,0x00,0x3f,0xf0,0xff,0xe0,0x00,
  0x00,0xff,0xe3,0xff,0x80,0x00,0x00,0x00,0x3f,0xf0,0xff,0xe0,0x00,0x00,0xff,0xe3,0xff,0x80,0x00,0x00,0x00,0x3f,0xf0,0xff,
  0xe0,0x00,0x00,0xff,0xe3,0xff,0x80,0x00,0x00,0x00,0x3f,0xf0,0xff,0xe0,0x00,0x00,0x00,0x00,0x00,0x00,0x00,0x00,0x00,0x00,
  0x00,0x00,0x00,0x00,0x00,0x00,0x00,0x00,0x00,0x00,0x00,0x00,0x00,0x00,0x00,0x00,0x00,0x00,0x00,0x00,0x00,0x00,0x00,0x00,
  0x00,0x00,0x00,0x00,0x00,0x00,0x00,0x00,0x00,0x00,0x00,0x00,0x00,0x00,0x00,0x00,0x00,0x00,0x00,0x00,0xff,0xe3,0xff,0x80,
  0x00,0x00,0x00,0x3f,0xf0,0xff,0xe0,0x00,0x00,0xff,0xe3,0xff,0x80,0x00,0x00,0x00,0x3f,0xf0,0xff,0xe0,0x00,0x00,0xff,0xe3,
  0xff,0x80,0x00,0x00,0x00,0x3f,0xf0,0xff,0xe0,0x00,0x00,0xff,0xe3,0xff,0x80,0x00,0x00,0x00,0x3f,0xf0,0xff,0xe0,0x00,0x00,
  0xff,0xe3,0xff,0x80,0x00,0x00,0x00,0x3f,0xf0,0xff,0xe0,0x00,0x00,0xff,0xe3,0xff,0x80,0x00,0x00,0x00,0x3f,0xf0,0xff,0xe0,
  0x00,0x00,0xff,0xe3,0xff,0x80,0x00,0x00,0x00,0x3f,0xf0,0xff,0xe0,0x00,0x00,0xff,0xe3,0xff,0x80,0x00,0x00,0x00,0x3f,0xf0,
  0xff,0xe0,0x00,0x00,0xff,0xe3,0xff,0x80,0x00,0x00,0x00,0x3f,0xf0,0xff,0xe0,0x00,0x00,0xff,0xe3,0xff,0x80,0x00,0x00,0x00,
  0x3f,0xf0,0xff,0xe0,0x00,0x00,0xff,0xe3,0xff,0x80,0x00,0x00,0x00,0x3f,0xf0,0xff,0xe0,0x00,0x00,0x00,0x00,0x00,0x00,0x00,
  0x00,0x00,0x00,0x00,0x00,0x00,0x00,0x00,0x00,0x00,0x00,0x00,0x00,0x00,0x00,0x00,0x00,0x00,0x00,0x00,0x00,0x00,0x00,0x00,
  0x00,0x00,0x00,0x00,0x00,0x00,0x00,0x00,0x00,0x00,0x00,0x03,0xff,0x87,0xff,0x1f,0xfc,0x3f,0xf0,0x00,0x00,0x00,0x00,0x00,
  0x03,0xff,0x87,0xff,0x1f,0xfc,0x3f,0xf0,0x00,0x00,0x00,0x00,0x00,0x03,0xff,0x87,0xff,0x1f,0xfc,0x3f,0xf0,0x00,0x00,0x00,
  0x00,0x00,0x03,0xff,0x87,0xff,0x1f,0xfc,0x3f,0xf0,0x00,0x00,0x00,0x00,0x00,0x03,0xff,0x87,0xff,0x1f,0xfc,0x3f,0xf0,0x00,
  0x00,0x00,0x00,0x00,0x03,0xff,0x87,0xff,0x1f,0xfc,0x3f,0xf0,0x00,0x00,0x00,0x00,0x00,0x03,0xff,0x87,0xff,0x1f,0xfc,0x3f,
  0xf0,0x00,0x00,0x00,0x00,0x00,0x03,0xff,0x87,0xff,0x1f,0xfc,0x3f,0xf0,0x00,0x00,0x00,0x00,0x00,0x03,0xff,0x87,0xff,0x1f,
  0xfc,0x3f,0xf0,0x00,0x00,0x00,0x00,0x00,0x03,0xff,0x87,0xff,0x1f,0xfc,0x3f,0xf0,0x00,0x00,0x00,0x00,0x00,0x03,0xff,0x87,
  0xff,0x1f,0xfc,0x3f,0xf0,0x00,0x00,0x00,0x00,0x00,0x00,0x00,0x00,0x00,0x00,0x00,0x00,0x00,0x00,0x00,0x00,0x00,0x00,0x00,
  0x00,0x00,0x00,0x00,0x00,0x00,0x00,0x00,0x00,0x00,0x00,0x00,0x00,0x00,0x00,0x00,0x00,0x00,0x00,0x00,0x00,0x00,0x00,0x00,
  0x00,0x03,0xff,0x87,0xff,0x1f,0xfc,0x3f,0xf0,0x00,0x00,0x00,0x00,0x00,0x03,0xff,0x87,0xff,0x1f,0xfc,0x3f,0xf0,0x00,0x00,
  0x00,0x00,0x00,0x03,0xff,0x87,0xff,0x1f,0xfc,0x3f,0xf0,0x00,0x00,0x00,0x00,0x00,0x03,0xff,0x87,0xff,0x1f,0xfc,0x3f,0xf0,
  0x00,0x00,0x00,0x00,0x00,0x03,0xff,0x87,0xff,0x1f,0xfc,0x3f,0xf0,0x00,0x00,0x00,0x00,0x00,0x03,0xff,0x87,0xff,0x1f,0xfc,
  0x3f,0xf0,0x00,0x00,0x00,0x00,0x00,0x03,0xff,0x87,0xff,0x1f,0xfc,0x3f,0xf0,0x00,0x00,0x00,0x00,0x00,0x03,0xff,0x87,0xff,
  0x1f,0xfc,0x3f,0xf0,0x00,0x00,0x00,0x00,0x00,0x03,0xff,0x87,0xff,0x1f,0xfc,0x3f,0xf0,0x00,0x00,0x00,0x00,0x00,0x03,0xff,
  0x87,0xff,0x1f,0xfc,0x3f,0xf0,0x00,0x00,0x00,0x00,0x00,0x03,0xff,0x87,0xff,0x1f,0xfc,0x3f,0xf0,0x00,0x00,0x00,0x00,0x00,
  0x00,0x00,0x00,0x00,0x00,0x00,0x00,0x00,0x00,0x00,0x00,0x00,0x00,0x00,0x00,0x00,0x00,0x00,0x00,0x00,0x00,0x00,0x00,0x00,
  0x00,0x00,0x00,0x00,0x00,0x00,0x00,0x00,0x00,0x00,0x00,0x00,0x00,0x00,0x00,0x00,0x00,0x00,0x00,0x00,0x00,0x00,0x00,0x00,
  0x00,0x00,0x00,0xff,0xe3,0xff,0x80,0x00,0x00,0x00,0x3f,0xf0,0xff,0xe0,0x00,0x00,0xff,0xe3,0xff,0x80,0x00,0x00,0x00,0x3f,
  0xf0,0xff,0xe0,0x00,0x00,0xff,0xe3,0xff,0x80,0x00,0x00,0x00,0x3f,0xf0,0xff,0xe0,0x00,0x00,0xff,0xe3,0xff,0x80,0x00,0x00,
  0x00,0x3f,0xf0,0xff,0xe0,0x00,0x00,0xff,0xe3,0xff,0x80,0x00,0x00,0x00,0x3f,0xf0,0xff,0xe0,0x00,0x00,0xff,0xe3,0xff,0x80,
  0x00,0x00,0x00,0x3f,0xf0,0xff,0xe0,0x00,0x00,0xff,0xe3,0xff,0x80,0x00,0x00,0x00,0x3f,0xf0,0xff,0xe0,0x00,0x00,0xff,0xe3,
  0xff,0x80,0x00,0x00,0x00,0x3f,0xf0,0xff,0xe0,0x00,0x00,0xff,0xe3,0xff,0x80,0x00,0x00,0x00,0x3f,0xf0,0xff,0xe0,0x00,0x00,
  0xff,0xe3,0xff,0x80,0x00,0x00,0x00,0x3f,0xf0,0xff,0xe0,0x00,0x00,0xff,0xe3,0xff,0x80,0x00,0x00,0x00,0x3f,0xf0,0xff,0xe0,
  0x00,0x00,0x00,0x00,0x00,0x00,0x00,0x00,0x00,0x00,0x00,0x00,0x00,0x00,0x00,0x00,0x00,0x00,0x00,0x00,0x00,0x00,0x00,0x00,
  0x00,0x00,0x00,0x00,0x00,0x00,0x00,0x00,0x00,0x00,0x00,0x00,0x00,0x00,0x00,0x00,0x00,0xff,0xe3,0xff,0x80,0x00,0x00,0x00,
  0x3f,0xf0,0xff,0xe0,0x00,0x00,0xff,0xe3,0xff,0x80,0x00,0x00,0x00,0x3f,0xf0,0xff,0xe0,0x00,0x00,0xff,0xe3,0xff,0x80,0x00,
  0x00,0x00,0x3f,0xf0,0xff,0xe0,0x00,0x00,0xff,0xe3,0xff,0x80,0x00,0x00,0x00,0x3f,0xf0,0xff,0xe0,0x00,0x00,0xff,0xe3,0xff,
  0x80,0x00,0x00,0x00,0x3f,0xf0,0xff,0xe0,0x00,0x00,0xff,0xe3,0xff,0x80,0x00,0x00,0x00,0x3f,0xf0,0xff,0xe0,0x00,0x00,0xff,
  0xe3,0xff,0x80,0x00,0x00,0x00,0x3f,0xf0,0xff,0xe0,0x00,0x00,0xff,0xe3,0xff,0x80,0x00,0x00,0x00,0x3f,0xf0,0xff,0xe0,0x00,
  0x00,0xff,0xe3,0xff,0x80,0x00,0x00,0x00,0x3f,0xf0,0xff,0xe0,0x00,0x00,0xff,0xe3,0xff,0x80,0x00,0x00,0x00,0x3f,0xf0,0xff,
  0xe0,0x00,0x00,0xff,0xe3,0xff,0x80,0x00,0x00,0x00,0x3f,0xf0,0xff,0xe0,0x00,0x00,0x00,0x00,0x00,0x00,0x00,0x00,0x00,0x00,
  0x00,0x00,0x00,0x00,0x00,0x00,0x00,0x00,0x00,0x00,0x00,0x00,0x00,0x00,0x00,0x00,0x00,0x00,0x00,0x00,0x00,0x00,0x00,0x00,
  0x00,0x00,0x00,0x00,0x00,0x00,0x00,0x00,0x00,0x00,0x00,0x00,0x00,0x00,0x00,0x00,0x00,0x00,0x00,0x00,0xff,0xe3,0xff,0x87,
  0xff,0x1f,0xfc,0x3f,0xf0,0xff,0xe0,0x00,0x00,0xff,0xe3,0xff,0x87,0xff,0x1f,0xfc,0x3f,0xf0,0xff,0xe0,0x00,0x00,0xff,0xe3,
  0xff,0x87,0xff,0x1f,0xfc,0x3f,0xf0,0xff,0xe0,0x00,0x00,0xff,0xe3,0xff,0x87,0xff,0x1f,0xfc,0x3f,0xf0,0xff,0xe0,0x00,0x00,
  0xff,0xe3,0xff,0x87,0xff,0x1f,0xfc,0x3f,0xf0,0xff,0xe0,0x00,0x00,0xff,0xe3,0xff,0x87,0xff,0x1f,0xfc,0x3f,0xf0,0xff,0xe0,
  0x00,0x00,0xff,0xe3,0xff,0x87,0xff,0x1f,0xfc,0x3f,0xf0,0xff,0xe0,0x00,0x00,0xff,0xe3,0xff,0x87,0xff,0x1f,0xfc,0x3f,0xf0,
  0xff,0xe0,0x00,0x00,0xff,0xe3,0xff,0x87,0xff,0x1f,0xfc,0x3f,0xf0,0xff,0xe0,0x00,0x00,0xff,0xe3,0xff,0x87,0xff,0x1f,0xfc,
  0x3f,0xf0,0xff,0xe0,0x00,0x00,0xff,0xe3,0xff,0x87,0xff,0x1f,0xfc,0x3f,0xf0,0xff,0xe0,0x00,0x00,0x00,0x00,0x00,0x00,0x00,
  0x00,0x00,0x00,0x00,0x00,0x00,0x00,0x00,0x00,0x00,0x00,0x00,0x00,0x00,0x00,0x00,0x00,0x00,0x00,0x00,0x00,0x00,0x00,0x00,
  0x00,0x00,0x00,0x00,0x00,0x00,0x00,0x00,0x00,0x00,0x00,0x03,0xff,0x87,0xff,0x1f,0xfc,0x3f,0xf0,0x00,0x00,0x00,0x00,0x00,
  0x03,0xff,0x87,0xff,0x1f,0xfc,0x3f,0xf0,0x00,0x00,0x00,0x00,0x00,0x03,0xff,0x87,0xff,0x1f,0xfc,0x3f,0xf0,0x00,0x00,0x00,
  0x00,0x00,0x03,0xff,0x87,0xff,0x1f,0xfc,0x3f,0xf0,0x00,0x00,0x00,0x00,0x00,0x03,0xff,0x87,0xff,0x1f,0xfc,0x3f,0xf0,0x00,
  0x00,0x00,0x00,0x00,0x03,0xff,0x87,0xff,0x1f,0xfc,0x3f,0xf0,0x00,0x00,0x00,0x00,0x00,0x03,0xff,0x87,0xff,0x1f,0xfc,0x3f,
  0xf0,0x00,0x00,0x00,0x00,0x00,0x03,0xff,0x87,0xff,0x1f,0xfc,0x3f,0xf0,0x00,0x00,0x00,0x00,0x00,0x03,0xff,0x87,0xff,0x1f,
  0xfc,0x3f,0xf0,0x00,0x00,0x00,0x00,0x00,0x03,0xff,0x87,0xff,0x1f,0xfc,0x3f,0xf0,0x00,0x00,0x00,0x00,0x00,0x03,0xff,0x87,
  0xff,0x1f,0xfc,0x3f,0xf0,0x00,0x00,0x00,0x00,0x00,0x03,0xff,0x87,0xff,0x1f,0xfc,0x3f,0xf0,0x00,0x00,0x00,0x00,0x00,0x03,
  0xff,0x87,0xff,0x1f,0xfc,0x3f,0xf0,0x00,0x00,0x00,0x00,0x00,0x03,0xff,0x87,0xff,0x1f,0xfc,0x3f,0xf0,0x00,0x00,0x00,0x00,
  0x00,0x03,0xff,0x87,0xff,0x1f,0xfc,0x3f,0xf0,0x00,0x00,0x00,0x00,0x00,0x03,0xff,0x87,0xff,0x1f,0xfc,0x3f,0xf0,0x00,0x00,
  0x00,0x00,0x00,0x03,0xff,0x87,0xff,0x1f,0xfc,0x3f,0xf0,0x00,0x00,0x00,0x00,0x00,0x03,0xff,0x87,0xff,0x1f,0xfc,0x3f,0xf0,
  0x00,0x00,0x00,0x00,0x00,0x03,0xff,0x87,0xff,0x1f,0xfc,0x3f,0xf0,0x00,0x00,0x00,0x00,0x00,0x03,0xff,0x87,0xff,0x1f,0xfc,
  0x3f,0xf0,0x00,0x00,0x00,0x00,0x00,0x03,0xff,0x87,0xff,0x1f,0xfc,0x3f,0xf0,0x00,0x00,0x00,0x00,0x00,0x03,0xff,0x87,0xff,
  0x1f,0xfc,0x3f,0xf0,0x00,0x00,0x00,0x00,0x00,0x00,0x00,0x00,0x00,0x00,0x00,0x00,0x00,0x00,0x00,0x00,0x00,0x00,0x00,0x00,
  0x00,0x00,0x00,0x00,0x00,0x00,0x00,0x00,0x00,0x00,0x00,0x00,0x00,0x00,0x00,0x00,0x00,0x00,0x00,0x00,0x00,0x00,0x00,0x00,
  0x00,0x00,0x00,0x00,0x00,0x00,0x00,0x00,0x00,0x00,0x00,0x00,0xff,0xe3,0xff,0x87,0xff,0x1f,0xfc,0x3f,0xf0,0xff,0xe0,0x00,
  0x00,0xff,0xe3,0xff,0x87,0xff,0x1f,0xfc,0x3f,0xf0,0xff,0xe0,0x00,0x00,0xff,0xe3,0xff,0x87,0xff,0x1f,0xfc,0x3f,0xf0,0xff,
  0xe0,0x00,0x00,0xff,0xe3,0xff,0x87,0xff,0x1f,0xfc,0x3f,0xf0,0xff,0xe0,0x00,0x00,0xff,0xe3,0xff,0x87,0xff,0x1f,0xfc,0x3f,
  0xf0,0xff,0xe0,0x00,0x00,0xff,0xe3,0xff,0x87,0xff,0x1f,0xfc,0x3f,0xf0,0xff,0xe0,0x00,0x00,0xff,0xe3,0xff,0x87,0xff,0x1f,
  0xfc,0x3f,0xf0,0xff,0xe0,0x00,0x00,0xff,0xe3,0xff,0x87,0xff,0x1f,0xfc,0x3f,0xf0,0xff,0xe0,0x00,0x00,0xff,0xe3,0xff,0x87,
  0xff,0x1f,0xfc,0x3f,0xf0,0xff,0xe0,0x00,0x00,0xff,0xe3,0xff,0x87,0xff,0x1f,0xfc,0x3f,0xf0,0xff,0xe0,0x00,0x00,0xff,0xe3,
  0xff,0x87,0xff,0x1f,0xfc,0x3f,0xf0,0xff,0xe0,0x00,0x00,0x00,0x00,0x00,0x00,0x00,0x00,0x00,0x00,0x00,0x00,0x00,0x00,0x00,
  0x00,0x00,0x00,0x00,0x00,0x00,0x00,0x00,0x00,0x00,0x00,0x00,0x00,0x00,0x00,0x00,0x00,0x00,0x00,0x00,0x00,0x00,0x00,0x00,
  0x00,0x00,0xff,0xe3,0xff,0x80,0x00,0x00,0x00,0x3f,0xf0,0xff,0xe0,0x00,0x00,0xff,0xe3,0xff,0x80,0x00,0x00,0x00,0x3f,0xf0,
  0xff,0xe0,0x00,0x00,0xff,0xe3,0xff,0x80,0x00,0x00,0x00,0x3f,0xf0,0xff,0xe0,0x00,0x00,0xff,0xe3,0xff,0x80,0x00,0x00,0x00,
  0x3f,0xf0,0xff,0xe0,0x00,0x00,0xff,0xe3,0xff,0x80,0x00,0x00,0x00,0x3f,0xf0,0xff,0xe0,0x00,0x00,0xff,0xe3,0xff,0x80,0x00,
  0x00,0x00,0x3f,0xf0,0xff,0xe0,0x00,0x00,0xff,0xe3,0xff,0x80,0x00,0x00,0x00,0x3f,0xf0,0xff,0xe0,0x00,0x00,0xff,0xe3,0xff,
  0x80,0x00,0x00,0x00,0x3f,0xf0,0xff,0xe0,0x00,0x00,0xff,0xe3,0xff,0x80,0x00,0x00,0x00,0x3f,0xf0,0xff,0xe0,0x00,0x00,0xff,
  0xe3,0xff,0x80,0x00,0x00,0x00,0x3f,0xf0,0xff,0xe0,0x00,0x00,0xff,0xe3,0xff,0x80,0x00,0x00,0x00,0x3f,0xf0,0xff,0xe0,0x00,
  0x00,0x00,0x00,0x00,0x00,0x00,0x00,0x00,0x00,0x00,0x00,0x00,0x00,0x00,0x00,0x00,0x00,0x00,0x00,0x00,0x00,0x00,0x00,0x00,
  0x00,0x00,0x00,0x00,0x00,0x00,0x00,0x00,0x00,0x00,0x00,0x00,0x00,0x00,0x00,0x00,0x00,0x00,0x00,0x00,0x00,0x00,0x00,0x00,
  0x00,0x00,0x00,0x00,0x00,0xff,0xe3,0xff,0x80,0x00,0x00,0x00,0x3f,0xf0,0xff,0xe0,0x00,0x00,0xff,0xe3,0xff,0x80,0x00,0x00,
  0x00,0x3f,0xf0,0xff,0xe0,0x00,0x00,0xff,0xe3,0xff,0x80,0x00,0x00,0x00,0x3f,0xf0,0xff,0xe0,0x00,0x00,0xff,0xe3,0xff,0x80,
  0x00,0x00,0x00,0x3f,0xf0,0xff,0xe0,0x00,0x00,0xff,0xe3,0xff,0x80,0x00,0x00,0x00,0x3f,0xf0,0xff,0xe0,0x00,0x00,0xff,0xe3,
  0xff,0x80,0x00,0x00,0x00,0x3f,0xf0,0xff,0xe0,0x00,0x00,0xff,0xe3,0xff,0x80,0x00,0x00,0x00,0x3f,0xf0,0xff,0xe0,0x00,0x00,
  0xff,0xe3,0xff,0x80,0x00,0x00,0x00,0x3f,0xf0,0xff,0xe0,0x00,0x00,0xff,0xe3,0xff,0x80,0x00,0x00,0x00,0x3f,0xf0,0xff,0xe0,
  0x00,0x00,0xff,0xe3,0xff,0x80,0x00,0x00,0x00,0x3f,0xf0,0xff,0xe0,0x00,0x00,0xff,0xe3,0xff,0x80,0x00,0x00,0x00,0x3f,0xf0,
  0xff,0xe0,0x00,0x00,0x00,0x00,0x00,0x00,0x00,0x00,0x00,0x00,0x00,0x00,0x00,0x00,0x00,0x00,0x00,0x00,0x00,0x00,0x00,0x00,
  0x00,0x00,0x00,0x00,0x00,0x00,0x00,0x00,0x00,0x00,0x00,0x00,0x00,0x00,0x00,0x00,0x00,0x00,0x00,0xff,0xe3,0xff,0x87,0xff,
  0x1f,0xfc,0x3f,0xf0,0xff,0xe0,0x00,0x00,0xff,0xe3,0xff,0x87,0xff,0x1f,0xfc,0x3f,0xf0,0xff,0xe0,0x00,0x00,0xff,0xe3,0xff,
  0x87,0xff,0x1f,0xfc,0x3f,0xf0,0xff,0xe0,0x00,0x00,0xff,0xe3,0xff,0x87,0xff,0x1f,0xfc,0x3f,0xf0,0xff,0xe0,0x00,0x00,0xff,
  0xe3,0xff,0x87,0xff,0x1f,0xfc,0x3f,0xf0,0xff,0xe0,0x00,0x00,0xff,0xe3,0xff,0x87,0xff,0x1f,0xfc,0x3f,0xf0,0xff,0xe0,0x00,
  0x00,0xff,0xe3,0xff,0x87,0xff,0x1f,0xfc,0x3f,0xf0,0xff,0xe0,0x00,0x00,0xff,0xe3,0xff,0x87,0xff,0x1f,0xfc,0x3f,0xf0,0xff,
  0xe0,0x00,0x00,0xff,0xe3,0xff,0x87,0xff,0x1f,0xfc,0x3f,0xf0,0xff,0xe0,0x00,0x00,0xff,0xe3,0xff,0x87,0xff,0x1f,0xfc,0x3f,
  0xf0,0xff,0xe0,0x00,0x00,0xff,0xe3,0xff,0x87,0xff,0x1f,0xfc,0x3f,0xf0,0xff,0xe0,0x00,0x00,0x00,0x00,0x00,0x00,0x00,0x00,
  0x00,0x00,0x00,0x00,0x00,0x00,0x00,0x00,0x00,0x00,0x00,0x00,0x00,0x00,0x00,0x00,0x00,0x00,0x00,0x00,0x00,0x00,0x00,0x00,
  0x00,0x00,0x00,0x00,0x00,0x00,0x00,0x00,0x00,0x00,0x03,0xff,0x87,0xff,0x1f,0xfc,0x3f,0xf0,0xff,0xe0,0x00,0x00,0x00,0x03,
  0xff,0x87,0xff,0x1f,0xfc,0x3f,0xf0,0xff,0xe0,0x00,0x00,0x00,0x03,0xff,0x87,0xff,0x1f,0xfc,0x3f,0xf0,0xff,0xe0,0x00,0x00,
  0x00,0x03,0xff,0x87,0xff,0x1f,0xfc,0x3f,0xf0,0xff,0xe0,0x00,0x00,0x00,0x03,0xff,0x87,0xff,0x1f,0xfc,0x3f,0xf0,0xff,0xe0,
  0x00,0x00,0x00,0x03,0xff,0x87,0xff,0x1f,0xfc,0x3f,0xf0,0xff,0xe0,0x00,0x00,0x00,0x03,0xff,0x87,0xff,0x1f,0xfc,0x3f,0xf0,
  0xff,0xe0,0x00,0x00,0x00,0x03,0xff,0x87,0xff,0x1f,0xfc,0x3f,0xf0,0xff,0xe0,0x00,0x00,0x00,0x03,0xff,0x87,0xff,0x1f,0xfc,
  0x3f,0xf0,0xff,0xe0,0x00,0x00,0x00,0x03,0xff,0x87,0xff,0x1f,0xfc,0x3f,0xf0,0xff,0xe0,0x00,0x00,0x00,0x03,0xff,0x87,0xff,
  0x1f,0xfc,0x3f,0xf0,0xff,0xe0,0x00,0x00,0x00,0x00,0x00,0x00,0x00,0x00,0x00,0x00,0x00,0x00,0x00,0x00,0x00,0x00,0x00,0x00,
  0x00,0x00,0x00,0x00,0x00,0x00,0x00,0x00,0x00,0x00,0x00,0x00,0x00,0x00,0x00,0x00,0x00,0x00,0x00,0x00,0x00,0x00,0x00,0x00,
  0x00,0x00,0x00,0x00,0x00,0x00,0x00,0x00,0x00,0x00,0x00,0x00,0x00,0x00,0x00,0x00,0x00,0x00,0x00,0x3f,0xf0,0xff,0xe0,0x00,
  0x00,0x00,0x00,0x00,0x00,0x00,0x00,0x00,0x3f,0xf0,0xff,0xe0,0x00,0x00,0x00,0x00,0x00,0x00,0x00,0x00,0x00,0x3f,0xf0,0xff,
  0xe0,0x00,0x00,0x00,0x00,0x00,0x00,0x00,0x00,0x00,0x3f,0xf0,0xff,0xe0,0x00,0x00,0x00,0x00,0x00,0x00,0x00,0x00,0x00,0x3f,
  0xf0,0xff,0xe0,0x00,0x00,0x00,0x00,0x00,0x00,0x00,0x00,0x00,0x3f,0xf0,0xff,0xe0,0x00,0x00,0x00,0x00,0x00,0x00,0x00,0x00,
  0x00,0x3f,0xf0,0xff,0xe0,0x00,0x00,0x00,0x00,0x00,0x00,0x00,0x00,0x00,0x3f,0xf0,0xff,0xe0,0x00,0x00,0x00,0x00,0x00,0x00,
  0x00,0x00,0x00,0x3f,0xf0,0xff,0xe0,0x00,0x00,0x00,0x00,0x00,0x00,0x00,0x00,0x00,0x3f,0xf0,0xff,0xe0,0x00,0x00,0x00,0x00,
  0x00,0x00,0x00,0x00,0x00,0x3f,0xf0,0xff,0xe0,0x00,0x00,0x00,0x00,0x00,0x00,0x00,0x00,0x00,0x00,0x00,0x00,0x00,0x00,0x00,
  0x00,0x00,0x00,0x00,0x00,0x00,0x00,0x00,0x00,0x00,0x00,0x00,0x00,0x00,0x00,0x00,0x00,0x00,0x00,0x00,0x00,0x00,0x00,0x00,
  0x00,0x00,0x00,0x00,0x00,0x00,0x00,0x00,0x00,0x3f,0xf0,0xff,0xe0,0x00,0x00,0x00,0x00,0x00,0x00,0x00,0x00,0x00,0x3f,0xf0,
  0xff,0xe0,0x00,0x00,0x00,0x00,0x00,0x00,0x00,0x00,0x00,0x3f,0xf0,0xff,0xe0,0x00,0x00,0x00,0x00,0x00,0x00,0x00,0x00,0x00,
  0x3f,0xf0,0xff,0xe0,0x00,0x00,0x00,0x00,0x00,0x00,0x00,0x00,0x00,0x3f,0xf0,0xff,0xe0,0x00,0x00,0x00,0x00,0x00,0x00,0x00,
  0x00,0x00,0x3f,0xf0,0xff,0xe0,0x00,0x00,0x00,0x00,0x00,0x00,0x00,0x00,0x00,0x3f,0xf0,0xff,0xe0,0x00,0x00,0x00,0x00,0x00,
  0x00,0x00,0x00,0x00,0x3f,0xf0,0xff,0xe0,0x00,0x00,0x00,0x00,0x00,0x00,0x00,0x00,0x00,0x3f,0xf0,0xff,0xe0,0x00,0x00,0x00,
  0x00,0x00,0x00,0x00,0x00,0x00,0x3f,0xf0,0xff,0xe0,0x00,0x00,0x00,0x00,0x00,0x00,0x00,0x00,0x00,0x3f,0xf0,0xff,0xe0,0x00,
  0x00,0x00,0x00,0x00,0x00,0x00,0x00,0x00,0x00,0x00,0x00,0x00,0x00,0x00,0x00,0x00,0x00,0x00,0x00,0x00,0x00,0x00,0x00,0x00,
  0x00,0x00,0x00,0x00,0x00,0x00,0x00,0x00,0x00,0x00,0x00,0x00,0x00,0x00,0x00,0x00,0x00,0x00,0x00,0x00,0x00,0x00,0x00,0x00,
  0x00,0x00,0x00,0x00,0x00,0xff,0xe3,0xff,0x87,0xff,0x1f,0xfc,0x3f,0xf0,0xff,0xe0,0x00,0x00,0xff,0xe3,0xff,0x87,0xff,0x1f,
  0xfc,0x3f,0xf0,0xff,0xe0,0x00,0x00,0xff,0xe3,0xff,0x87,0xff,0x1f,0xfc,0x3f,0xf0,0xff,0xe0,0x00,0x00,0xff,0xe3,0xff,0x87,
  0xff,0x1f,0xfc,0x3f,0xf0,0xff,0xe0,0x00,0x00,0xff,0xe3,0xff,0x87,0xff,0x1f,0xfc,0x3f,0xf0,0xff,0xe0,0x00,0x00,0xff,0xe3,
  0xff,0x87,0xff,0x1f,0xfc,0x3f,0xf0,0xff,0xe0,0x00,0x00,0xff,0xe3,0xff,0x87,0xff,0x1f,0xfc,0x3f,0xf0,0xff,0xe0,0x00,0x00,
  0xff,0xe3,0xff,0x87,0xff,0x1f,0xfc,0x3f,0xf0,0xff,0xe0,0x00,0x00,0xff,0xe3,0xff,0x87,0xff,0x1f,0xfc,0x3f,0xf0,0xff,0xe0,
  0x00,0x00,0xff,0xe3,0xff,0x87,0xff,0x1f,0xfc,0x3f,0xf0,0xff,0xe0,0x00,0x00,0xff,0xe3,0xff,0x87,0xff,0x1f,0xfc,0x3f,0xf0,
  0xff,0xe0,0x00,0x00,0x00,0x00,0x00,0x00,0x00,0x00,0x00,0x00,0x00,0x00,0x00,0x00,0x00,0x00,0x00,0x00,0x00,0x00,0x00,0x00,
  0x00,0x00,0x00,0x00,0x00,0x00,0x00,0x00,0x00,0x00,0x00,0x00,0x00,0x00,0x00,0x00,0x00,0x00,0x00,0xff,0xe3,0xff,0x87,0xff,
  0x1f,0xfc,0x3f,0xf0,0x00,0x00,0x00,0x00,0xff,0xe3,0xff,0x87,0xff,0x1f,0xfc,0x3f,0xf0,0x00,0x00,0x00,0x00,0xff,0xe3,0xff,
  0x87,0xff,0x1f,0xfc,0x3f,0xf0,0x00,0x00,0x00,0x00,0xff,0xe3,0xff,0x87,0xff,0x1f,0xfc,0x3f,0xf0,0x00,0x00,0x00,0x00,0xff,
  0xe3,0xff,0x87,0xff,0x1f,0xfc,0x3f,0xf0,0x00,0x00,0x00,0x00,0xff,0xe3,0xff,0x87,0xff,0x1f,0xfc,0x3f,0xf0,0x00,0x00,0x00,
  0x00,0xff,0xe3,0xff,0x87,0xff,0x1f,0xfc,0x3f,0xf0,0x00,0x00,0x00,0x00,0xff,0xe3,0xff,0x87,0xff,0x1f,0xfc,0x3f,0xf0,0x00,
  0x00,0x00,0x00,0xff,0xe3,0xff,0x87,0xff,0x1f,0xfc,0x3f,0xf0,0x00,0x00,0x00,0x00,0xff,0xe3,0xff,0x87,0xff,0x1f,0xfc,0x3f,
  0xf0,0x00,0x00,0x00,0x00,0xff,0xe3,0xff,0x87,0xff,0x1f,0xfc,0x3f,0xf0,0x00,0x00,0x00,0x00,0xff,0xe3,0xff,0x80,0x00,0xff,
  0xe3,0xff,0x80,0x00,0xff,0xe3,0xff,0x80,0x00,0xff,0xe3,0xff,0x80,0x00,0xff,0xe3,0xff,0x80,0x00,0xff,0xe3,0xff,0x80,0x00,
  0xff,0xe3,0xff,0x80,0x00,0xff,0xe3,0xff,0x80,0x00,0xff,0xe3,0xff,0x80,0x00,0xff,0xe3,0xff,0x80,0x00,0xff,0xe3,0xff,0x80,
  0x00,0x00,0x00,0x00,0x00,0x00,0x00,0x00,0x00,0x00,0x00,0x00,0x00,0x00,0x00,0x00,0x00,0x00,0x00,0x00,0x00,0xff,0xe3,0xff,
  0x80,0x00,0xff,0xe3,0xff,0x80,0x00,0xff,0xe3,0xff,0x80,0x00,0xff,0xe3,0xff,0x80,0x00,0xff,0xe3,0xff,0x80,0x00,0xff,0xe3,
  0xff,0x80,0x00,0xff,0xe3,0xff,0x80,0x00,0xff,0xe3,0xff,0x80,0x00,0xff,0xe3,0xff,0x80,0x00,0xff,0xe3,0xff,0x80,0x00,0xff,
  0xe3,0xff,0x80,0x00,0x00,0x00,0x00,0x00,0x00,0x00,0x00,0x00,0x00,0x00,0x00,0x00,0x00,0x00,0x00,0x00,0x00,0x00,0x00,0x00,
  0x00,0x00,0x00,0x00,0x00,0x00,0x00,0x00,0x00,0x00,0x00,0x00,0x00,0x00,0x00,0x00,0x00,0x00,0x00,0x00,0x00,0x00,0x00,0x00,
  0x00,0x00,0x00,0x00,0x00,0x00,0x00,0x00,0x00,0x00,0x00,0x00,0x00,0x00,0x00,0x00,0x00,0x00,0x00,0x00,0x00,0x00,0x00,0x00,
  0x00,0x00,0x00,0x00,0x00,0x00,0x00,0x00,0x00,0x00,0x00,0x00,0x00,0x00,0x00,0x00,0x00,0x00,0x00,0x00,0x00,0x00,0x00,0x00,
  0x00,0x00,0x00,0x00,0x00,0x00,0x00,0x00,0x00,0x00,0x00,0x00,0x00,0x00,0x00,0x00,0x00,0x00,0x00,0x00,0x00,0x00,0x00,0x00,
  0x00,0x00,0x00,0x00,0x00,0x00,0x00,0x00,0x00,0x00,0x00,0x00,0x00,0x00,0x00,0x00,0x00,0x00,0x00,0x00,0x00,0x00,0x00,0x00,
  0x00,0x00,0x00,0x00,0x00,0x00,0x00,0x00,0x00,0x00,0x00,0x00,0x00,0x00,0x00,0x00,0x00,0x00,0x00,0x00,0xff,0xe3,0xff,0x80,
  0x00,0xff,0xe3,0xff,0x80,0x00,0xff,0xe3,0xff,0x80,0x00,0xff,0xe3,0xff,0x80,0x00,0xff,0xe3,0xff,0x80,0x00,0xff,0xe3,0xff,
  0x80,0x00,0xff,0xe3,0xff,0x80,0x00,0xff,0xe3,0xff,0x80,0x00,0xff,0xe3,0xff,0x80,0x00,0xff,0xe3,0xff,0x80,0x00,0xff,0xe3,
  0xff,0x80,0x00,0x00,0x00,0x00,0x00,0x00,0x00,0x00,0x00,0x00,0x00,0x00,0x00,0x00,0x00,0x00,0xff,0xe3,0xff,0x80,0x00,0xff,
  0xe3,0xff,0x80,0x00,0xff,0xe3,0xff,0x80,0x00,0xff,0xe3,0xff,0x80,0x00,0xff,0xe3,0xff,0x80,0x00,0xff,0xe3,0xff,0x80,0x00,
  0xff,0xe3,0xff,0x80,0x00,0xff,0xe3,0xff,0x80,0x00,0xff,0xe3,0xff,0x80,0x00,0xff,0xe3,0xff,0x80,0x00,0xff,0xe3,0xff,0x80,
  0x00,0x00,0x00,0x00,0x00,0x00,0x00,0x00,0x00,0x00,0x00,0x00,0x00,0x00,0x00,0x00,0x00,0x00,0x00,0x00,0x00,0x00,0x00,0x00,
  0x00,0x00,0x00,0x00,0x00,0x00,0x00,0x00,0x00,0x00,0x00,0x00,0x00,0x00,0x00,0x00,0x00,0x00,0x00,0x00,0x00,0x00,0x00,0x00,
  0x00,0x00,0x00,0x00,0x00,0x00,0x00,0x00,0x00,0x00,0x00,0x00,0x00,0x00,0x00,0x00,0x00,0x00,0x00,0x00,0x00,0x00,0x00,0x00,
  0x00,0x00,0x00,0x00,0x00,0x00,0x00,0x00,0x00,0x00,0x00,0x00,0x00,0x00,0x00,0x00,0x00,0x00,0x00,0x00,0x00,0x00,0x00,0x00,
  0x00,0x00,0x00,0x00,0x00,0x00,0x00,0x00,0x00,0x00,0x00,0x00,0x00,0x00,0x00,0x00,0x00,0x00,0x00,0x00,0x00,0x00,0x00,0x00,
  0x00,0x00,0x00,0x00,0x00,0x00,0x00,0x00,0x00,0x00,0x00,0x00,0x00,0x00,0x00,0x00,0x00,0x00,0x00,0x00,0x00,0x00,0x00,0x00,
  0x00,0x00,
};
const Glyph font180Glyphs[] = {{48,0,-6,97,141,97,0},{49,0,-6,97,141,97,1833},{50,0,-6,97,141,97,3666},{51,0,-6,97,141,97,5499},{52,0,-6,97,141,97,7332},{53,0,-6,97,141,97,9165},{54,0,-6,97,141,97,10998},{55,0,-6,97,141,97,12831},{56,0,-6,97,141,97,14664},{57,0,-6,97,141,97,16497},{58,0,23,40,112,40,18330}};
const BitmapFont font180={font180Bits,font180Glyphs,11};
const uint8_t icon_cpu_50[] = {
  0x00,0x01,0x86,0x18,0x60,0x00,0x00,0x00,0x03,0x8e,0x3c,0x70,0x00,0x00,0x00,0x03,0x8f,0x18,0xf0,0x00,0x00,0x00,0x03,0x8e,
  0x3c,0x70,0x00,0x00,0x00,0x03,0x8e,0x1c,0x70,0x00,0x00,0x00,0x03,0x8f,0x38,0xe0,0x00,0x00,0x00,0x17,0xff,0xff,0x7c,0x00,
  0x00,0x00,0x3f,0xff,0xff,0xff,0x00,0x00,0x00,0xff,0xff,0xff,0xff,0xc0,0x00,0x00,0xff,0xff,0xff,0xff,0xc0,0x00,0x01,0xff,
  0xff,0xff,0xff,0xe0,0x00,0x01,0xff,0xff,0xff,0xff,0xe0,0x00,0x03,0xff,0xff,0xff,0xff,0xf0,0x00,0x03,0xff,0xff,0xff,0xff,
  0xf0,0x00,0x7f,0xff,0xff,0xff,0xff,0xff,0x80,0xff,0xff,0xea,0x4b,0xff,0xff,0xc0,0xff,0xff,0x80,0x00,0x7f,0xff,0x80,0x03,
  0xff,0x80,0x00,0x7f,0xf0,0x00,0x03,0xff,0x09,0x24,0x3f,0xf0,0x00,0x03,0xfe,0x1f,0xfe,0x3f,0xf0,0x00,0x7f,0xff,0x1f,0xfe,
  0x1f,0xff,0x80,0xff,0xfe,0x3f,0xfe,0x3f,0xff,0xc0,0xff,0xff,0x1f,0xfe,0x3f,0xfd,0x80,0x23,0xfe,0x1f,0xfe,0x3f,0xf5,0x40,
  0x03,0xff,0x3f,0xfe,0x3f,0xf0,0x00,0x03,0xfe,0x1f,0xfe,0x3f,0xe0,0x00,0x5b,0xff,0x1f,0xfe,0x1f,0xfa,0x80,0xff,0xfe,0x3f,
  0xfe,0x7f,0xff,0xc0,0xff,0xff,0x1f,0xfe,0x1f,0xff,0xc0,0x57,0xfe,0x1f,0xfe,0x3f,0xfb,0x00,0x03,0xff,0x1f,0xfe,0x3f,0xf0,
  0x00,0x03,0xff,0x00,0x00,0x3f,0xe0,0x00,0x23,0xff,0x80,0x00,0x7f,0xf5,0x00,0xff,0xff,0xa2,0x49,0xff,0xff,0xc0,0xff,0xff,
  0xfa,0xb6,0xff,0xff,0xc0,0x7f,0xff,0xff,0xff,0xff,0xfd,0x00,0x03,0xff,0xff,0xff,0xff,0xf0,0x80,0x01,0xff,0xff,0xff,0xff,
  0xe0,0x00,0x03,0xff,0xff,0xff,0xff,0xe0,0x00,0x00,0xff,0xff,0xff,0xff,0xe0,0x00,0x01,0xff,0xff,0xff,0xff,0xc0,0x00,0x00,
  0x7f,0xff,0xff,0xff,0x80,0x00,0x00,0x3f,0xff,0xff,0xfe,0x80,0x00,0x00,0x0b,0xef,0xbf,0xfa,0x00,0x00,0x00,0x03,0x8e,0x38,
  0x70,0x00,0x00,0x00,0x03,0x8e,0x1c,0x70,0x00,0x00,0x00,0x03,0x8f,0x3c,0x70,0x00,0x00,0x00,0x03,0x8e,0x1c,0xf0,0x00,0x00,
  0x00,0x03,0x86,0x38,0x60,0x00,0x00,0x00,0x01,0x8e,0x18,0x60,0x00,0x00,
};
const uint8_t icon_btc_50[] = {
  0x00,0x00,0x1f,0xfe,0x00,0x00,0x00,0x00,0x01,0xff,0xff,0xe0,0x00,0x00,0x00,0x05,0xff,0xff,0xe8,0x00,0x00,0x00,0x0f,0xff,
  0xff,0xfc,0x00,0x00,0x00,0x1f,0xff,0xff,0xfe,0x00,0x00,0x00,0x7f,0xff,0xff,0xff,0x80,0x00,0x00,0xff,0xff,0xff,0xff,0xc0,
  0x00,0x01,0xff,0xff,0xff,0xff,0xe0,0x00,0x03,0xff,0xff,0xff,0xff,0xf0,0x00,0x07,0xff,0xfe,0x3f,0xff,0xf8,0x00,0x07,0xff,
  0xfe,0x39,0xff,0xf8,0x00,0x0f,0xff,0xfc,0x61,0xff,0xfc,0x00,0x1f,0xff,0xa8,0x71,0xff,0xfe,0x00,0x3f,0xff,0x00,0x43,0xff,
  0xfe,0x00,0x1f,0xff,0x00,0x03,0xff,0xff,0x00,0x7f,0xff,0xe0,0x01,0xff,0xff,0x80,0x7f,0xff,0xf0,0x00,0x7f,0xff,0x80,0x7f,
  0xff,0xe0,0xb0,0x1f,0xff,0x00,0x7f,0xff,0xe0,0xf8,0x1f,0xff,0x80,0xff,0xff,0xe0,0xfc,0x1f,0xff,0xc0,0xff,0xff,0xe0,0xfc,
  0x1f,0xff,0xc0,0xff,0xff,0xe1,0xfc,0x1f,0xff,0xc0,0xff,0xff,0xc0,0x54,0x1f,0xff,0xc0,0xff,0xff,0x80,0x00,0x1f,0xff,0xc0,
  0xff,0xff,0xc0,0x00,0x3f,0xff,0xc0,0xff,0xff,0x83,0x80,0xff,0xff,0xc0,0xff,0xff,0xc3,0xe0,0x3f,0xff,0xc0,0xff,0xff,0x87,
  0xf0,0x3f,0xff,0xc0,0xff,0xff,0x07,0xf8,0x1f,0xff,0xc0,0xff,0xf1,0x07,0xf8,0x1f,0xff,0xc0,0xff,0xf8,0x07,0xf8,0x1f,0xff,
  0xc0,0x7f,0xf0,0x00,0x00,0x3f,0xff,0x80,0x7f,0xfa,0x00,0x00,0x3f,0xff,0x80,0x7f,0xff,0x80,0x00,0x7f,0xff,0x80,0x7f,0xff,
  0x88,0x00,0xff,0xff,0x00,0x1f,0xff,0x0e,0x73,0xff,0xff,0x00,0x3f,0xff,0x18,0x7f,0xff,0xfe,0x00,0x1f,0xff,0x98,0xff,0xff,
  0xfe,0x00,0x0f,0xff,0xdc,0xff,0xff,0xfc,0x00,0x07,0xff,0xfd,0xff,0xff,0xf8,0x00,0x07,0xff,0xff,0xff,0xff,0xf8,0x00,0x03,
  0xff,0xff,0xff,0xff,0xf0,0x00,0x01,0xff,0xff,0xff,0xff,0xe0,0x00,0x00,0xff,0xff,0xff,0xff,0xc0,0x00,0x00,0x7f,0xff,0xff,
  0xff,0x80,0x00,0x00,0x1f,0xff,0xff,0xfe,0x00,0x00,0x00,0x0f,0xff,0xff,0xf8,0x00,0x00,0x00,0x03,0xff,0xff,0xe8,0x00,0x00,
  0x00,0x01,0x7f,0xff,0x60,0x00,0x00,0x00,0x00,0x1f,0xfe,0x00,0x00,0x00,
};
const uint8_t icon_eth_50[] = {
  0x00,0x00,0x17,0xfa,0x00,0x00,0x00,0x00,0x00,0xff,0xff,0xa0,0x00,0x00,0x00,0x03,0xff,0xff,0xe8,0x00,0x00,0x00,0x0f,0xff,
  0xff,0xf8,0x00,0x00,0x00,0x1f,0xff,0xff,0xfe,0x00,0x00,0x00,0x7f,0xff,0xff,0xff,0x80,0x00,0x00,0xff,0xff,0xff,0xff,0xc0,
  0x00,0x01,0xff,0xff,0xff,0xff,0xe0,0x00,0x03,0xff,0xff,0xff,0xff,0xf0,0x00,0x07,0xff,0xff,0xff,0xff,0xf0,0x00,0x07,0xff,
  0xff,0x7f,0xff,0xf8,0x00,0x0f,0xff,0xff,0x3f,0xff,0xfc,0x00,0x1f,0xff,0xfe,0x1f,0xff,0xfe,0x00,0x1f,0xff,0xfe,0x1f,0xff,
  0xfe,0x00,0x3f,0xff,0xfc,0x0f,0xff,0xff,0x00,0x3f,0xff,0xf8,0x0f,0xff,0xff,0x00,0x7f,0xff,0xf8,0x07,0xff,0xff,0x80,0x7f,
  0xff,0xf0,0x03,0xff,0xff,0x80,0x7f,0xff,0xf0,0x03,0xff,0xff,0x80,0x7f,0xff,0xe0,0x01,0xff,0xff,0x80,0xff,0xff,0xe0,0x01,
  0xff,0xff,0xc0,0xff,0xff,0xc0,0x00,0xff,0xff,0xc0,0xff,0xff,0x80,0x00,0x7f,0xff,0xc0,0xff,0xff,0x80,0x00,0x7f,0xff,0xc0,
  0xff,0xff,0x00,0x00,0x3f,0xff,0xc0,0xff,0xff,0x00,0x00,0x7f,0xff,0xc0,0xff,0xff,0xe0,0x01,0xff,0xff,0xc0,0xff,0xff,0xd0,
  0x05,0xbf,0xff,0xc0,0xff,0xff,0x38,0x0b,0x7f,0xff,0xc0,0x7f,0xff,0xce,0x3c,0x7f,0xff,0xc0,0xff,0xff,0xc7,0xf1,0xff,0xff,
  0x80,0x7f,0xff,0xe1,0xc1,0xff,0xff,0x80,0x7f,0xff,0xf0,0x43,0xff,0xff,0x80,0x3f,0xff,0xf0,0x03,0xff,0xff,0x00,0x3f,0xff,
  0xf8,0x07,0xff,0xff,0x00,0x3f,0xff,0xfc,0x0f,0xff,0xff,0x00,0x1f,0xff,0xfe,0x1f,0xff,0xfe,0x00,0x1f,0xff,0xfe,0x1f,0xff,
  0xfc,0x00,0x0f,0xff,0xff,0x3f,0xff,0xfc,0x00,0x07,0xff,0xff,0xbf,0xff,0xf8,0x00,0x07,0xff,0xff,0xff,0xff,0xf8,0x00,0x01,
  0xff,0xff,0xff,0xff,0xe0,0x00,0x01,0xff,0xff,0xff,0xff,0xe0,0x00,0x00,0xff,0xff,0xff,0xff,0x80,0x00,0x00,0x3f,0xff,0xff,
  0xff,0x80,0x00,0x00,0x1f,0xff,0xff,0xfe,0x00,0x00,0x00,0x0f,0xff,0xff,0xf8,0x00,0x00,0x00,0x02,0xff,0xff,0xe8,0x00,0x00,
  0x00,0x00,0xff,0xff,0x80,0x00,0x00,0x00,0x00,0x0f,0xfa,0x00,0x00,0x00,
};
const uint8_t icon_wifi_50[] = {
  0xff,0xff,0xff,0xff,0xff,0xff,0xc0,0xff,0xff,0xff,0xff,0xff,0xff,0xc0,0xff,0xff,0xff,0xff,0xff,0xff,0xc0,0xff,0xff,0xff,
  0xff,0xff,0xff,0xc0,0xff,0xff,0xff,0xff,0xff,0xff,0xc0,0xff,0xff,0xff,0xff,0xff,0xff,0xc0,0xff,0xff,0xfe,0xdf,0xff,0xff,
  0xc0,0xff,0xff,0xe8,0x03,0xff,0xff,0xc0,0xff,0xff,0x80,0x00,0x7f,0xff,0xc0,0xff,0xfe,0x00,0x00,0x3f,0xff,0xc0,0xff,0xfc,
  0x07,0xf4,0x0f,0xff,0xc0,0xff,0xf8,0x3f,0xfd,0x07,0xff,0xc0,0xff,0xf0,0xbf,0xff,0x03,0xff,0xc0,0xff,0xe0,0xff,0xff,0xc1,
  0xff,0xc0,0xff,0xc1,0xff,0xff,0xe0,0xff,0xc0,0xff,0xc3,0xff,0xff,0xf0,0xff,0xc0,0xff,0x87,0xff,0xff,0xf8,0x7f,0xc0,0xff,
  0x8f,0xff,0xff,0xfc,0x7f,0xc0,0xff,0x0f,0xff,0xff,0xfc,0x3f,0xc0,0xff,0x17,0xff,0xff,0xfc,0x3f,0xc0,0xff,0x1f,0xff,0xff,
  0xfe,0x3f,0xc0,0xfe,0x1f,0xff,0xff,0xfe,0x1f,0xc0,0xff,0x1f,0xff,0x57,0xfe,0x3f,0xc0,0xfe,0x1f,0xff,0x08,0x5e,0x1f,0xc0,
  0xfe,0x3f,0xfe,0x00,0x06,0x3f,0xc0,0xff,0x1f,0xfe,0x02,0xbe,0x1f,0xc0,0xfe,0x1f,0xff,0xff,0xfe,0x3f,0xc0,0xff,0x1f,0xff,
  0xff,0xfe,0x1f,0xc0,0xff,0x1f,0xff,0xff,0xfc,0x3f,0xc0,0xff,0x0f,0xff,0xff,0xfe,0x3f,0xc0,0xff,0x0f,0xff,0xff,0xf8,0x7f,
  0xc0,0xff,0x87,0xff,0xff,0xfc,0x7f,0xc0,0xff,0x87,0xff,0xff,0xf0,0x7f,0xc0,0xff,0xc3,0xff,0xff,0xf0,0xff,0xc0,0xff,0xe1,
  0xff,0xff,0xe0,0xff,0xc0,0xff,0xe0,0xff,0xff,0xe1,0xff,0xc0,0xff,0xf1,0xff,0xff,0xe3,0xff,0xc0,0xff,0xff,0xff,0xff,0xef,
  0xff,0xc0,0xff,0xff,0xff,0xff,0xff,0xff,0xc0,0xff,0xff,0xff,0xff,0xff,0xff,0xc0,0xff,0xff,0xff,0xff,0xff,0xff,0xc0,0xff,
  0xff,0xff,0xff,0xff,0xff,0xc0,0xff,0xff,0xff,0xff,0xff,0xff,0xc0,0xff,0xff,0xff,0xff,0xff,0xff,0xc0,0xff,0xff,0xff,0xff,
  0xff,0xff,0xc0,0xff,0xff,0xff,0xff,0xff,0xff,0xc0,0xff,0xff,0xff,0xff,0xff,0xff,0xc0,0xff,0xff,0xff,0xff,0xff,0xff,0xc0,
  0xff,0xff,0xff,0xff,0xff,0xff,0xc0,0xff,0xff,0xff,0xff,0xff,0xff,0xc0,
};
const uint8_t icon_wind_30[] = {
  0x00,0x00,0x00,0x00,0x00,0x00,0x00,0x00,0x00,0x00,0x00,0x00,0x00,0x00,0x00,0x00,0x00,0x00,0x00,0x00,0x00,0x07,0xc0,0x00,
  0x00,0x07,0xc0,0x00,0x00,0x0c,0x60,0x00,0x00,0x00,0x60,0x00,0x03,0xfb,0xc7,0x80,0x0f,0xff,0x9f,0xc0,0x08,0x00,0x18,0x60,
  0x00,0x00,0x18,0x60,0x00,0xa8,0x10,0x60,0x07,0xff,0x80,0x60,0x0f,0xaf,0xfb,0xc0,0x04,0x00,0x7f,0x80,0x00,0x00,0x00,0x00,
  0x01,0xfe,0x00,0x00,0x0f,0xef,0x80,0x00,0x0c,0x01,0xc0,0x00,0x00,0x00,0x60,0x00,0x00,0x0c,0x60,0x00,0x00,0x0e,0xc0,0x00,
  0x00,0x07,0xc0,0x00,0x00,0x02,0x80,0x00,0x00,0x00,0x00,0x00,0x00,0x00,0x00,0x00,0x00,0x00,0x00,0x00,0x00,0x00,0x00,0x00,
};
const uint8_t icon_mail_60[] = {
  0x00,0x00,0x00,0x00,0x00,0x00,0x00,0x00,0x00,0x00,0x00,0x00,0x00,0x00,0x00,0x00,0x00,0x00,0x00,0x00,0x00,0x00,0x00,0x00,
  0x00,0x00,0x00,0x00,0x00,0x00,0x00,0x00,0x00,0x00,0x00,0x00,0x00,0x00,0x00,0x00,0x00,0x00,0x00,0x00,0x00,0x00,0x00,0x00,
  0x00,0x00,0x00,0x00,0x00,0x00,0x00,0x00,0x00,0x00,0x00,0x00,0x00,0x00,0x00,0x00,0x00,0x00,0x00,0x00,0x00,0x00,0x00,0x00,
  0x00,0x00,0x00,0x00,0x00,0x00,0x00,0x00,0x00,0x00,0x00,0x00,0x00,0x00,0x00,0x00,0x02,0xd5,0x55,0x55,0x55,0x55,0x58,0x00,
  0x01,0xff,0xff,0xff,0xff,0xff,0xf8,0x00,0x01,0x7f,0xff,0xff,0xff,0xff,0xf0,0x00,0x00,0x7f,0xff,0xff,0xff,0xff,0xe0,0x00,
  0x30,0x3f,0xff,0xff,0xff,0xff,0xc1,0xc0,0x70,0x0f,0xff,0xff,0xff,0xff,0x00,0xe0,0x3c,0x0f,0xff,0xff,0xff,0xff,0x03,0xc0,
  0x3e,0x03,0xff,0xff,0xff,0xfc,0x07,0xc0,0x3f,0x03,0xff,0xff,0xff,0xf8,0x0f,0xc0,0x3f,0x80,0xff,0xff,0xff,0xf0,0x1f,0xc0,
  0x3f,0xc0,0x7f,0xff,0xff,0xe0,0x7f,0xc0,0x3f,0xe0,0x3f,0xff,0xff,0xc0,0xbf,0xc0,0x3f,0xf8,0x1f,0xff,0xff,0x01,0xff,0xc0,
  0x3f,0xf8,0x07,0xff,0xff,0x03,0xff,0xc0,0x3f,0xfe,0x07,0xff,0xfc,0x07,0xff,0xc0,0x3f,0xff,0x01,0xff,0xf8,0x0f,0xff,0xc0,
  0x3f,0xff,0x80,0xff,0xf0,0x3f,0xff,0xc0,0x7f,0xff,0xc0,0xff,0xe0,0x3f,0xff,0xc0,0x3f,0xff,0xc0,0x3f,0xc0,0x3f,0xff,0xc0,
  0x3f,0xff,0x80,0x1f,0x80,0x2f,0xff,0xc0,0x3f,0xff,0x00,0x0e,0x00,0x1f,0xff,0xc0,0x3f,0xfe,0x04,0x05,0x04,0x07,0xff,0xc0,
  0x3f,0xfc,0x0f,0x00,0x0f,0x03,0xff,0xc0,0x3f,0xf8,0x17,0x80,0x1f,0x02,0xff,0xc0,0x3f,0xf0,0x2f,0xc0,0x3f,0xc1,0xff,0xc0,
  0x3f,0xe0,0x7f,0xe0,0x7f,0xc0,0x7f,0xc0,0x3f,0xa0,0xbf,0xf0,0xff,0xe0,0x3f,0xc0,0x3f,0x80,0xff,0xf9,0xff,0xf0,0x1f,0xc0,
  0x3f,0x03,0xff,0xff,0xff,0xfc,0x1f,0xc0,0x3e,0x05,0xff,0xff,0xff,0xfc,0x07,0xa0,0x7c,0x07,0xff,0xff,0xff,0xfe,0x03,0xc0,
  0x30,0x1f,0xff,0xff,0xff,0xff,0x81,0xc0,0x38,0x2f,0xff,0xff,0xff,0xff,0x81,0xc0,0x60,0x7f,0xff,0xff,0xff,0xff,0xc0,0x40,
  0x00,0xbf,0xff,0xff,0xff,0xff,0xe0,0x00,0x01,0xff,0xff,0xff,0xff,0xff,0xf8,0x00,0x03,0xff,0xff,0xff,0xff,0xff,0xfc,0x00,
  0x03,0x7f,0xff,0xff,0xff,0xef,0x78,0x00,0x01,0x00,0x00,0x00,0x00,0x10,0x84,0x00,0x00,0x00,0x00,0x00,0x00,0x00,0x00,0x00,
  0x00,0x00,0x00,0x00,0x00,0x00,0x00,0x00,0x00,0x00,0x00,0x00,0x00,0x00,0x00,0x00,0x00,0x00,0x00,0x00,0x00,0x00,0x00,0x00,
  0x00,0x00,0x00,0x00,0x00,0x00,0x00,0x00,0x00,0x00,0x00,0x00,0x00,0x00,0x00,0x00,0x00,0x00,0x00,0x00,0x00,0x00,0x00,0x00,
  0x00,0x00,0x00,0x00,0x00,0x00,0x00,0x00,0x00,0x00,0x00,0x00,0x00,0x00,0x00,0x00,0x00,0x00,0x00,0x00,0x00,0x00,0x00,0x00,
};
const uint8_t icon_sun_60[] = {
  0x00,0x00,0x00,0x00,0x00,0x00,0x00,0x00,0x00,0x00,0x00,0x00,0x00,0x00,0x00,0x00,0x00,0x00,0x00,0x00,0x00,0x00,0x00,0x00,
  0x00,0x00,0x00,0x00,0x00,0x00,0x00,0x00,0x00,0x00,0x00,0x00,0x00,0x00,0x00,0x00,0x00,0x00,0x00,0x00,0x00,0x00,0x00,0x00,
  0x00,0x00,0x00,0x0f,0x00,0x00,0x00,0x00,0x00,0x00,0x00,0x0e,0x00,0x00,0x00,0x00,0x00,0x00,0x00,0x0f,0x00,0x00,0x00,0x00,
  0x00,0x00,0x00,0x07,0x00,0x00,0x00,0x00,0x00,0x00,0x00,0x0e,0x00,0x00,0x00,0x00,0x00,0x00,0x00,0x0f,0x00,0x00,0x00,0x00,
  0x00,0x06,0x00,0x0f,0x00,0x06,0x00,0x00,0x00,0x0f,0x00,0x0e,0x00,0x0e,0x00,0x00,0x00,0x0f,0x80,0x06,0x00,0x1f,0x00,0x00,
  0x00,0x03,0xc0,0x00,0x00,0x7e,0x00,0x00,0x00,0x07,0xe0,0x00,0x00,0x7c,0x00,0x00,0x00,0x01,0xf0,0x00,0x00,0xf8,0x00,0x00,
  0x00,0x00,0xe0,0x7f,0xe0,0xe0,0x00,0x00,0x00,0x00,0x51,0x7f,0xe8,0x50,0x00,0x00,0x00,0x00,0x03,0xff,0xf8,0x00,0x00,0x00,
  0x00,0x00,0x07,0xff,0xfe,0x00,0x00,0x00,0x00,0x00,0x0f,0xff,0xff,0x00,0x00,0x00,0x00,0x00,0x1f,0xff,0xff,0x00,0x00,0x00,
  0x00,0x00,0x0f,0xff,0xff,0x80,0x00,0x00,0x00,0x00,0x3f,0xff,0xff,0x80,0x00,0x00,0x00,0x00,0x3f,0xff,0xff,0xc0,0x00,0x00,
  0x00,0x00,0x3f,0xff,0xff,0xc0,0x00,0x00,0x03,0xfc,0x3f,0xff,0xff,0xc7,0xf8,0x00,0x03,0xfe,0x3f,0xff,0xff,0xc7,0xfc,0x00,
  0x03,0xfe,0x3f,0xff,0xff,0xc7,0xfc,0x00,0x02,0xa8,0x3f,0xff,0xff,0xc1,0x54,0x00,0x00,0x00,0x3f,0xff,0xff,0xc0,0x00,0x00,
  0x00,0x00,0x3f,0xff,0xff,0x80,0x00,0x00,0x00,0x00,0x1f,0xff,0xff,0x80,0x00,0x00,0x00,0x00,0x1f,0xff,0xff,0x80,0x00,0x00,
  0x00,0x00,0x0f,0xff,0xff,0x00,0x00,0x00,0x00,0x00,0x0f,0xff,0xfe,0x00,0x00,0x00,0x00,0x00,0x07,0xff,0xfe,0x00,0x00,0x00,
  0x00,0x00,0x01,0xff,0xf8,0x00,0x00,0x00,0x00,0x00,0xe0,0xff,0xe0,0xe0,0x00,0x00,0x00,0x00,0xf0,0x2f,0x90,0x70,0x00,0x00,
  0x00,0x03,0xe0,0x00,0x00,0xf8,0x00,0x00,0x00,0x03,0xe0,0x00,0x00,0x7e,0x00,0x00,0x00,0x07,0xc0,0x00,0x00,0x3e,0x00,0x00,
  0x00,0x0f,0x00,0x0e,0x00,0x1f,0x00,0x00,0x00,0x0f,0x00,0x07,0x00,0x0e,0x00,0x00,0x00,0x02,0x00,0x0f,0x00,0x04,0x00,0x00,
  0x00,0x00,0x00,0x0e,0x00,0x00,0x00,0x00,0x00,0x00,0x00,0x0f,0x00,0x00,0x00,0x00,0x00,0x00,0x00,0x0f,0x00,0x00,0x00,0x00,
  0x00,0x00,0x00,0x0e,0x00,0x00,0x00,0x00,0x00,0x00,0x00,0x0f,0x00,0x00,0x00,0x00,0x00,0x00,0x00,0x06,0x00,0x00,0x00,0x00,
  0x00,0x00,0x00,0x00,0x00,0x00,0x00,0x00,0x00,0x00,0x00,0x00,0x00,0x00,0x00,0x00,0x00,0x00,0x00,0x00,0x00,0x00,0x00,0x00,
  0x00,0x00,0x00,0x00,0x00,0x00,0x00,0x00,0x00,0x00,0x00,0x00,0x00,0x00,0x00,0x00,0x00,0x00,0x00,0x00,0x00,0x00,0x00,0x00,
};
const uint8_t icon_sun_80[] = {
  0x00,0x00,0x00,0x00,0x00,0x00,0x00,0x00,0x00,0x00,0x00,0x00,0x00,0x00,0x00,0x00,0x00,0x00,0x00,0x00,0x00,0x00,0x00,0x00,
  0x00,0x00,0x00,0x00,0x00,0x00,0x00,0x00,0x00,0x00,0x00,0x00,0x00,0x00,0x00,0x00,0x00,0x00,0x00,0x00,0x00,0x00,0x00,0x00,
  0x00,0x00,0x00,0x00,0x00,0x00,0x00,0x00,0x00,0x00,0x00,0x00,0x00,0x00,0x00,0x00,0x00,0x00,0x00,0x00,0x00,0x00,0x00,0x00,
  0x00,0x00,0x00,0x80,0x00,0x00,0x00,0x00,0x00,0x00,0x00,0x00,0x03,0xc0,0x00,0x00,0x00,0x00,0x00,0x00,0x00,0x00,0x03,0xc0,
  0x00,0x00,0x00,0x00,0x00,0x00,0x00,0x00,0x07,0xc0,0x00,0x00,0x00,0x00,0x00,0x00,0x00,0x00,0x03,0xd0,0x00,0x00,0x00,0x00,
  0x00,0x00,0x00,0x00,0x07,0xc0,0x00,0x00,0x00,0x00,0x00,0x00,0x00,0x00,0x03,0xc0,0x00,0x00,0x00,0x00,0x00,0x00,0x00,0x00,
  0x07,0xd0,0x00,0x00,0x00,0x00,0x00,0x00,0x00,0x00,0x03,0xc0,0x00,0x00,0x00,0x00,0x00,0x00,0x68,0x00,0x07,0xc0,0x00,0x0c,
  0x00,0x00,0x00,0x00,0x70,0x00,0x03,0xd0,0x00,0x2e,0x00,0x00,0x00,0x00,0xfc,0x00,0x03,0xc0,0x00,0x3f,0x00,0x00,0x00,0x00,
  0xbe,0x00,0x02,0x80,0x00,0xbe,0x00,0x00,0x00,0x00,0x7f,0x00,0x00,0x00,0x00,0xfd,0x00,0x00,0x00,0x00,0x3f,0x80,0x00,0x00,
  0x02,0xfc,0x00,0x00,0x00,0x00,0x1f,0xc0,0x00,0x00,0x03,0xf0,0x00,0x00,0x00,0x00,0x0f,0xc0,0x02,0xa0,0x03,0xf0,0x00,0x00,
  0x00,0x00,0x07,0xc0,0x3f,0xfa,0x07,0xc0,0x00,0x00,0x00,0x00,0x02,0xc0,0xdf,0xfd,0x03,0xd0,0x00,0x00,0x00,0x00,0x01,0x03,
  0xff,0xff,0x80,0x00,0x00,0x00,0x00,0x00,0x00,0x0b,0xff,0xff,0xc0,0x00,0x00,0x00,0x00,0x00,0x00,0x0f,0xff,0xff,0xf0,0x00,
  0x00,0x00,0x00,0x00,0x00,0x17,0xff,0xff,0xf0,0x00,0x00,0x00,0x00,0x00,0x00,0x3f,0xff,0xff,0xf8,0x00,0x00,0x00,0x00,0x00,
  0x00,0x3f,0xff,0xff,0xfc,0x00,0x00,0x00,0x00,0x00,0x00,0x5f,0xff,0xff,0xfd,0x00,0x00,0x00,0x00,0x00,0x00,0x7f,0xff,0xff,
  0xfc,0x00,0x00,0x00,0x00,0x00,0x00,0xff,0xff,0xff,0xff,0x00,0x00,0x00,0x00,0x00,0x00,0xbf,0xff,0xff,0xfe,0x00,0x00,0x00,
  0x00,0x00,0x00,0xff,0xff,0xff,0xff,0x00,0x40,0x00,0x00,0x56,0xa0,0xff,0xff,0xff,0xff,0x05,0x5a,0x00,0x00,0xff,0xe0,0xff,
  0xff,0xff,0xff,0x0f,0xff,0x00,0x00,0xff,0xf1,0xff,0xff,0xff,0xff,0x0f,0xff,0x00,0x01,0xff,0xf0,0xff,0xff,0xff,0xff,0x0f,
  0xff,0x00,0x00,0x7f,0xd0,0xff,0xff,0xff,0xff,0x0b,0xee,0x80,0x00,0x00,0x00,0xff,0xff,0xff,0xfe,0x00,0x10,0x00,0x00,0x24,
  0x80,0xff,0xff,0xff,0xff,0x02,0x40,0x00,0x00,0x00,0x00,0xff,0xff,0xff,0xfe,0x00,0x00,0x00,0x00,0x00,0x00,0x7f,0xff,0xff,
  0xfe,0x80,0x00,0x00,0x00,0x00,0x00,0x7f,0xff,0xff,0xfc,0x00,0x00,0x00,0x00,0x00,0x00,0x3f,0xff,0xff,0xfc,0x00,0x00,0x00,
  0x00,0x00,0x00,0x3f,0xff,0xff,0xfa,0x00,0x00,0x00,0x00,0x00,0x00,0x1f,0xff,0xff,0xf4,0x00,0x00,0x00,0x00,0x00,0x00,0x0f,
  0xff,0xff,0xf0,0x00,0x00,0x00,0x00,0x00,0x00,0x0b,0xff,0xff,0xe0,0x00,0x00,0x00,0x00,0x00,0x00,0x07,0xff,0xff,0x80,0x00,
  0x00,0x00,0x00,0x00,0x01,0x41,0x7f,0xff,0x42,0x80,0x00,0x00,0x00,0x00,0x07,0xc0,0xbf,0xfa,0x05,0xc0,0x00,0x00,0x00,0x00,
  0x07,0xc0,0x2f,0xe8,0x03,0xe0,0x00,0x00,0x00,0x00,0x1f,0xc0,0x00,0x00,0x07,0xf0,0x00,0x00,0x00,0x00,0x1f,0x40,0x00,0x00,
  0x03,0xf8,0x00,0x00,0x00,0x00,0x7f,0x80,0x00,0x00,0x01,0xfd,0x00,0x00,0x00,0x00,0x5d,0x00,0x00,0x00,0x00,0xfe,0x00,0x00,
  0x00,0x00,0xfe,0x00,0x03,0xc0,0x00,0x3e,0x00,0x00,0x00,0x00,0xf8,0x00,0x03,0xc0,0x00,0x7f,0x00,0x00,0x00,0x00,0x68,0x00,
  0x07,0xc0,0x00,0x0c,0x00,0x00,0x00,0x00,0x28,0x00,0x03,0xd0,0x00,0x15,0x00,0x00,0x00,0x00,0x00,0x00,0x07,0xc0,0x00,0x00,
  0x00,0x00,0x00,0x00,0x00,0x00,0x03,0xc0,0x00,0x00,0x00,0x00,0x00,0x00,0x00,0x00,0x0b,0xd0,0x00,0x00,0x00,0x00,0x00,0x00,
  0x00,0x00,0x07,0xc0,0x00,0x00,0x00,0x00,0x00,0x00,0x00,0x00,0x03,0xc0,0x00,0x00,0x00,0x00,0x00,0x00,0x00,0x00,0x07,0xe0,
  0x00,0x00,0x00,0x00,0x00,0x00,0x00,0x00,0x03,0xc0,0x00,0x00,0x00,0x00,0x00,0x00,0x00,0x00,0x03,0x40,0x00,0x00,0x00,0x00,
  0x00,0x00,0x00,0x00,0x00,0x80,0x00,0x00,0x00,0x00,0x00,0x00,0x00,0x00,0x00,0x00,0x00,0x00,0x00,0x00,0x00,0x00,0x00,0x00,
  0x00,0x00,0x00,0x00,0x00,0x00,0x00,0x00,0x00,0x00,0x00,0x00,0x00,0x00,0x00,0x00,0x00,0x00,0x00,0x00,0x00,0x00,0x00,0x00,
  0x00,0x00,0x00,0x00,0x00,0x00,0x00,0x00,0x00,0x00,0x00,0x00,0x00,0x00,0x00,0x00,0x00,0x00,0x00,0x00,0x00,0x00,0x00,0x00,
  0x00,0x00,0x00,0x00,0x00,0x00,0x00,0x00,
};
const uint8_t icon_sun_90[] = {
  0x00,0x00,0x00,0x00,0x00,0x00,0x00,0x00,0x00,0x00,0x00,0x00,0x00,0x00,0x00,0x00,0x00,0x00,0x00,0x00,0x00,0x00,0x00,0x00,
  0x00,0x00,0x00,0x00,0x00,0x00,0x00,0x00,0x00,0x00,0x00,0x00,0x00,0x00,0x00,0x00,0x00,0x00,0x00,0x00,0x00,0x00,0x00,0x00,
  0x00,0x00,0x00,0x00,0x00,0x00,0x00,0x00,0x00,0x00,0x00,0x00,0x00,0x00,0x00,0x00,0x00,0x00,0x00,0x00,0x00,0x00,0x00,0x00,
  0x00,0x00,0x00,0x00,0x00,0x00,0x00,0x00,0x00,0x00,0x00,0x00,0x00,0x00,0x00,0x00,0x00,0x00,0x00,0x00,0x00,0x00,0x00,0x00,
  0x00,0x00,0x00,0x00,0x00,0x08,0x00,0x00,0x00,0x00,0x00,0x00,0x00,0x00,0x00,0x00,0x00,0x1e,0x00,0x00,0x00,0x00,0x00,0x00,
  0x00,0x00,0x00,0x00,0x00,0x3f,0x00,0x00,0x00,0x00,0x00,0x00,0x00,0x00,0x00,0x00,0x00,0x3e,0x00,0x00,0x00,0x00,0x00,0x00,
  0x00,0x00,0x00,0x00,0x00,0x1f,0x00,0x00,0x00,0x00,0x00,0x00,0x00,0x00,0x00,0x00,0x00,0x5e,0x00,0x00,0x00,0x00,0x00,0x00,
  0x00,0x00,0x00,0x00,0x00,0x3f,0x00,0x00,0x00,0x00,0x00,0x00,0x00,0x00,0x00,0x00,0x00,0x3e,0x00,0x00,0x00,0x00,0x00,0x00,
  0x00,0x00,0x00,0x00,0x00,0x3f,0x00,0x00,0x00,0x00,0x00,0x00,0x00,0x00,0x00,0x00,0x00,0x1e,0x80,0x00,0x00,0x00,0x00,0x00,
  0x00,0x00,0x16,0x00,0x00,0x7e,0x00,0x00,0x1a,0x00,0x00,0x00,0x00,0x00,0x1d,0x00,0x00,0x1f,0x00,0x00,0x2d,0x00,0x00,0x00,
  0x00,0x00,0x3f,0x00,0x00,0x3e,0x00,0x00,0x7e,0x00,0x00,0x00,0x00,0x00,0x2f,0xc0,0x00,0x1a,0x00,0x00,0xbf,0x00,0x00,0x00,
  0x00,0x00,0x1f,0xa0,0x00,0x04,0x00,0x01,0xfc,0x00,0x00,0x00,0x00,0x00,0x1f,0xe8,0x00,0x00,0x00,0x03,0xfd,0x00,0x00,0x00,
  0x00,0x00,0x07,0xf0,0x00,0x00,0x00,0x05,0xf8,0x00,0x00,0x00,0x00,0x00,0x03,0xf8,0x00,0x00,0x00,0x0f,0xe8,0x00,0x00,0x00,
  0x00,0x00,0x05,0xfc,0x00,0x14,0x80,0x07,0xe0,0x00,0x00,0x00,0x00,0x00,0x00,0xf8,0x03,0xff,0xe8,0x0f,0xa0,0x00,0x00,0x00,
  0x00,0x00,0x00,0xb8,0x0a,0xff,0xd4,0x0f,0x80,0x00,0x00,0x00,0x00,0x00,0x00,0x48,0x2f,0xff,0xfa,0x00,0x80,0x00,0x00,0x00,
  0x00,0x00,0x00,0x00,0x7f,0xff,0xff,0x42,0x00,0x00,0x00,0x00,0x00,0x00,0x00,0x01,0x7f,0xff,0xff,0x80,0x00,0x00,0x00,0x00,
  0x00,0x00,0x00,0x00,0xff,0xff,0xff,0xc0,0x00,0x00,0x00,0x00,0x00,0x00,0x00,0x03,0xff,0xff,0xff,0xe0,0x00,0x00,0x00,0x00,
  0x00,0x00,0x00,0x05,0xff,0xff,0xff,0xf8,0x00,0x00,0x00,0x00,0x00,0x00,0x00,0x07,0xff,0xff,0xff,0xf0,0x00,0x00,0x00,0x00,
  0x00,0x00,0x00,0x0b,0xff,0xff,0xff,0xf8,0x00,0x00,0x00,0x00,0x00,0x00,0x00,0x0f,0xff,0xff,0xff,0xfa,0x00,0x00,0x00,0x00,
  0x00,0x00,0x00,0x17,0xff,0xff,0xff,0xfc,0x00,0x00,0x00,0x00,0x00,0x00,0x00,0x1f,0xff,0xff,0xff,0xfa,0x00,0x00,0x00,0x00,
  0x00,0x00,0x00,0x1f,0xff,0xff,0xff,0xfe,0x00,0x00,0x00,0x00,0x00,0x04,0x40,0x1f,0xff,0xff,0xff,0xfe,0x01,0x54,0x00,0x00,
  0x00,0x35,0xb4,0x1f,0xff,0xff,0xff,0xfc,0x0a,0xaa,0x80,0x00,0x00,0x7f,0xfc,0x1f,0xff,0xff,0xff,0xfe,0x0f,0xff,0x80,0x00,
  0x00,0xff,0xfc,0x3f,0xff,0xff,0xff,0xfe,0x1f,0xff,0x80,0x00,0x00,0x7f,0xfc,0x1f,0xff,0xff,0xff,0xfe,0x0f,0xff,0x80,0x00,
  0x00,0x7f,0xfa,0x1f,0xff,0xff,0xff,0xfe,0x1f,0xff,0x40,0x00,0x00,0x09,0x24,0x1f,0xff,0xff,0xff,0xfe,0x01,0x29,0x00,0x00,
  0x00,0x04,0x40,0x1f,0xff,0xff,0xff,0xfe,0x00,0x80,0x00,0x00,0x00,0x00,0x00,0x1f,0xff,0xff,0xff,0xfc,0x00,0x04,0x00,0x00,
  0x00,0x00,0x00,0x17,0xff,0xff,0xff,0xfd,0x00,0x00,0x00,0x00,0x00,0x00,0x00,0x0f,0xff,0xff,0xff,0xfa,0x00,0x00,0x00,0x00,
  0x00,0x00,0x00,0x0f,0xff,0xff,0xff,0xf8,0x00,0x00,0x00,0x00,0x00,0x00,0x00,0x07,0xff,0xff,0xff,0xf8,0x00,0x00,0x00,0x00,
  0x00,0x00,0x00,0x03,0xff,0xff,0xff,0xf0,0x00,0x00,0x00,0x00,0x00,0x00,0x00,0x05,0xff,0xff,0xff,0xe8,0x00,0x00,0x00,0x00,
  0x00,0x00,0x00,0x02,0xff,0xff,0xff,0xd0,0x00,0x00,0x00,0x00,0x00,0x00,0x00,0x01,0xff,0xff,0xff,0xc0,0x00,0x00,0x00,0x00,
  0x00,0x00,0x00,0x00,0x7f,0xff,0xff,0x40,0x00,0x00,0x00,0x00,0x00,0x00,0x00,0x00,0x2f,0xff,0xfe,0x80,0x00,0x00,0x00,0x00,
  0x00,0x00,0x00,0x74,0x1f,0xff,0xfa,0x06,0x80,0x00,0x00,0x00,0x00,0x00,0x01,0x78,0x02,0xff,0xe4,0x0b,0xc0,0x00,0x00,0x00,
  0x00,0x00,0x01,0xf8,0x01,0xbb,0x50,0x0f,0xa0,0x00,0x00,0x00,0x00,0x00,0x02,0xfc,0x00,0x04,0x00,0x07,0xf0,0x00,0x00,0x00,
  0x00,0x00,0x0b,0xf8,0x00,0x00,0x00,0x0f,0xf0,0x00,0x00,0x00,0x00,0x00,0x0f,0xe0,0x00,0x00,0x00,0x03,0xfc,0x00,0x00,0x00,
  0x00,0x00,0x17,0xf0,0x00,0x00,0x00,0x02,0xfd,0x00,0x00,0x00,0x00,0x00,0x3f,0xc0,0x00,0x14,0x00,0x01,0xfe,0x00,0x00,0x00,
  0x00,0x00,0x2f,0x80,0x00,0x3e,0x00,0x00,0x7e,0x00,0x00,0x00,0x00,0x00,0x3f,0x00,0x00,0x1f,0x00,0x00,0x5f,0x00,0x00,0x00,
  0x00,0x00,0x14,0x80,0x00,0x5e,0x00,0x00,0x2c,0x00,0x00,0x00,0x00,0x00,0x0c,0x00,0x00,0x3f,0x00,0x00,0x14,0x00,0x00,0x00,
  0x00,0x00,0x00,0x00,0x00,0x3e,0x00,0x00,0x00,0x00,0x00,0x00,0x00,0x00,0x00,0x00,0x00,0x5f,0x00,0x00,0x00,0x00,0x00,0x00,
  0x00,0x00,0x00,0x00,0x00,0x3e,0x80,0x00,0x00,0x00,0x00,0x00,0x00,0x00,0x00,0x00,0x00,0x3e,0x00,0x00,0x00,0x00,0x00,0x00,
  0x00,0x00,0x00,0x00,0x00,0x3f,0x00,0x00,0x00,0x00,0x00,0x00,0x00,0x00,0x00,0x00,0x00,0x5e,0x00,0x00,0x00,0x00,0x00,0x00,
  0x00,0x00,0x00,0x00,0x00,0x3f,0x00,0x00,0x00,0x00,0x00,0x00,0x00,0x00,0x00,0x00,0x00,0x1e,0x00,0x00,0x00,0x00,0x00,0x00,
  0x00,0x00,0x00,0x00,0x00,0x2d,0x00,0x00,0x00,0x00,0x00,0x00,0x00,0x00,0x00,0x00,0x00,0x00,0x00,0x00,0x00,0x00,0x00,0x00,
  0x00,0x00,0x00,0x00,0x00,0x04,0x00,0x00,0x00,0x00,0x00,0x00,0x00,0x00,0x00,0x00,0x00,0x00,0x00,0x00,0x00,0x00,0x00,0x00,
  0x00,0x00,0x00,0x00,0x00,0x00,0x00,0x00,0x00,0x00,0x00,0x00,0x00,0x00,0x00,0x00,0x00,0x00,0x00,0x00,0x00,0x00,0x00,0x00,
  0x00,0x00,0x00,0x00,0x00,0x00,0x00,0x00,0x00,0x00,0x00,0x00,0x00,0x00,0x00,0x00,0x00,0x00,0x00,0x00,0x00,0x00,0x00,0x00,
  0x00,0x00,0x00,0x00,0x00,0x00,0x00,0x00,0x00,0x00,0x00,0x00,0x00,0x00,0x00,0x00,0x00,0x00,0x00,0x00,0x00,0x00,0x00,0x00,
};
const uint8_t icon_night_60[] = {
  0x00,0x00,0x00,0x00,0x00,0x00,0x00,0x00,0x00,0x00,0x00,0x00,0x00,0x00,0x00,0x00,0x00,0x00,0x00,0x00,0x00,0x00,0x00,0x00,
  0x00,0x00,0x00,0x00,0x00,0x00,0x00,0x00,0x00,0x00,0x00,0x00,0x00,0x00,0x00,0x00,0x00,0x00,0x00,0x00,0x00,0x00,0x00,0x00,
  0x00,0x00,0x00,0x00,0x00,0x00,0x00,0x00,0x00,0x00,0x00,0x00,0x00,0x00,0x00,0x00,0x00,0x00,0x00,0x00,0x00,0x00,0x00,0x00,
  0x00,0x00,0x00,0x00,0x00,0x40,0x00,0x00,0x00,0x00,0x00,0x00,0x03,0xf0,0x00,0x00,0x00,0x00,0x00,0x00,0x07,0xe0,0x00,0x00,
  0x00,0x00,0x00,0x00,0x1f,0xf0,0x00,0x00,0x00,0x00,0x00,0x00,0x2f,0xc0,0x00,0x00,0x00,0x00,0x00,0x00,0x3f,0xe0,0x00,0x00,
  0x00,0x00,0x00,0x00,0x7f,0xc0,0x00,0x00,0x00,0x00,0x00,0x00,0xff,0xc0,0x00,0x00,0x00,0x00,0x00,0x00,0xff,0xc0,0x00,0x00,
  0x00,0x00,0x00,0x01,0xff,0xc0,0x00,0x00,0x00,0x00,0x00,0x00,0xff,0xe0,0x00,0x00,0x00,0x00,0x01,0x00,0xff,0xe0,0x00,0x00,
  0x00,0x00,0x1f,0xf8,0x3f,0xf0,0x00,0x00,0x00,0x00,0x7f,0xfc,0x1f,0xf8,0x01,0x00,0x00,0x00,0xff,0xff,0x0f,0xfc,0x07,0x00,
  0x00,0x01,0xff,0xff,0x87,0xff,0xff,0x80,0x00,0x03,0xff,0xff,0xc2,0xff,0xff,0x80,0x00,0x07,0xff,0xff,0xe0,0x1f,0xff,0x00,
  0x00,0x0f,0xff,0xff,0xd0,0x0f,0xff,0x00,0x00,0x0f,0xff,0xff,0xfd,0x03,0xfe,0x00,0x00,0x0f,0xff,0xff,0xff,0xc3,0xfe,0x00,
  0x00,0x0f,0xff,0xff,0xff,0xf1,0xfc,0x00,0x00,0x1f,0xff,0xff,0xff,0xf0,0xf8,0x00,0x00,0x3f,0xff,0xff,0xff,0xf8,0xf0,0x00,
  0x00,0x7f,0xff,0xff,0xff,0xfc,0x40,0x00,0x00,0xff,0xff,0xff,0xff,0xfc,0x20,0x00,0x01,0xff,0xff,0xff,0xff,0xfe,0x00,0x00,
  0x03,0xff,0xff,0xff,0xff,0xfc,0x00,0x00,0x03,0xff,0xff,0xff,0xff,0xfe,0x00,0x00,0x03,0xff,0xff,0xff,0xff,0xfe,0x00,0x00,
  0x03,0xff,0xff,0xff,0xff,0xfc,0x00,0x00,0x07,0xff,0xff,0xff,0xff,0xfe,0x00,0x00,0x03,0xff,0xff,0xff,0xff,0xfc,0x00,0x00,
  0x03,0xff,0xff,0xff,0xff,0xf8,0x00,0x00,0x01,0xff,0xff,0xff,0xff,0xf8,0x00,0x00,0x01,0xff,0xff,0xff,0xff,0xf0,0x00,0x00,
  0x00,0xff,0xff,0xff,0xff,0xe0,0x00,0x00,0x00,0x3f,0xff,0xff,0xff,0x80,0x00,0x00,0x00,0x16,0xdb,0x6e,0xed,0x00,0x00,0x00,
  0x00,0x00,0x00,0x00,0x00,0x00,0x00,0x00,0x00,0x00,0x00,0x00,0x00,0x00,0x00,0x00,0x00,0x00,0x00,0x00,0x00,0x00,0x00,0x00,
  0x00,0x00,0x00,0x00,0x00,0x00,0x00,0x00,0x00,0x00,0x00,0x00,0x00,0x00,0x00,0x00,0x00,0x00,0x00,0x00,0x00,0x00,0x00,0x00,
  0x00,0x00,0x00,0x00,0x00,0x00,0x00,0x00,0x00,0x00,0x00,0x00,0x00,0x00,0x00,0x00,0x00,0x00,0x00,0x00,0x00,0x00,0x00,0x00,
  0x00,0x00,0x00,0x00,0x00,0x00,0x00,0x00,0x00,0x00,0x00,0x00,0x00,0x00,0x00,0x00,0x00,0x00,0x00,0x00,0x00,0x00,0x00,0x00,
};
const uint8_t icon_night_80[] = {
  0x00,0x00,0x00,0x00,0x00,0x00,0x00,0x00,0x00,0x00,0x00,0x00,0x00,0x00,0x00,0x00,0x00,0x00,0x00,0x00,0x00,0x00,0x00,0x00,
  0x00,0x00,0x00,0x00,0x00,0x00,0x00,0x00,0x00,0x00,0x00,0x00,0x00,0x00,0x00,0x00,0x00,0x00,0x00,0x00,0x00,0x00,0x00,0x00,
  0x00,0x00,0x00,0x00,0x00,0x00,0x00,0x00,0x00,0x00,0x00,0x00,0x00,0x00,0x00,0x00,0x00,0x00,0x00,0x00,0x00,0x00,0x00,0x00,
  0x00,0x00,0x00,0x00,0x00,0x00,0x00,0x00,0x00,0x00,0x00,0x00,0x00,0x00,0x00,0x00,0x00,0x00,0x00,0x00,0x00,0x00,0x00,0x00,
  0x00,0x00,0x00,0x00,0x00,0x00,0x00,0x00,0x00,0x00,0x00,0x00,0x00,0x00,0x00,0x00,0x00,0x00,0x00,0x00,0x00,0x00,0x00,0x00,
  0x00,0x00,0x00,0x00,0x00,0x00,0x02,0x80,0x00,0x00,0x00,0x00,0x00,0x00,0x00,0x00,0x0b,0x40,0x00,0x00,0x00,0x00,0x00,0x00,
  0x00,0x00,0x3f,0xc0,0x00,0x00,0x00,0x00,0x00,0x00,0x00,0x00,0xbf,0xc0,0x00,0x00,0x00,0x00,0x00,0x00,0x00,0x01,0x7f,0xc0,
  0x00,0x00,0x00,0x00,0x00,0x00,0x00,0x03,0xff,0x80,0x00,0x00,0x00,0x00,0x00,0x00,0x00,0x05,0xff,0x40,0x00,0x00,0x00,0x00,
  0x00,0x00,0x00,0x0b,0xff,0x00,0x00,0x00,0x00,0x00,0x00,0x00,0x00,0x0f,0xff,0x80,0x00,0x00,0x00,0x00,0x00,0x00,0x00,0x1f,
  0xff,0x00,0x00,0x00,0x00,0x00,0x00,0x00,0x00,0x1f,0xff,0x00,0x00,0x00,0x00,0x00,0x00,0x00,0x00,0x3f,0xff,0x00,0x00,0x00,
  0x00,0x00,0x00,0x00,0x00,0x3f,0xff,0x00,0x00,0x00,0x00,0x00,0x00,0x00,0x00,0x3f,0xff,0x80,0x00,0x00,0x00,0x00,0x00,0x00,
  0x00,0x1f,0xff,0x80,0x00,0x00,0x00,0x00,0x00,0x05,0x40,0x2f,0xff,0xc0,0x00,0x00,0x00,0x00,0x00,0x7f,0xfc,0x03,0xff,0xd0,
  0x00,0x00,0x00,0x00,0x00,0xbf,0xff,0x05,0xff,0xe0,0x00,0x00,0x00,0x00,0x03,0xff,0xff,0xc1,0xff,0xf4,0x01,0xd0,0x00,0x00,
  0x07,0xff,0xff,0xc0,0xff,0xf8,0x05,0x60,0x00,0x00,0x0f,0xff,0xff,0xf0,0x7f,0xff,0xff,0xf0,0x00,0x00,0x1f,0xff,0xff,0xf8,
  0xaf,0xff,0xff,0xf0,0x00,0x00,0x3f,0xff,0xff,0xfa,0x01,0x7f,0xff,0xe0,0x00,0x00,0x7f,0xff,0xff,0xfc,0x00,0xff,0xff,0xe0,
  0x00,0x00,0x7f,0xff,0xff,0xfd,0x00,0x1f,0xff,0xd0,0x00,0x00,0xff,0xff,0xff,0xfe,0xa8,0x0f,0xff,0xc0,0x00,0x00,0xff,0xff,
  0xff,0xff,0xfe,0x07,0xff,0xc0,0x00,0x00,0xff,0xff,0xff,0xff,0xff,0x43,0xff,0x40,0x00,0x01,0xff,0xff,0xff,0xff,0xff,0x81,
  0xff,0x00,0x00,0x00,0xff,0xff,0xff,0xff,0xff,0xe0,0xfe,0x80,0x00,0x03,0xff,0xff,0xff,0xff,0xff,0xf1,0x7c,0x00,0x00,0x03,
  0xff,0xff,0xff,0xff,0xff,0xf0,0xfa,0x00,0x00,0x0f,0xff,0xff,0xff,0xff,0xff,0xf8,0x50,0x00,0x00,0x3f,0xff,0xff,0xff,0xff,
  0xff,0xf4,0x20,0x00,0x00,0x3f,0xff,0xff,0xff,0xff,0xff,0xfc,0x00,0x00,0x00,0x7f,0xff,0xff,0xff,0xff,0xff,0xfc,0x00,0x00,
  0x00,0xbf,0xff,0xff,0xff,0xff,0xff,0xfc,0x00,0x00,0x00,0xff,0xff,0xff,0xff,0xff,0xff,0xfc,0x00,0x00,0x00,0xff,0xff,0xff,
  0xff,0xff,0xff,0xfc,0x00,0x00,0x00,0xff,0xff,0xff,0xff,0xff,0xff,0xfd,0x00,0x00,0x01,0xff,0xff,0xff,0xff,0xff,0xff,0xfc,
  0x00,0x00,0x00,0xff,0xff,0xff,0xff,0xff,0xff,0xfc,0x00,0x00,0x00,0xff,0xff,0xff,0xff,0xff,0xff,0xf8,0x00,0x00,0x01,0xff,
  0xff,0xff,0xff,0xff,0xff,0xfc,0x00,0x00,0x00,0xff,0xff,0xff,0xff,0xff,0xff,0xf0,0x00,0x00,0x00,0x7f,0xff,0xff,0xff,0xff,
  0xff,0xf4,0x00,0x00,0x00,0x7f,0xff,0xff,0xff,0xff,0xff,0xe0,0x00,0x00,0x00,0x3f,0xff,0xff,0xff,0xff,0xff,0xd0,0x00,0x00,
  0x00,0x2f,0xff,0xff,0xff,0xff,0xff,0x80,0x00,0x00,0x00,0x1f,0xff,0xff,0xff,0xff,0xfe,0x80,0x00,0x00,0x00,0x02,0xff,0xff,
  0xff,0xff,0xf4,0x00,0x00,0x00,0x00,0x01,0xaa,0xaa,0xaa,0xaa,0xa8,0x00,0x00,0x00,0x00,0x00,0x00,0x00,0x00,0x00,0x00,0x00,
  0x00,0x00,0x00,0x00,0x00,0x00,0x00,0x00,0x00,0x00,0x00,0x00,0x00,0x00,0x00,0x00,0x00,0x00,0x00,0x00,0x00,0x00,0x00,0x00,
  0x00,0x00,0x00,0x00,0x00,0x00,0x00,0x00,0x00,0x00,0x00,0x00,0x00,0x00,0x00,0x00,0x00,0x00,0x00,0x00,0x00,0x00,0x00,0x00,
  0x00,0x00,0x00,0x00,0x00,0x00,0x00,0x00,0x00,0x00,0x00,0x00,0x00,0x00,0x00,0x00,0x00,0x00,0x00,0x00,0x00,0x00,0x00,0x00,
  0x00,0x00,0x00,0x00,0x00,0x00,0x00,0x00,0x00,0x00,0x00,0x00,0x00,0x00,0x00,0x00,0x00,0x00,0x00,0x00,0x00,0x00,0x00,0x00,
  0x00,0x00,0x00,0x00,0x00,0x00,0x00,0x00,0x00,0x00,0x00,0x00,0x00,0x00,0x00,0x00,0x00,0x00,0x00,0x00,0x00,0x00,0x00,0x00,
  0x00,0x00,0x00,0x00,0x00,0x00,0x00,0x00,0x00,0x00,0x00,0x00,0x00,0x00,0x00,0x00,0x00,0x00,0x00,0x00,0x00,0x00,0x00,0x00,
  0x00,0x00,0x00,0x00,0x00,0x00,0x00,0x00,
};
const uint8_t icon_night_90[] = {
  0x00,0x00,0x00,0x00,0x00,0x00,0x00,0x00,0x00,0x00,0x00,0x00,0x00,0x00,0x00,0x00,0x00,0x00,0x00,0x00,0x00,0x00,0x00,0x00,
  0x00,0x00,0x00,0x00,0x00,0x00,0x00,0x00,0x00,0x00,0x00,0x00,0x00,0x00,0x00,0x00,0x00,0x00,0x00,0x00,0x00,0x00,0x00,0x00,
  0x00,0x00,0x00,0x00,0x00,0x00,0x00,0x00,0x00,0x00,0x00,0x00,0x00,0x00,0x00,0x00,0x00,0x00,0x00,0x00,0x00,0x00,0x00,0x00,
  0x00,0x00,0x00,0x00,0x00,0x00,0x00,0x00,0x00,0x00,0x00,0x00,0x00,0x00,0x00,0x00,0x00,0x00,0x00,0x00,0x00,0x00,0x00,0x00,
  0x00,0x00,0x00,0x00,0x00,0x00,0x00,0x00,0x00,0x00,0x00,0x00,0x00,0x00,0x00,0x00,0x00,0x00,0x00,0x00,0x00,0x00,0x00,0x00,
  0x00,0x00,0x00,0x00,0x00,0x00,0x00,0x00,0x00,0x00,0x00,0x00,0x00,0x00,0x00,0x00,0x00,0x00,0x00,0x00,0x00,0x00,0x00,0x00,
  0x00,0x00,0x00,0x00,0x00,0x00,0x00,0x00,0x00,0x00,0x00,0x00,0x00,0x00,0x00,0x00,0x00,0x00,0x00,0x00,0x00,0x00,0x00,0x00,
  0x00,0x00,0x00,0x00,0x00,0x00,0x00,0x0b,0x00,0x00,0x00,0x00,0x00,0x00,0x00,0x00,0x00,0x00,0x00,0x2f,0x80,0x00,0x00,0x00,
  0x00,0x00,0x00,0x00,0x00,0x00,0x00,0xff,0xa0,0x00,0x00,0x00,0x00,0x00,0x00,0x00,0x00,0x00,0x02,0xff,0x80,0x00,0x00,0x00,
  0x00,0x00,0x00,0x00,0x00,0x00,0x07,0xff,0x80,0x00,0x00,0x00,0x00,0x00,0x00,0x00,0x00,0x00,0x0b,0xff,0x80,0x00,0x00,0x00,
  0x00,0x00,0x00,0x00,0x00,0x00,0x1f,0xfe,0x80,0x00,0x00,0x00,0x00,0x00,0x00,0x00,0x00,0x00,0x2f,0xff,0x00,0x00,0x00,0x00,
  0x00,0x00,0x00,0x00,0x00,0x00,0x3f,0xfe,0x00,0x00,0x00,0x00,0x00,0x00,0x00,0x00,0x00,0x00,0x7f,0xfe,0x00,0x00,0x00,0x00,
  0x00,0x00,0x00,0x00,0x00,0x00,0xbf,0xfe,0x00,0x00,0x00,0x00,0x00,0x00,0x00,0x00,0x00,0x00,0xff,0xfe,0x00,0x00,0x00,0x00,
  0x00,0x00,0x00,0x00,0x00,0x01,0xff,0xfe,0x00,0x00,0x00,0x00,0x00,0x00,0x00,0x00,0x00,0x00,0xff,0xfe,0x80,0x00,0x00,0x00,
  0x00,0x00,0x00,0x00,0x00,0x01,0xff,0xfe,0x00,0x00,0x00,0x00,0x00,0x00,0x00,0x00,0x00,0x01,0x7f,0xff,0x80,0x00,0x00,0x00,
  0x00,0x00,0x00,0x00,0x10,0x00,0xff,0xff,0x00,0x00,0x00,0x00,0x00,0x00,0x00,0x05,0xdf,0x40,0x3f,0xff,0xc0,0x00,0x00,0x00,
  0x00,0x00,0x00,0x17,0xff,0xe8,0x0f,0xff,0x80,0x00,0x00,0x00,0x00,0x00,0x00,0x2f,0xff,0xf4,0x17,0xff,0xf0,0x00,0x00,0x00,
  0x00,0x00,0x00,0xff,0xff,0xfe,0x07,0xff,0xe8,0x00,0xf8,0x00,0x00,0x00,0x01,0x7f,0xff,0xff,0x03,0xff,0xfa,0x22,0xf0,0x00,
  0x00,0x00,0x03,0xff,0xff,0xff,0xc1,0xff,0xff,0xdf,0xfc,0x00,0x00,0x00,0x05,0xff,0xff,0xff,0xa1,0x7f,0xff,0xff,0xf8,0x00,
  0x00,0x00,0x0b,0xff,0xff,0xff,0xd0,0x05,0xff,0xff,0xf8,0x00,0x00,0x00,0x0f,0xff,0xff,0xff,0xe0,0x03,0xff,0xff,0xe8,0x00,
  0x00,0x00,0x1f,0xff,0xff,0xff,0xf8,0x00,0x3f,0xff,0xf0,0x00,0x00,0x00,0x2f,0xff,0xff,0xff,0xf4,0x80,0x5f,0xff,0xe8,0x00,
  0x00,0x00,0x3f,0xff,0xff,0xff,0xfe,0xa8,0x0f,0xff,0xe0,0x00,0x00,0x00,0x3f,0xff,0xff,0xff,0xff,0xfc,0x07,0xff,0xe0,0x00,
  0x00,0x00,0x3f,0xff,0xff,0xff,0xff,0xfe,0x83,0xff,0xa0,0x00,0x00,0x00,0x7f,0xff,0xff,0xff,0xff,0xff,0x02,0xff,0x80,0x00,
  0x00,0x00,0x5f,0xff,0xff,0xff,0xff,0xff,0xc1,0xff,0x40,0x00,0x00,0x00,0xbf,0xff,0xff,0xff,0xff,0xff,0xe0,0xfe,0x80,0x00,
  0x00,0x00,0xff,0xff,0xff,0xff,0xff,0xff,0xf0,0xfc,0x00,0x00,0x00,0x03,0xff,0xff,0xff,0xff,0xff,0xff,0xe8,0x54,0x00,0x00,
  0x00,0x0b,0xff,0xff,0xff,0xff,0xff,0xff,0xf4,0x70,0x00,0x00,0x00,0x0f,0xff,0xff,0xff,0xff,0xff,0xff,0xf8,0x00,0x00,0x00,
  0x00,0x1f,0xff,0xff,0xff,0xff,0xff,0xff,0xfc,0x00,0x00,0x00,0x00,0x3f,0xff,0xff,0xff,0xff,0xff,0xff,0xf8,0x00,0x00,0x00,
  0x00,0x5f,0xff,0xff,0xff,0xff,0xff,0xff,0xfc,0x00,0x00,0x00,0x00,0x7f,0xff,0xff,0xff,0xff,0xff,0xff,0xfc,0x00,0x00,0x00,
  0x00,0x7f,0xff,0xff,0xff,0xff,0xff,0xff,0xfc,0x00,0x00,0x00,0x00,0x7f,0xff,0xff,0xff,0xff,0xff,0xff,0xfc,0x00,0x00,0x00,
  0x00,0xff,0xff,0xff,0xff,0xff,0xff,0xff,0xfa,0x00,0x00,0x00,0x00,0x7f,0xff,0xff,0xff,0xff,0xff,0xff,0xfc,0x00,0x00,0x00,
  0x00,0xff,0xff,0xff,0xff,0xff,0xff,0xff,0xf8,0x00,0x00,0x00,0x00,0x7f,0xff,0xff,0xff,0xff,0xff,0xff,0xfc,0x00,0x00,0x00,
  0x00,0x7f,0xff,0xff,0xff,0xff,0xff,0xff,0xf8,0x00,0x00,0x00,0x00,0x7f,0xff,0xff,0xff,0xff,0xff,0xff,0xf0,0x00,0x00,0x00,
  0x00,0x7f,0xff,0xff,0xff,0xff,0xff,0xff,0xe8,0x00,0x00,0x00,0x00,0x3f,0xff,0xff,0xff,0xff,0xff,0xff,0xe0,0x00,0x00,0x00,
  0x00,0x1f,0xff,0xff,0xff,0xff,0xff,0xff,0xd0,0x00,0x00,0x00,0x00,0x17,0xff,0xff,0xff,0xff,0xff,0xff,0x40,0x00,0x00,0x00,
  0x00,0x0f,0xff,0xff,0xff,0xff,0xff,0xff,0x00,0x00,0x00,0x00,0x00,0x03,0xff,0xff,0xff,0xff,0xff,0xfa,0x80,0x00,0x00,0x00,
  0x00,0x00,0xbf,0xff,0xff,0xff,0xff,0xd4,0x00,0x00,0x00,0x00,0x00,0x00,0xaa,0xaa,0xaa,0xaa,0xaa,0xa0,0x00,0x00,0x00,0x00,
  0x00,0x00,0x00,0x00,0x00,0x00,0x00,0x00,0x00,0x00,0x00,0x00,0x00,0x00,0x00,0x00,0x00,0x00,0x00,0x00,0x00,0x00,0x00,0x00,
  0x00,0x00,0x00,0x00,0x00,0x00,0x00,0x00,0x00,0x00,0x00,0x00,0x00,0x00,0x00,0x00,0x00,0x00,0x00,0x00,0x00,0x00,0x00,0x00,
  0x00,0x00,0x00,0x00,0x00,0x00,0x00,0x00,0x00,0x00,0x00,0x00,0x00,0x00,0x00,0x00,0x00,0x00,0x00,0x00,0x00,0x00,0x00,0x00,
  0x00,0x00,0x00,0x00,0x00,0x00,0x00,0x00,0x00,0x00,0x00,0x00,0x00,0x00,0x00,0x00,0x00,0x00,0x00,0x00,0x00,0x00,0x00,0x00,
  0x00,0x00,0x00,0x00,0x00,0x00,0x00,0x00,0x00,0x00,0x00,0x00,0x00,0x00,0x00,0x00,0x00,0x00,0x00,0x00,0x00,0x00,0x00,0x00,
  0x00,0x00,0x00,0x00,0x00,0x00,0x00,0x00,0x00,0x00,0x00,0x00,0x00,0x00,0x00,0x00,0x00,0x00,0x00,0x00,0x00,0x00,0x00,0x00,
  0x00,0x00,0x00,0x00,0x00,0x00,0x00,0x00,0x00,0x00,0x00,0x00,0x00,0x00,0x00,0x00,0x00,0x00,0x00,0x00,0x00,0x00,0x00,0x00,
  0x00,0x00,0x00,0x00,0x00,0x00,0x00,0x00,0x00,0x00,0x00,0x00,0x00,0x00,0x00,0x00,0x00,0x00,0x00,0x00,0x00,0x00,0x00,0x00,
  0x00,0x00,0x00,0x00,0x00,0x00,0x00,0x00,0x00,0x00,0x00,0x00,0x00,0x00,0x00,0x00,0x00,0x00,0x00,0x00,0x00,0x00,0x00,0x00,
};
const uint8_t icon_clouds_60[] = {
  0x00,0x00,0x00,0x00,0x00,0x00,0x00,0x00,0x00,0x00,0x00,0x00,0x00,0x00,0x00,0x00,0x00,0x00,0x00,0x00,0x00,0x00,0x00,0x00,
  0x00,0x00,0x00,0x00,0x00,0x00,0x00,0x00,0x00,0x00,0x00,0x00,0x00,0x00,0x00,0x00,0x00,0x00,0x00,0x00,0x00,0x00,0x00,0x00,
  0x00,0x00,0x00,0x00,0x00,0x00,0x00,0x00,0x00,0x00,0x00,0x00,0x00,0x00,0x00,0x00,0x00,0x00,0x00,0x00,0x00,0x00,0x00,0x00,
  0x00,0x00,0x00,0x00,0x00,0x00,0x00,0x00,0x00,0x00,0x00,0x00,0x00,0x00,0x00,0x00,0x00,0x00,0x0d,0x40,0x00,0x00,0x00,0x00,
  0x00,0x00,0x3f,0xe0,0x00,0x00,0x00,0x00,0x00,0x00,0xff,0xf0,0x00,0x00,0x00,0x00,0x00,0x01,0x7f,0xfd,0xe0,0x00,0x00,0x00,
  0x00,0x01,0xff,0xff,0xbc,0x00,0x00,0x00,0x00,0x03,0xff,0xff,0xff,0x00,0x00,0x00,0x00,0x03,0xff,0xff,0xff,0x00,0x00,0x00,
  0x00,0x07,0xff,0xff,0xf5,0x00,0x00,0x00,0x00,0x03,0xff,0xff,0x88,0x80,0x00,0x00,0x00,0x07,0xff,0xfe,0x00,0x00,0x00,0x00,
  0x00,0x1f,0xff,0xfc,0x15,0x00,0x00,0x00,0x00,0x7f,0xff,0x50,0x6f,0xc0,0x00,0x00,0x00,0xff,0xfc,0x01,0x7f,0xf0,0x00,0x00,
  0x01,0x7f,0xf0,0x01,0xff,0xf8,0x00,0x00,0x01,0xff,0xe0,0xab,0xff,0xfc,0x00,0x00,0x03,0xff,0xc3,0xff,0xff,0xfc,0x00,0x00,
  0x03,0xff,0x87,0xff,0xff,0xfe,0x00,0x00,0x03,0xff,0x4f,0xff,0xff,0xfe,0x00,0x00,0x03,0xff,0x1f,0xff,0xff,0xff,0x00,0x00,
  0x03,0xff,0x0f,0xff,0xff,0xfe,0x00,0x00,0x03,0xfc,0x3f,0xff,0xff,0xff,0x00,0x00,0x03,0xf8,0x1f,0xff,0xff,0xff,0x00,0x00,
  0x03,0xf0,0xff,0xff,0xff,0xff,0xc0,0x00,0x00,0xe2,0xff,0xff,0xff,0xff,0xe0,0x00,0x01,0xe3,0xff,0xff,0xff,0xff,0xf0,0x00,
  0x00,0x07,0xff,0xff,0xff,0xff,0xf0,0x00,0x00,0x27,0xff,0xff,0xff,0xff,0xf8,0x00,0x00,0x0b,0xff,0xff,0xff,0xff,0xf8,0x00,
  0x00,0x0f,0xff,0xff,0xff,0xff,0xf8,0x00,0x00,0x0f,0xff,0xff,0xff,0xff,0xfc,0x00,0x00,0x0f,0xff,0xff,0xff,0xff,0xf8,0x00,
  0x00,0x07,0xff,0xff,0xff,0xff,0xf8,0x00,0x00,0x0f,0xff,0xff,0xff,0xff,0xf0,0x00,0x00,0x07,0xff,0xff,0xff,0xff,0xf0,0x00,
  0x00,0x03,0xff,0xff,0xff,0xff,0xe8,0x00,0x00,0x03,0xff,0xff,0xff,0xff,0xc0,0x00,0x00,0x00,0xff,0xff,0xff,0xff,0x80,0x00,
  0x00,0x00,0x2a,0xaa,0xaa,0xa8,0x00,0x00,0x00,0x00,0x00,0x00,0x00,0x02,0x00,0x00,0x00,0x00,0x00,0x00,0x00,0x00,0x00,0x00,
  0x00,0x00,0x00,0x00,0x00,0x00,0x00,0x00,0x00,0x00,0x00,0x00,0x00,0x00,0x00,0x00,0x00,0x00,0x00,0x00,0x00,0x00,0x00,0x00,
  0x00,0x00,0x00,0x00,0x00,0x00,0x00,0x00,0x00,0x00,0x00,0x00,0x00,0x00,0x00,0x00,0x00,0x00,0x00,0x00,0x00,0x00,0x00,0x00,
  0x00,0x00,0x00,0x00,0x00,0x00,0x00,0x00,0x00,0x00,0x00,0x00,0x00,0x00,0x00,0x00,0x00,0x00,0x00,0x00,0x00,0x00,0x00,0x00,
};
const uint8_t icon_clouds_80[] = {
  0x00,0x00,0x00,0x00,0x00,0x00,0x00,0x00,0x00,0x00,0x00,0x00,0x00,0x00,0x00,0x00,0x00,0x00,0x00,0x00,0x00,0x00,0x00,0x00,
  0x00,0x00,0x00,0x00,0x00,0x00,0x00,0x00,0x00,0x00,0x00,0x00,0x00,0x00,0x00,0x00,0x00,0x00,0x00,0x00,0x00,0x00,0x00,0x00,
  0x00,0x00,0x00,0x00,0x00,0x00,0x00,0x00,0x00,0x00,0x00,0x00,0x00,0x00,0x00,0x00,0x00,0x00,0x00,0x00,0x00,0x00,0x00,0x00,
  0x00,0x00,0x00,0x00,0x00,0x00,0x00,0x00,0x00,0x00,0x00,0x00,0x00,0x00,0x00,0x00,0x00,0x00,0x00,0x00,0x00,0x00,0x00,0x00,
  0x00,0x00,0x00,0x00,0x00,0x00,0x00,0x00,0x00,0x00,0x00,0x00,0x00,0x00,0x00,0x00,0x00,0x00,0x00,0x00,0x00,0x00,0x00,0x00,
  0x00,0x00,0x00,0x00,0x00,0x00,0x00,0x00,0x00,0x00,0x00,0x00,0x00,0x00,0x00,0x00,0x00,0x00,0x00,0x00,0x00,0x00,0x00,0x04,
  0x00,0x00,0x00,0x00,0x00,0x00,0x00,0x00,0x00,0x37,0xa0,0x00,0x00,0x00,0x00,0x00,0x00,0x00,0x01,0xfe,0xe8,0x00,0x00,0x00,
  0x00,0x00,0x00,0x00,0x01,0x7f,0xf8,0x00,0x00,0x00,0x00,0x00,0x00,0x00,0x07,0xff,0xfe,0x14,0x00,0x00,0x00,0x00,0x00,0x00,
  0x0b,0xff,0xfe,0xab,0x00,0x00,0x00,0x00,0x00,0x00,0x0f,0xff,0xff,0xff,0xe0,0x00,0x00,0x00,0x00,0x00,0x1f,0xff,0xff,0xff,
  0xf0,0x00,0x00,0x00,0x00,0x00,0x2f,0xff,0xff,0xff,0xf8,0x00,0x00,0x00,0x00,0x00,0x3f,0xff,0xff,0xff,0xec,0x00,0x00,0x00,
  0x00,0x00,0x3f,0xff,0xff,0xff,0x5a,0x00,0x00,0x00,0x00,0x00,0x3f,0xff,0xff,0xfa,0xa4,0x00,0x00,0x00,0x00,0x00,0x3f,0xff,
  0xff,0xc0,0x00,0x00,0x00,0x00,0x00,0x00,0x7f,0xff,0xff,0xa0,0x00,0x00,0x00,0x00,0x00,0x01,0xbf,0xff,0xff,0x01,0x54,0x00,
  0x00,0x00,0x00,0x06,0xff,0xff,0xfd,0x0a,0xf5,0x00,0x00,0x00,0x00,0x0f,0xff,0xfc,0x00,0x17,0xdf,0x80,0x00,0x00,0x00,0x1f,
  0xff,0xf5,0x00,0x2f,0xff,0xe0,0x00,0x00,0x00,0x3f,0xff,0xd0,0x00,0x7f,0xff,0xe8,0x00,0x00,0x00,0x7f,0xff,0xc0,0x11,0x7f,
  0xff,0xf0,0x00,0x00,0x00,0xbf,0xff,0x02,0xfe,0xff,0xff,0xfc,0x00,0x00,0x00,0xff,0xff,0x45,0xff,0xff,0xff,0xfc,0x00,0x00,
  0x00,0xff,0xfe,0x0f,0xff,0xff,0xff,0xfc,0x00,0x00,0x00,0xff,0xfd,0x1f,0xff,0xff,0xff,0xfe,0x00,0x00,0x00,0xff,0xfc,0x2f,
  0xff,0xff,0xff,0xfd,0x00,0x00,0x01,0xff,0xfc,0x3f,0xff,0xff,0xff,0xfe,0x00,0x00,0x00,0xff,0xf8,0x7f,0xff,0xff,0xff,0xff,
  0x00,0x00,0x00,0xff,0xf4,0x3f,0xff,0xff,0xff,0xfe,0x00,0x00,0x00,0xff,0xc0,0xbf,0xff,0xff,0xff,0xff,0x00,0x00,0x00,0xff,
  0xa0,0xff,0xff,0xff,0xff,0xff,0x40,0x00,0x00,0x7f,0x03,0x7f,0xff,0xff,0xff,0xff,0xc0,0x00,0x00,0x7e,0x85,0xff,0xff,0xff,
  0xff,0xff,0xf0,0x00,0x00,0x3d,0x1f,0xff,0xff,0xff,0xff,0xff,0xf0,0x00,0x00,0x1c,0x1f,0xff,0xff,0xff,0xff,0xff,0xfc,0x00,
  0x00,0x08,0x3f,0xff,0xff,0xff,0xff,0xff,0xf8,0x00,0x00,0x04,0x7f,0xff,0xff,0xff,0xff,0xff,0xfc,0x00,0x00,0x00,0x7f,0xff,
  0xff,0xff,0xff,0xff,0xfe,0x00,0x00,0x00,0xbf,0xff,0xff,0xff,0xff,0xff,0xfd,0x00,0x00,0x00,0xff,0xff,0xff,0xff,0xff,0xff,
  0xfe,0x00,0x00,0x00,0xff,0xff,0xff,0xff,0xff,0xff,0xfd,0x00,0x00,0x00,0xff,0xff,0xff,0xff,0xff,0xff,0xfe,0x00,0x00,0x00,
  0xbf,0xff,0xff,0xff,0xff,0xff,0xfd,0x00,0x00,0x00,0xff,0xff,0xff,0xff,0xff,0xff,0xfe,0x00,0x00,0x00,0x7f,0xff,0xff,0xff,
  0xff,0xff,0xfc,0x00,0x00,0x00,0xbf,0xff,0xff,0xff,0xff,0xff,0xfc,0x00,0x00,0x00,0x7f,0xff,0xff,0xff,0xff,0xff,0xf8,0x00,
  0x00,0x00,0x3f,0xff,0xff,0xff,0xff,0xff,0xf4,0x00,0x00,0x00,0x2f,0xff,0xff,0xff,0xff,0xff,0xf0,0x00,0x00,0x00,0x1f,0xff,
  0xff,0xff,0xff,0xff,0xc0,0x00,0x00,0x00,0x07,0xff,0xff,0xff,0xff,0xff,0xa0,0x00,0x00,0x00,0x00,0x95,0x55,0x55,0x55,0x54,
  0x00,0x00,0x00,0x00,0x00,0x40,0x20,0x88,0x88,0x80,0x00,0x00,0x00,0x00,0x00,0x09,0x02,0x00,0x00,0x08,0x00,0x00,0x00,0x00,
  0x00,0x00,0x00,0x00,0x00,0x00,0x00,0x00,0x00,0x00,0x00,0x00,0x00,0x00,0x00,0x00,0x00,0x00,0x00,0x00,0x00,0x00,0x00,0x00,
  0x00,0x00,0x00,0x00,0x00,0x00,0x00,0x00,0x00,0x00,0x00,0x00,0x00,0x00,0x00,0x00,0x00,0x00,0x00,0x00,0x00,0x00,0x00,0x00,
  0x00,0x00,0x00,0x00,0x00,0x00,0x00,0x00,0x00,0x00,0x00,0x00,0x00,0x00,0x00,0x00,0x00,0x00,0x00,0x00,0x00,0x00,0x00,0x00,
  0x00,0x00,0x00,0x00,0x00,0x00,0x00,0x00,0x00,0x00,0x00,0x00,0x00,0x00,0x00,0x00,0x00,0x00,0x00,0x00,0x00,0x00,0x00,0x00,
  0x00,0x00,0x00,0x00,0x00,0x00,0x00,0x00,0x00,0x00,0x00,0x00,0x00,0x00,0x00,0x00,0x00,0x00,0x00,0x00,0x00,0x00,0x00,0x00,
  0x00,0x00,0x00,0x00,0x00,0x00,0x00,0x00,
};
const uint8_t icon_clouds_90[] = {
  0x00,0x00,0x00,0x00,0x00,0x00,0x00,0x00,0x00,0x00,0x00,0x00,0x00,0x00,0x00,0x00,0x00,0x00,0x00,0x00,0x00,0x00,0x00,0x00,
  0x00,0x00,0x00,0x00,0x00,0x00,0x00,0x00,0x00,0x00,0x00,0x00,0x00,0x00,0x00,0x00,0x00,0x00,0x00,0x00,0x00,0x00,0x00,0x00,
  0x00,0x00,0x00,0x00,0x00,0x00,0x00,0x00,0x00,0x00,0x00,0x00,0x00,0x00,0x00,0x00,0x00,0x00,0x00,0x00,0x00,0x00,0x00,0x00,
  0x00,0x00,0x00,0x00,0x00,0x00,0x00,0x00,0x00,0x00,0x00,0x00,0x00,0x00,0x00,0x00,0x00,0x00,0x00,0x00,0x00,0x00,0x00,0x00,
  0x00,0x00,0x00,0x00,0x00,0x00,0x00,0x00,0x00,0x00,0x00,0x00,0x00,0x00,0x00,0x00,0x00,0x00,0x00,0x00,0x00,0x00,0x00,0x00,
  0x00,0x00,0x00,0x00,0x00,0x00,0x00,0x00,0x00,0x00,0x00,0x00,0x00,0x00,0x00,0x00,0x00,0x00,0x00,0x00,0x00,0x00,0x00,0x00,
  0x00,0x00,0x00,0x00,0x00,0x00,0x00,0x00,0x00,0x00,0x00,0x00,0x00,0x00,0x00,0x00,0x00,0x00,0x00,0x00,0x00,0x00,0x00,0x00,
  0x00,0x00,0x00,0x00,0x00,0x00,0x00,0x00,0x00,0x00,0x00,0x00,0x00,0x00,0x00,0x00,0x00,0x00,0x00,0x00,0x00,0x00,0x00,0x00,
  0x00,0x00,0x00,0x01,0x50,0x00,0x00,0x00,0x00,0x00,0x00,0x00,0x00,0x00,0x00,0x05,0x6a,0x00,0x00,0x00,0x00,0x00,0x00,0x00,
  0x00,0x00,0x00,0x3f,0xff,0x40,0x00,0x00,0x00,0x00,0x00,0x00,0x00,0x00,0x00,0x2f,0xff,0x80,0x00,0x00,0x00,0x00,0x00,0x00,
  0x00,0x00,0x00,0xff,0xff,0xe0,0x20,0x00,0x00,0x00,0x00,0x00,0x00,0x00,0x01,0x7f,0xff,0xf9,0xa8,0x00,0x00,0x00,0x00,0x00,
  0x00,0x00,0x03,0xff,0xff,0xf6,0xff,0x00,0x00,0x00,0x00,0x00,0x00,0x00,0x03,0xff,0xff,0xff,0xff,0xc0,0x00,0x00,0x00,0x00,
  0x00,0x00,0x05,0xff,0xff,0xff,0xff,0xa0,0x00,0x00,0x00,0x00,0x00,0x00,0x07,0xff,0xff,0xff,0xff,0xf0,0x00,0x00,0x00,0x00,
  0x00,0x00,0x0f,0xff,0xff,0xff,0xff,0xf0,0x00,0x00,0x00,0x00,0x00,0x00,0x0f,0xff,0xff,0xff,0xfa,0xa8,0x00,0x00,0x00,0x00,
  0x00,0x00,0x07,0xff,0xff,0xff,0xea,0xa8,0x00,0x00,0x00,0x00,0x00,0x00,0x0f,0xff,0xff,0xff,0x20,0x00,0x00,0x00,0x00,0x00,
  0x00,0x00,0x0f,0xff,0xff,0xfe,0x80,0x00,0x00,0x00,0x00,0x00,0x00,0x00,0x2f,0xff,0xff,0xfa,0x02,0x40,0x00,0x00,0x00,0x00,
  0x00,0x00,0xff,0xff,0xff,0xf0,0x09,0xb4,0x00,0x00,0x00,0x00,0x00,0x02,0xff,0xff,0xf5,0x54,0x2e,0xea,0x80,0x00,0x00,0x00,
  0x00,0x07,0xff,0xff,0x88,0x00,0x7f,0xff,0x00,0x00,0x00,0x00,0x00,0x0f,0xff,0xfe,0xc0,0x01,0x7f,0xff,0xc0,0x00,0x00,0x00,
  0x00,0x1f,0xff,0xfd,0x00,0x02,0xff,0xff,0xf0,0x00,0x00,0x00,0x00,0x1f,0xff,0xf8,0x01,0x0b,0xff,0xff,0xe0,0x00,0x00,0x00,
  0x00,0x7f,0xff,0xe8,0x1e,0xef,0xff,0xff,0xf8,0x00,0x00,0x00,0x00,0x3f,0xff,0xe0,0x6f,0xff,0xff,0xff,0xfc,0x00,0x00,0x00,
  0x00,0x7f,0xff,0xd1,0x7f,0xff,0xff,0xff,0xfc,0x00,0x00,0x00,0x00,0x7f,0xff,0xa1,0xff,0xff,0xff,0xff,0xfc,0x00,0x00,0x00,
  0x00,0x7f,0xff,0x82,0xff,0xff,0xff,0xff,0xfe,0x00,0x00,0x00,0x00,0xff,0xff,0x87,0xff,0xff,0xff,0xff,0xfd,0x00,0x00,0x00,
  0x00,0x7f,0xff,0x05,0xff,0xff,0xff,0xff,0xfe,0x00,0x00,0x00,0x00,0x7f,0xff,0x0b,0xff,0xff,0xff,0xff,0xff,0x00,0x00,0x00,
  0x00,0xff,0xfd,0x0f,0xff,0xff,0xff,0xff,0xfe,0x00,0x00,0x00,0x00,0x7f,0xf4,0x0b,0xff,0xff,0xff,0xff,0xff,0x00,0x00,0x00,
  0x00,0x7f,0xf0,0x2f,0xff,0xff,0xff,0xff,0xff,0x00,0x00,0x00,0x00,0x3f,0xd0,0x5f,0xff,0xff,0xff,0xff,0xff,0xc0,0x00,0x00,
  0x00,0x5f,0xc0,0xbf,0xff,0xff,0xff,0xff,0xff,0xe8,0x00,0x00,0x00,0x2f,0x42,0xff,0xff,0xff,0xff,0xff,0xff,0xf0,0x00,0x00,
  0x00,0x1f,0x83,0xff,0xff,0xff,0xff,0xff,0xff,0xf8,0x00,0x00,0x00,0x0e,0x0b,0xff,0xff,0xff,0xff,0xff,0xff,0xfc,0x00,0x00,
  0x00,0x03,0x0f,0xff,0xff,0xff,0xff,0xff,0xff,0xfe,0x00,0x00,0x00,0x02,0x0f,0xff,0xff,0xff,0xff,0xff,0xff,0xfc,0x00,0x00,
  0x00,0x00,0x1f,0xff,0xff,0xff,0xff,0xff,0xff,0xff,0x00,0x00,0x00,0x00,0x2f,0xff,0xff,0xff,0xff,0xff,0xff,0xfe,0x00,0x00,
  0x00,0x00,0x3f,0xff,0xff,0xff,0xff,0xff,0xff,0xfe,0x80,0x00,0x00,0x00,0x2f,0xff,0xff,0xff,0xff,0xff,0xff,0xff,0x00,0x00,
  0x00,0x00,0x3f,0xff,0xff,0xff,0xff,0xff,0xff,0xfe,0x80,0x00,0x00,0x00,0x3f,0xff,0xff,0xff,0xff,0xff,0xff,0xff,0x00,0x00,
  0x00,0x00,0x2f,0xff,0xff,0xff,0xff,0xff,0xff,0xfe,0x80,0x00,0x00,0x00,0x3f,0xff,0xff,0xff,0xff,0xff,0xff,0xfe,0x00,0x00,
  0x00,0x00,0x1f,0xff,0xff,0xff,0xff,0xff,0xff,0xfe,0x80,0x00,0x00,0x00,0x2f,0xff,0xff,0xff,0xff,0xff,0xff,0xfc,0x00,0x00,
  0x00,0x00,0x1f,0xff,0xff,0xff,0xff,0xff,0xff,0xfe,0x00,0x00,0x00,0x00,0x0f,0xff,0xff,0xff,0xff,0xff,0xff,0xf8,0x00,0x00,
  0x00,0x00,0x0f,0xff,0xff,0xff,0xff,0xff,0xff,0xf8,0x00,0x00,0x00,0x00,0x03,0xff,0xff,0xff,0xff,0xff,0xff,0xe4,0x00,0x00,
  0x00,0x00,0x05,0xff,0xff,0xff,0xff,0xff,0xff,0xd0,0x00,0x00,0x00,0x00,0x01,0xbf,0xff,0xff,0xff,0xff,0xff,0x40,0x00,0x00,
  0x00,0x00,0x00,0x54,0x94,0xaa,0xaa,0xaa,0xa8,0x80,0x00,0x00,0x00,0x00,0x00,0x0a,0x4a,0x44,0x44,0x44,0x44,0x00,0x00,0x00,
  0x00,0x00,0x00,0x00,0x00,0x00,0x10,0x10,0x00,0x00,0x00,0x00,0x00,0x00,0x00,0x00,0x00,0x00,0x00,0x00,0x00,0x00,0x00,0x00,
  0x00,0x00,0x00,0x00,0x00,0x00,0x00,0x00,0x00,0x00,0x00,0x00,0x00,0x00,0x00,0x00,0x00,0x00,0x00,0x00,0x00,0x00,0x00,0x00,
  0x00,0x00,0x00,0x00,0x00,0x00,0x00,0x00,0x00,0x00,0x00,0x00,0x00,0x00,0x00,0x00,0x00,0x00,0x00,0x00,0x00,0x00,0x00,0x00,
  0x00,0x00,0x00,0x00,0x00,0x00,0x00,0x00,0x00,0x00,0x00,0x00,0x00,0x00,0x00,0x00,0x00,0x00,0x00,0x00,0x00,0x00,0x00,0x00,
  0x00,0x00,0x00,0x00,0x00,0x00,0x00,0x00,0x00,0x00,0x00,0x00,0x00,0x00,0x00,0x00,0x00,0x00,0x00,0x00,0x00,0x00,0x00,0x00,
  0x00,0x00,0x00,0x00,0x00,0x00,0x00,0x00,0x00,0x00,0x00,0x00,0x00,0x00,0x00,0x00,0x00,0x00,0x00,0x00,0x00,0x00,0x00,0x00,
  0x00,0x00,0x00,0x00,0x00,0x00,0x00,0x00,0x00,0x00,0x00,0x00,0x00,0x00,0x00,0x00,0x00,0x00,0x00,0x00,0x00,0x00,0x00,0x00,
  0x00,0x00,0x00,0x00,0x00,0x00,0x00,0x00,0x00,0x00,0x00,0x00,0x00,0x00,0x00,0x00,0x00,0x00,0x00,0x00,0x00,0x00,0x00,0x00,
};
const uint8_t icon_partly_cloudy_day_60[] = {
  0x00,0x00,0x00,0x00,0x00,0x00,0x00,0x00,0x00,0x00,0x00,0x00,0x00,0x00,0x00,0x00,0x00,0x00,0x00,0x00,0x00,0x00,0x00,0x00,
  0x00,0x00,0x00,0x00,0x00,0x00,0x00,0x00,0x00,0x00,0x00,0x00,0x00,0x00,0x00,0x00,0x00,0x00,0x00,0x00,0x00,0x00,0x00,0x00,
  0x00,0x00,0x00,0x00,0x00,0x40,0x00,0x00,0x00,0x00,0x00,0x00,0x01,0xa0,0x00,0x00,0x00,0x00,0x00,0x00,0x01,0xe0,0x00,0x00,
  0x00,0x00,0x00,0x00,0x01,0xc0,0x00,0x00,0x00,0x00,0x00,0x1c,0x01,0xe0,0x00,0x00,0x00,0x00,0x00,0x1c,0x01,0xc0,0x00,0x00,
  0x00,0x00,0x00,0x1f,0x01,0xe0,0x1c,0x00,0x00,0x00,0x00,0x1f,0x01,0x40,0x3c,0x00,0x00,0x00,0x00,0x07,0x00,0x00,0x7c,0x00,
  0x00,0x00,0x00,0x07,0x80,0x00,0xf8,0x00,0x00,0x00,0x00,0x02,0x02,0x40,0xe8,0x00,0x00,0x00,0x00,0x00,0x1d,0xc0,0xb0,0x00,
  0x00,0x00,0x00,0x00,0x6f,0xf8,0x00,0x00,0x00,0x00,0x00,0x00,0xbf,0xfc,0x00,0x00,0x00,0x00,0x00,0x00,0xff,0xfe,0x00,0x00,
  0x00,0x00,0x02,0xa0,0xff,0xff,0x00,0x00,0x00,0x00,0x1f,0xe8,0x3f,0xff,0x80,0x00,0x00,0x00,0x7f,0xfe,0x1f,0xff,0x80,0x80,
  0x00,0x01,0xff,0xff,0x0f,0xff,0x8f,0xf0,0x00,0x01,0xff,0xff,0x87,0xff,0xc7,0xf0,0x00,0x03,0xff,0xff,0xc7,0xff,0x8f,0xe0,
  0x00,0x07,0xff,0xff,0xc0,0xbf,0xc2,0x00,0x00,0x0f,0xff,0xff,0xe0,0x2f,0x80,0x80,0x00,0x0f,0xff,0xff,0xf0,0x0f,0xc0,0x00,
  0x00,0x0f,0xff,0xff,0xff,0x83,0x80,0x00,0x00,0x0f,0xff,0xff,0xff,0xe1,0x00,0x00,0x00,0x1f,0xff,0xff,0xff,0xe1,0x00,0x00,
  0x00,0x1f,0xff,0xff,0xff,0xf8,0x10,0x00,0x00,0x5f,0xff,0xff,0xff,0xf8,0x28,0x00,0x00,0x7f,0xff,0xff,0xff,0xfc,0x7e,0x00,
  0x01,0xff,0xff,0xff,0xff,0xfe,0x3f,0x00,0x01,0xff,0xff,0xff,0xff,0xfc,0x1f,0x00,0x03,0xff,0xff,0xff,0xff,0xfe,0x0f,0x00,
  0x03,0xff,0xff,0xff,0xff,0xfe,0x00,0x80,0x03,0xff,0xff,0xff,0xff,0xfc,0x00,0x00,0x07,0xff,0xff,0xff,0xff,0xfe,0x00,0x00,
  0x03,0xff,0xff,0xff,0xff,0xfc,0x00,0x00,0x03,0xff,0xff,0xff,0xff,0xfc,0x00,0x00,0x03,0xff,0xff,0xff,0xff,0xf8,0x00,0x00,
  0x01,0xff,0xff,0xff,0xff,0xf0,0x00,0x00,0x00,0xff,0xff,0xff,0xff,0xe0,0x00,0x00,0x00,0x7f,0xff,0xff,0xff,0xc0,0x00,0x00,
  0x00,0x05,0x55,0x2a,0xa8,0x00,0x00,0x00,0x00,0x00,0x00,0x00,0x02,0x00,0x00,0x00,0x00,0x00,0x00,0x00,0x00,0x00,0x00,0x00,
  0x00,0x00,0x00,0x00,0x00,0x00,0x00,0x00,0x00,0x00,0x00,0x00,0x00,0x00,0x00,0x00,0x00,0x00,0x00,0x00,0x00,0x00,0x00,0x00,
  0x00,0x00,0x00,0x00,0x00,0x00,0x00,0x00,0x00,0x00,0x00,0x00,0x00,0x00,0x00,0x00,0x00,0x00,0x00,0x00,0x00,0x00,0x00,0x00,
  0x00,0x00,0x00,0x00,0x00,0x00,0x00,0x00,0x00,0x00,0x00,0x00,0x00,0x00,0x00,0x00,0x00,0x00,0x00,0x00,0x00,0x00,0x00,0x00,
};
const uint8_t icon_partly_cloudy_day_80[] = {
  0x00,0x00,0x00,0x00,0x00,0x00,0x00,0x00,0x00,0x00,0x00,0x00,0x00,0x00,0x00,0x00,0x00,0x00,0x00,0x00,0x00,0x00,0x00,0x00,
  0x00,0x00,0x00,0x00,0x00,0x00,0x00,0x00,0x00,0x00,0x00,0x00,0x00,0x00,0x00,0x00,0x00,0x00,0x00,0x00,0x00,0x00,0x00,0x00,
  0x00,0x00,0x00,0x00,0x00,0x00,0x00,0x00,0x00,0x00,0x00,0x00,0x00,0x00,0x00,0x00,0x00,0x00,0x00,0x00,0x00,0x00,0x00,0x00,
  0x00,0x00,0x00,0x00,0x00,0x00,0x00,0x00,0x00,0x00,0x00,0x00,0x00,0x00,0x02,0x00,0x00,0x00,0x00,0x00,0x00,0x00,0x00,0x00,
  0x05,0x00,0x00,0x00,0x00,0x00,0x00,0x00,0x00,0x00,0x0f,0x80,0x00,0x00,0x00,0x00,0x00,0x00,0x00,0x00,0x0f,0x80,0x00,0x00,
  0x00,0x00,0x00,0x00,0x00,0x00,0x0f,0x40,0x00,0x00,0x00,0x00,0x00,0x00,0x05,0x00,0x0f,0x80,0x00,0x00,0x00,0x00,0x00,0x00,
  0x0f,0x00,0x0f,0x40,0x00,0x00,0x00,0x00,0x00,0x00,0x0f,0x80,0x0f,0x00,0x00,0x00,0x00,0x00,0x00,0x00,0x0f,0xc0,0x0f,0x80,
  0x0f,0x00,0x00,0x00,0x00,0x00,0x0f,0xc0,0x0e,0x00,0x0e,0x80,0x00,0x00,0x00,0x00,0x07,0xe0,0x02,0x80,0x3f,0x00,0x00,0x00,
  0x00,0x00,0x03,0xe8,0x00,0x00,0x5f,0x00,0x00,0x00,0x00,0x00,0x02,0xe0,0x00,0x00,0xfe,0x80,0x00,0x00,0x00,0x00,0x01,0xd0,
  0x00,0x00,0xfd,0x00,0x00,0x00,0x00,0x00,0x00,0x00,0x7e,0x80,0xf8,0x00,0x00,0x00,0x00,0x00,0x00,0x01,0xab,0x40,0x68,0x00,
  0x00,0x00,0x00,0x00,0x00,0x0f,0xff,0xf0,0x10,0x00,0x00,0x00,0x00,0x00,0x00,0x0b,0xff,0xf8,0x00,0x00,0x00,0x00,0x00,0x00,
  0x00,0x3f,0xff,0xfc,0x00,0x00,0x00,0x00,0x00,0x00,0x00,0x2f,0xff,0xfe,0x80,0x00,0x00,0x00,0x00,0x05,0x50,0x1f,0xff,0xff,
  0x00,0x00,0x00,0x00,0x00,0x2f,0xd4,0x07,0xff,0xff,0x00,0x00,0x00,0x00,0x00,0xfd,0xfe,0x83,0xff,0xff,0x80,0x00,0x00,0x00,
  0x03,0xff,0xff,0x02,0xff,0xff,0x40,0x54,0x00,0x00,0x06,0xff,0xff,0xe1,0xff,0xff,0xc3,0xfe,0x00,0x00,0x0f,0xff,0xff,0xe8,
  0x7f,0xff,0xc3,0xff,0x00,0x00,0x1f,0xff,0xff,0xf0,0x7f,0xff,0xc3,0xff,0x00,0x00,0x3f,0xff,0xff,0xf8,0x3f,0xff,0xc3,0xb5,
  0x00,0x00,0x3f,0xff,0xff,0xfc,0x02,0xff,0xc0,0xd4,0x00,0x00,0x7f,0xff,0xff,0xfe,0x09,0xff,0xc0,0x00,0x00,0x00,0xff,0xff,
  0xff,0xfd,0x00,0x1f,0xc0,0x20,0x00,0x00,0xff,0xff,0xff,0xfe,0x80,0x1f,0x80,0x00,0x00,0x00,0xff,0xff,0xff,0xff,0xfc,0x07,
  0xc0,0x00,0x00,0x01,0xff,0xff,0xff,0xff,0xff,0x03,0x40,0x00,0x00,0x00,0xff,0xff,0xff,0xff,0xff,0xc1,0x00,0x00,0x00,0x01,
  0xff,0xff,0xff,0xff,0xff,0xc2,0x00,0x00,0x00,0x02,0xff,0xff,0xff,0xff,0xff,0xf0,0x04,0x00,0x00,0x03,0xff,0xff,0xff,0xff,
  0xff,0xf0,0x14,0x00,0x00,0x0f,0xff,0xff,0xff,0xff,0xff,0xf8,0x3f,0x00,0x00,0x1f,0xff,0xff,0xff,0xff,0xff,0xf8,0x2f,0x40,
  0x00,0x3f,0xff,0xff,0xff,0xff,0xff,0xfc,0x3f,0xc0,0x00,0x7f,0xff,0xff,0xff,0xff,0xff,0xfc,0x1f,0xe0,0x00,0xff,0xff,0xff,
  0xff,0xff,0xff,0xfc,0x07,0xf0,0x00,0xff,0xff,0xff,0xff,0xff,0xff,0xfc,0x03,0xc0,0x00,0xff,0xff,0xff,0xff,0xff,0xff,0xfd,
  0x00,0x50,0x00,0xff,0xff,0xff,0xff,0xff,0xff,0xfc,0x00,0x80,0x01,0xff,0xff,0xff,0xff,0xff,0xff,0xfc,0x00,0x00,0x00,0xff,
  0xff,0xff,0xff,0xff,0xff,0xfc,0x00,0x00,0x00,0xff,0xff,0xff,0xff,0xff,0xff,0xf8,0x00,0x00,0x00,0xff,0xff,0xff,0xff,0xff,
  0xff,0xfc,0x00,0x00,0x00,0xff,0xff,0xff,0xff,0xff,0xff,0xf0,0x00,0x00,0x00,0xff,0xff,0xff,0xff,0xff,0xff,0xf0,0x00,0x00,
  0x00,0x3f,0xff,0xff,0xff,0xff,0xff,0xe0,0x00,0x00,0x00,0x5f,0xff,0xff,0xff,0xff,0xff,0xc0,0x00,0x00,0x00,0x1f,0xff,0xff,
  0xff,0xff,0xff,0x10,0x00,0x00,0x00,0x07,0xff,0xff,0xff,0xff,0xfe,0x80,0x00,0x00,0x00,0x00,0x92,0x52,0xaa,0xaa,0xa0,0x00,
  0x00,0x00,0x00,0x00,0x49,0x08,0x00,0x00,0x10,0x00,0x00,0x00,0x00,0x00,0x00,0x21,0x24,0x92,0x40,0x00,0x00,0x00,0x00,0x00,
  0x00,0x00,0x00,0x00,0x00,0x00,0x00,0x00,0x00,0x00,0x00,0x00,0x00,0x00,0x00,0x00,0x00,0x00,0x00,0x00,0x00,0x00,0x00,0x00,
  0x00,0x00,0x00,0x00,0x00,0x00,0x00,0x00,0x00,0x00,0x00,0x00,0x00,0x00,0x00,0x00,0x00,0x00,0x00,0x00,0x00,0x00,0x00,0x00,
  0x00,0x00,0x00,0x00,0x00,0x00,0x00,0x00,0x00,0x00,0x00,0x00,0x00,0x00,0x00,0x00,0x00,0x00,0x00,0x00,0x00,0x00,0x00,0x00,
  0x00,0x00,0x00,0x00,0x00,0x00,0x00,0x00,0x00,0x00,0x00,0x00,0x00,0x00,0x00,0x00,0x00,0x00,0x00,0x00,0x00,0x00,0x00,0x00,
  0x00,0x00,0x00,0x00,0x00,0x00,0x00,0x00,0x00,0x00,0x00,0x00,0x00,0x00,0x00,0x00,0x00,0x00,0x00,0x00,0x00,0x00,0x00,0x00,
  0x00,0x00,0x00,0x00,0x00,0x00,0x00,0x00,
};
const uint8_t icon_partly_cloudy_day_90[] = {
  0x00,0x00,0x00,0x00,0x00,0x00,0x00,0x00,0x00,0x00,0x00,0x00,0x00,0x00,0x00,0x00,0x00,0x00,0x00,0x00,0x00,0x00,0x00,0x00,
  0x00,0x00,0x00,0x00,0x00,0x00,0x00,0x00,0x00,0x00,0x00,0x00,0x00,0x00,0x00,0x00,0x00,0x00,0x00,0x00,0x00,0x00,0x00,0x00,
  0x00,0x00,0x00,0x00,0x00,0x00,0x00,0x00,0x00,0x00,0x00,0x00,0x00,0x00,0x00,0x00,0x00,0x00,0x00,0x00,0x00,0x00,0x00,0x00,
  0x00,0x00,0x00,0x00,0x00,0x00,0x00,0x00,0x00,0x00,0x00,0x00,0x00,0x00,0x00,0x00,0x00,0x00,0x00,0x00,0x00,0x00,0x00,0x00,
  0x00,0x00,0x00,0x00,0x00,0x00,0x00,0x00,0x00,0x00,0x00,0x00,0x00,0x00,0x00,0x00,0x00,0x00,0x00,0x04,0x00,0x00,0x00,0x00,
  0x00,0x00,0x00,0x00,0x00,0x00,0x00,0x15,0x00,0x00,0x00,0x00,0x00,0x00,0x00,0x00,0x00,0x00,0x00,0x1e,0x00,0x00,0x00,0x00,
  0x00,0x00,0x00,0x00,0x00,0x00,0x00,0x3f,0x80,0x00,0x00,0x00,0x00,0x00,0x00,0x00,0x00,0x00,0x00,0x1e,0x00,0x00,0x00,0x00,
  0x00,0x00,0x00,0x00,0x00,0x00,0x00,0x3f,0x80,0x00,0x00,0x00,0x00,0x00,0x00,0x00,0x00,0x74,0x00,0x1e,0x00,0x00,0x00,0x00,
  0x00,0x00,0x00,0x00,0x00,0xf8,0x00,0x3f,0x40,0x00,0x00,0x00,0x00,0x00,0x00,0x00,0x00,0x7c,0x00,0x1e,0x00,0x00,0x00,0x00,
  0x00,0x00,0x00,0x00,0x00,0xfe,0x00,0x3f,0x00,0x07,0x80,0x00,0x00,0x00,0x00,0x00,0x00,0x7e,0x80,0x1d,0x00,0x0f,0x40,0x00,
  0x00,0x00,0x00,0x00,0x00,0x5f,0x00,0x14,0x00,0x1f,0x80,0x00,0x00,0x00,0x00,0x00,0x00,0x3f,0x80,0x02,0x00,0x3f,0x80,0x00,
  0x00,0x00,0x00,0x00,0x00,0x1f,0x00,0x00,0x00,0x7f,0x40,0x00,0x00,0x00,0x00,0x00,0x00,0x17,0x80,0x00,0x00,0xfd,0x00,0x00,
  0x00,0x00,0x00,0x00,0x00,0x0c,0x00,0x24,0x00,0xfe,0x80,0x00,0x00,0x00,0x00,0x00,0x00,0x01,0x02,0xda,0x00,0xfa,0x00,0x00,
  0x00,0x00,0x00,0x00,0x00,0x00,0x15,0xfd,0x80,0x54,0x00,0x00,0x00,0x00,0x00,0x00,0x00,0x00,0x2f,0xff,0xf0,0x20,0x00,0x00,
  0x00,0x00,0x00,0x00,0x00,0x00,0x5f,0xff,0xe8,0x00,0x00,0x00,0x00,0x00,0x00,0x00,0x00,0x01,0x7f,0xff,0xfa,0x00,0x00,0x00,
  0x00,0x00,0x00,0x00,0x00,0x00,0xff,0xff,0xfc,0x00,0x00,0x00,0x00,0x00,0x00,0x00,0x00,0x01,0x7f,0xff,0xff,0x00,0x00,0x00,
  0x00,0x00,0x00,0x01,0x7e,0x80,0x7f,0xff,0xfe,0x80,0x00,0x00,0x00,0x00,0x00,0x0a,0xdb,0x50,0x1f,0xff,0xff,0x00,0x00,0x00,
  0x00,0x00,0x00,0x2f,0xff,0xf8,0x0f,0xff,0xff,0x80,0x00,0x00,0x00,0x00,0x00,0x5f,0xff,0xfa,0x0b,0xff,0xff,0xc0,0x95,0x00,
  0x00,0x00,0x01,0xff,0xff,0xff,0x07,0xff,0xff,0xa1,0x7f,0x80,0x00,0x00,0x01,0x7f,0xff,0xff,0x81,0xff,0xff,0xc1,0xff,0xc0,
  0x00,0x00,0x07,0xff,0xff,0xff,0xa2,0xff,0xff,0xc3,0xff,0xc0,0x00,0x00,0x05,0xff,0xff,0xff,0xc1,0xff,0xff,0xc1,0xff,0x40,
  0x00,0x00,0x0f,0xff,0xff,0xff,0xf0,0x57,0xff,0xe1,0x6a,0x80,0x00,0x00,0x17,0xff,0xff,0xff,0xe8,0x0b,0xff,0xc0,0x94,0x00,
  0x00,0x00,0x1f,0xff,0xff,0xff,0xf0,0x00,0xbf,0xc0,0x20,0x00,0x00,0x00,0x3f,0xff,0xff,0xff,0xf8,0x00,0x7f,0xc0,0x00,0x00,
  0x00,0x00,0x3f,0xff,0xff,0xff,0xfc,0x90,0x17,0xc0,0x00,0x00,0x00,0x00,0x3f,0xff,0xff,0xff,0xff,0xea,0x0f,0xa0,0x00,0x00,
  0x00,0x00,0x7f,0xff,0xff,0xff,0xff,0xfa,0x03,0x80,0x00,0x00,0x00,0x00,0x3f,0xff,0xff,0xff,0xff,0xfe,0x85,0x40,0x00,0x00,
  0x00,0x00,0xbf,0xff,0xff,0xff,0xff,0xff,0x82,0x00,0x00,0x00,0x00,0x00,0x7f,0xff,0xff,0xff,0xff,0xff,0xe0,0x00,0x00,0x00,
  0x00,0x00,0xff,0xff,0xff,0xff,0xff,0xff,0xe0,0x0a,0x00,0x00,0x00,0x01,0x7f,0xff,0xff,0xff,0xff,0xff,0xf0,0x2a,0x00,0x00,
  0x00,0x07,0xff,0xff,0xff,0xff,0xff,0xff,0xf8,0x1f,0x80,0x00,0x00,0x0f,0xff,0xff,0xff,0xff,0xff,0xff,0xf4,0x3f,0xd0,0x00,
  0x00,0x1b,0xff,0xff,0xff,0xff,0xff,0xff,0xf8,0x1f,0xe0,0x00,0x00,0x2f,0xff,0xff,0xff,0xff,0xff,0xff,0xfc,0x2f,0xf4,0x00,
  0x00,0x5f,0xff,0xff,0xff,0xff,0xff,0xff,0xfc,0x05,0xf0,0x00,0x00,0x7f,0xff,0xff,0xff,0xff,0xff,0xff,0xfc,0x03,0xf8,0x00,
  0x00,0x7f,0xff,0xff,0xff,0xff,0xff,0xff,0xfa,0x01,0x50,0x00,0x00,0x7f,0xff,0xff,0xff,0xff,0xff,0xff,0xfc,0x00,0x40,0x00,
  0x00,0x7f,0xff,0xff,0xff,0xff,0xff,0xff,0xfc,0x00,0x20,0x00,0x00,0xff,0xff,0xff,0xff,0xff,0xff,0xff,0xfa,0x00,0x00,0x00,
  0x00,0x7f,0xff,0xff,0xff,0xff,0xff,0xff,0xfc,0x00,0x00,0x00,0x00,0xff,0xff,0xff,0xff,0xff,0xff,0xff,0xf8,0x00,0x00,0x00,
  0x00,0x7f,0xff,0xff,0xff,0xff,0xff,0xff,0xf8,0x00,0x00,0x00,0x00,0x7f,0xff,0xff,0xff,0xff,0xff,0xff,0xf4,0x00,0x00,0x00,
  0x00,0x5f,0xff,0xff,0xff,0xff,0xff,0xff,0xe0,0x00,0x00,0x00,0x00,0x3f,0xff,0xff,0xff,0xff,0xff,0xff,0xe8,0x00,0x00,0x00,
  0x00,0x1f,0xff,0xff,0xff,0xff,0xff,0xff,0xa0,0x00,0x00,0x00,0x00,0x1f,0xff,0xff,0xff,0xff,0xff,0xff,0x80,0x00,0x00,0x00,
  0x00,0x07,0xff,0xff,0xff,0xff,0xff,0xfe,0x40,0x00,0x00,0x00,0x00,0x02,0xff,0xff,0xff,0xff,0xff,0xfa,0x00,0x00,0x00,0x00,
  0x00,0x00,0xaa,0xaa,0xaa,0xaa,0xaa,0xa4,0x00,0x00,0x00,0x00,0x00,0x00,0x12,0x44,0x49,0x24,0x92,0x40,0x00,0x00,0x00,0x00,
  0x00,0x00,0x00,0x10,0x00,0x00,0x00,0x00,0x00,0x00,0x00,0x00,0x00,0x00,0x00,0x00,0x00,0x00,0x00,0x00,0x00,0x00,0x00,0x00,
  0x00,0x00,0x00,0x00,0x00,0x00,0x00,0x00,0x00,0x00,0x00,0x00,0x00,0x00,0x00,0x00,0x00,0x00,0x00,0x00,0x00,0x00,0x00,0x00,
  0x00,0x00,0x00,0x00,0x00,0x00,0x00,0x00,0x00,0x00,0x00,0x00,0x00,0x00,0x00,0x00,0x00,0x00,0x00,0x00,0x00,0x00,0x00,0x00,
  0x00,0x00,0x00,0x00,0x00,0x00,0x00,0x00,0x00,0x00,0x00,0x00,0x00,0x00,0x00,0x00,0x00,0x00,0x00,0x00,0x00,0x00,0x00,0x00,
  0x00,0x00,0x00,0x00,0x00,0x00,0x00,0x00,0x00,0x00,0x00,0x00,0x00,0x00,0x00,0x00,0x00,0x00,0x00,0x00,0x00,0x00,0x00,0x00,
  0x00,0x00,0x00,0x00,0x00,0x00,0x00,0x00,0x00,0x00,0x00,0x00,0x00,0x00,0x00,0x00,0x00,0x00,0x00,0x00,0x00,0x00,0x00,0x00,
  0x00,0x00,0x00,0x00,0x00,0x00,0x00,0x00,0x00,0x00,0x00,0x00,0x00,0x00,0x00,0x00,0x00,0x00,0x00,0x00,0x00,0x00,0x00,0x00,
  0x00,0x00,0x00,0x00,0x00,0x00,0x00,0x00,0x00,0x00,0x00,0x00,0x00,0x00,0x00,0x00,0x00,0x00,0x00,0x00,0x00,0x00,0x00,0x00,
};
const uint8_t icon_rain_60[] = {
  0x00,0x00,0x00,0x00,0x00,0x00,0x00,0x00,0x00,0x00,0x00,0x00,0x00,0x00,0x00,0x00,0x00,0x00,0x00,0x00,0x00,0x00,0x00,0x00,
  0x00,0x00,0x00,0x00,0x00,0x00,0x00,0x00,0x00,0x00,0x00,0x00,0x00,0x00,0x00,0x00,0x00,0x00,0x00,0x00,0x00,0x00,0x00,0x00,
  0x00,0x00,0x00,0x00,0x00,0x00,0x00,0x00,0x00,0x00,0x00,0x00,0x00,0x00,0x00,0x00,0x00,0x00,0x00,0x00,0x00,0x00,0x00,0x00,
  0x00,0x00,0x00,0x5d,0x00,0x00,0x00,0x00,0x00,0x00,0x01,0xff,0xa0,0x00,0x00,0x00,0x00,0x00,0x07,0xff,0xe0,0x00,0x00,0x00,
  0x00,0x00,0x0f,0xff,0xfc,0x00,0x00,0x00,0x00,0x00,0x1f,0xff,0xfc,0x00,0x00,0x00,0x00,0x00,0x3f,0xff,0xfe,0x00,0x00,0x00,
  0x00,0x00,0x7f,0xff,0xff,0x00,0x00,0x00,0x00,0x00,0xff,0xff,0xff,0x90,0x00,0x00,0x00,0x00,0x7f,0xff,0xff,0xe8,0x00,0x00,
  0x00,0x00,0xff,0xff,0xff,0xff,0x00,0x00,0x00,0x01,0xff,0xff,0xff,0xff,0x80,0x00,0x00,0x01,0xff,0xff,0xff,0xff,0xe0,0x00,
  0x00,0x01,0xff,0xff,0xff,0xff,0xe0,0x00,0x00,0x03,0xff,0xff,0xff,0xff,0xf0,0x00,0x00,0x0f,0xff,0xff,0xff,0xff,0xf0,0x00,
  0x00,0x3f,0xff,0xff,0xff,0xff,0xf8,0x00,0x00,0x7f,0xff,0xff,0xff,0xff,0xf8,0x00,0x00,0xff,0xff,0xff,0xff,0xff,0xf8,0x00,
  0x01,0xff,0xff,0xff,0xff,0xff,0xf8,0x00,0x00,0xff,0xff,0xff,0xff,0xff,0xfc,0x00,0x01,0xff,0xff,0xff,0xff,0xff,0xf8,0x00,
  0x03,0xff,0xff,0xff,0xff,0xff,0xf8,0x00,0x01,0xff,0xff,0xff,0xff,0xff,0xf0,0x00,0x01,0xff,0xff,0xff,0xff,0xff,0xf8,0x00,
  0x01,0xff,0xff,0xff,0xff,0xff,0xf0,0x00,0x00,0xff,0xff,0xff,0xff,0xff,0xe0,0x00,0x01,0xff,0xff,0xff,0xff,0xff,0xc0,0x00,
  0x00,0x7f,0xff,0xff,0xff,0xff,0xa0,0x00,0x00,0x3f,0xff,0xff,0xff,0xff,0x00,0x00,0x00,0x0f,0xff,0xff,0xff,0xfc,0x00,0x00,
  0x00,0x00,0x00,0x00,0x00,0x00,0x00,0x00,0x00,0x00,0x20,0x41,0x04,0x00,0x00,0x00,0x00,0x00,0x00,0x00,0x00,0x00,0x00,0x00,
  0x00,0x00,0x00,0x00,0x00,0x00,0x00,0x00,0x00,0x00,0xe0,0x0e,0x00,0x70,0x00,0x00,0x00,0x00,0xe0,0x0f,0x00,0xe0,0x00,0x00,
  0x00,0x01,0xf0,0x0e,0x00,0xf0,0x00,0x00,0x00,0x01,0xe0,0x1e,0x01,0xe0,0x00,0x00,0x00,0x01,0xc0,0x1e,0x01,0xf0,0x00,0x00,
  0x00,0x03,0xc0,0x3c,0x01,0xc0,0x00,0x00,0x00,0x03,0xc0,0x3c,0x03,0xc0,0x00,0x00,0x00,0x03,0x80,0x1c,0x01,0xc0,0x00,0x00,
  0x00,0x00,0x00,0x00,0x00,0x00,0x00,0x00,0x00,0x00,0x00,0x00,0x00,0x00,0x00,0x00,0x00,0x00,0x00,0x00,0x00,0x00,0x00,0x00,
  0x00,0x00,0x00,0x00,0x00,0x00,0x00,0x00,0x00,0x00,0x00,0x00,0x00,0x00,0x00,0x00,0x00,0x00,0x00,0x00,0x00,0x00,0x00,0x00,
  0x00,0x00,0x00,0x00,0x00,0x00,0x00,0x00,0x00,0x00,0x00,0x00,0x00,0x00,0x00,0x00,0x00,0x00,0x00,0x00,0x00,0x00,0x00,0x00,
};
const uint8_t icon_rain_80[] = {
  0x00,0x00,0x00,0x00,0x00,0x00,0x00,0x00,0x00,0x00,0x00,0x00,0x00,0x00,0x00,0x00,0x00,0x00,0x00,0x00,0x00,0x00,0x00,0x00,
  0x00,0x00,0x00,0x00,0x00,0x00,0x00,0x00,0x00,0x00,0x00,0x00,0x00,0x00,0x00,0x00,0x00,0x00,0x00,0x00,0x00,0x00,0x00,0x00,
  0x00,0x00,0x00,0x00,0x00,0x00,0x00,0x00,0x00,0x00,0x00,0x00,0x00,0x00,0x00,0x00,0x00,0x00,0x00,0x00,0x00,0x00,0x00,0x00,
  0x00,0x00,0x00,0x00,0x00,0x00,0x00,0x00,0x00,0x00,0x00,0x00,0x00,0x00,0x00,0x00,0x00,0x00,0x00,0x00,0x00,0x00,0x00,0x00,
  0x00,0x00,0x00,0x00,0x00,0x00,0x00,0x00,0x00,0x00,0x00,0x00,0x00,0x00,0x00,0x00,0x00,0x00,0x00,0x00,0x00,0x00,0x00,0x00,
  0x00,0x00,0x00,0x00,0x2e,0xa0,0x00,0x00,0x00,0x00,0x00,0x00,0x00,0x00,0xdb,0xd0,0x00,0x00,0x00,0x00,0x00,0x00,0x00,0x07,
  0xff,0xfe,0x00,0x00,0x00,0x00,0x00,0x00,0x00,0x0b,0xff,0xff,0x00,0x00,0x00,0x00,0x00,0x00,0x00,0x3f,0xff,0xff,0xc0,0x00,
  0x00,0x00,0x00,0x00,0x00,0x3f,0xff,0xff,0xc0,0x00,0x00,0x00,0x00,0x00,0x00,0xff,0xff,0xff,0xf0,0x00,0x00,0x00,0x00,0x00,
  0x00,0xff,0xff,0xff,0xf0,0x00,0x00,0x00,0x00,0x00,0x01,0xff,0xff,0xff,0xf8,0x00,0x00,0x00,0x00,0x00,0x03,0xff,0xff,0xff,
  0xfc,0x00,0x00,0x00,0x00,0x00,0x03,0xff,0xff,0xff,0xff,0xa0,0x00,0x00,0x00,0x00,0x07,0xff,0xff,0xff,0xfe,0xfa,0x00,0x00,
  0x00,0x00,0x05,0xff,0xff,0xff,0xff,0xfe,0x00,0x00,0x00,0x00,0x0b,0xff,0xff,0xff,0xff,0xff,0x80,0x00,0x00,0x00,0x0f,0xff,
  0xff,0xff,0xff,0xff,0xe0,0x00,0x00,0x00,0x0f,0xff,0xff,0xff,0xff,0xff,0xd0,0x00,0x00,0x00,0x0f,0xff,0xff,0xff,0xff,0xff,
  0xf0,0x00,0x00,0x00,0x0f,0xff,0xff,0xff,0xff,0xff,0xf4,0x00,0x00,0x00,0x7f,0xff,0xff,0xff,0xff,0xff,0xf8,0x00,0x00,0x01,
  0xbf,0xff,0xff,0xff,0xff,0xff,0xfc,0x00,0x00,0x07,0xff,0xff,0xff,0xff,0xff,0xff,0xfc,0x00,0x00,0x0f,0xff,0xff,0xff,0xff,
  0xff,0xff,0xfe,0x00,0x00,0x17,0xff,0xff,0xff,0xff,0xff,0xff,0xfc,0x00,0x00,0x3f,0xff,0xff,0xff,0xff,0xff,0xff,0xfe,0x00,
  0x00,0x3f,0xff,0xff,0xff,0xff,0xff,0xff,0xfe,0x80,0x00,0x3f,0xff,0xff,0xff,0xff,0xff,0xff,0xfd,0x00,0x00,0x7f,0xff,0xff,
  0xff,0xff,0xff,0xff,0xfe,0x00,0x00,0x5f,0xff,0xff,0xff,0xff,0xff,0xff,0xfd,0x00,0x00,0x7f,0xff,0xff,0xff,0xff,0xff,0xff,
  0xfe,0x00,0x00,0xbf,0xff,0xff,0xff,0xff,0xff,0xff,0xfc,0x00,0x00,0x7f,0xff,0xff,0xff,0xff,0xff,0xff,0xfc,0x00,0x00,0x7f,
  0xff,0xff,0xff,0xff,0xff,0xff,0xfc,0x00,0x00,0x3f,0xff,0xff,0xff,0xff,0xff,0xff,0xf8,0x00,0x00,0x7f,0xff,0xff,0xff,0xff,
  0xff,0xff,0xf4,0x00,0x00,0x1f,0xff,0xff,0xff,0xff,0xff,0xff,0xf0,0x00,0x00,0x3f,0xff,0xff,0xff,0xff,0xff,0xff,0xe0,0x00,
  0x00,0x0f,0xff,0xff,0xff,0xff,0xff,0xff,0xc0,0x00,0x00,0x0b,0xff,0xff,0xff,0xff,0xff,0xff,0x40,0x00,0x00,0x05,0xff,0xff,
  0xff,0xff,0xff,0xfd,0x00,0x00,0x00,0x01,0xff,0xff,0xff,0xff,0xff,0xf4,0x00,0x00,0x00,0x00,0x00,0x00,0x00,0x00,0x00,0x00,
  0x00,0x00,0x00,0x00,0x04,0x92,0x49,0x24,0x92,0x40,0x00,0x00,0x00,0x00,0x00,0x00,0x00,0x00,0x00,0x00,0x00,0x00,0x00,0x00,
  0x00,0x00,0x00,0x00,0x00,0x00,0x00,0x00,0x00,0x00,0x00,0x00,0x00,0x00,0x00,0x00,0x00,0x00,0x00,0x00,0x01,0x00,0x01,0x00,
  0x01,0x00,0x00,0x00,0x00,0x00,0x07,0xc0,0x03,0xc0,0x03,0xc0,0x00,0x00,0x00,0x00,0x03,0xc0,0x07,0xc0,0x05,0xe0,0x00,0x00,
  0x00,0x00,0x0f,0xc0,0x07,0xc0,0x07,0xc0,0x00,0x00,0x00,0x00,0x0f,0x80,0x0b,0xc0,0x0b,0xc0,0x00,0x00,0x00,0x00,0x0f,0xc0,
  0x0f,0x80,0x0f,0xc0,0x00,0x00,0x00,0x00,0x0f,0x00,0x0f,0xc0,0x0f,0x80,0x00,0x00,0x00,0x00,0x1f,0x40,0x1f,0x00,0x17,0xa0,
  0x00,0x00,0x00,0x00,0x2f,0x00,0x1f,0x00,0x0f,0x00,0x00,0x00,0x00,0x00,0x1e,0x00,0x1f,0x00,0x1f,0x00,0x00,0x00,0x00,0x00,
  0x2f,0x00,0x0d,0x00,0x0e,0x80,0x00,0x00,0x00,0x00,0x04,0x00,0x04,0x00,0x08,0x00,0x00,0x00,0x00,0x00,0x00,0x00,0x00,0x00,
  0x00,0x00,0x00,0x00,0x00,0x00,0x00,0x00,0x00,0x00,0x00,0x00,0x00,0x00,0x00,0x00,0x00,0x00,0x00,0x00,0x00,0x00,0x00,0x00,
  0x00,0x00,0x00,0x00,0x00,0x00,0x00,0x00,0x00,0x00,0x00,0x00,0x00,0x00,0x00,0x00,0x00,0x00,0x00,0x00,0x00,0x00,0x00,0x00,
  0x00,0x00,0x00,0x00,0x00,0x00,0x00,0x00,0x00,0x00,0x00,0x00,0x00,0x00,0x00,0x00,0x00,0x00,0x00,0x00,0x00,0x00,0x00,0x00,
  0x00,0x00,0x00,0x00,0x00,0x00,0x00,0x00,0x00,0x00,0x00,0x00,0x00,0x00,0x00,0x00,0x00,0x00,0x00,0x00,0x00,0x00,0x00,0x00,
  0x00,0x00,0x00,0x00,0x00,0x00,0x00,0x00,
};
const uint8_t icon_rain_90[] = {
  0x00,0x00,0x00,0x00,0x00,0x00,0x00,0x00,0x00,0x00,0x00,0x00,0x00,0x00,0x00,0x00,0x00,0x00,0x00,0x00,0x00,0x00,0x00,0x00,
  0x00,0x00,0x00,0x00,0x00,0x00,0x00,0x00,0x00,0x00,0x00,0x00,0x00,0x00,0x00,0x00,0x00,0x00,0x00,0x00,0x00,0x00,0x00,0x00,
  0x00,0x00,0x00,0x00,0x00,0x00,0x00,0x00,0x00,0x00,0x00,0x00,0x00,0x00,0x00,0x00,0x00,0x00,0x00,0x00,0x00,0x00,0x00,0x00,
  0x00,0x00,0x00,0x00,0x00,0x00,0x00,0x00,0x00,0x00,0x00,0x00,0x00,0x00,0x00,0x00,0x00,0x00,0x00,0x00,0x00,0x00,0x00,0x00,
  0x00,0x00,0x00,0x00,0x00,0x00,0x00,0x00,0x00,0x00,0x00,0x00,0x00,0x00,0x00,0x00,0x00,0x00,0x00,0x00,0x00,0x00,0x00,0x00,
  0x00,0x00,0x00,0x00,0x00,0x00,0x00,0x00,0x00,0x00,0x00,0x00,0x00,0x00,0x00,0x00,0x00,0x00,0x00,0x00,0x00,0x00,0x00,0x00,
  0x00,0x00,0x00,0x00,0x00,0x00,0x00,0x00,0x00,0x00,0x00,0x00,0x00,0x00,0x00,0x00,0x00,0x90,0x00,0x00,0x00,0x00,0x00,0x00,
  0x00,0x00,0x00,0x00,0x06,0xef,0x00,0x00,0x00,0x00,0x00,0x00,0x00,0x00,0x00,0x00,0x15,0xfd,0xd0,0x00,0x00,0x00,0x00,0x00,
  0x00,0x00,0x00,0x00,0xff,0xff,0xf4,0x00,0x00,0x00,0x00,0x00,0x00,0x00,0x00,0x01,0x7f,0xff,0xf8,0x00,0x00,0x00,0x00,0x00,
  0x00,0x00,0x00,0x03,0xff,0xff,0xff,0x00,0x00,0x00,0x00,0x00,0x00,0x00,0x00,0x07,0xff,0xff,0xff,0x80,0x00,0x00,0x00,0x00,
  0x00,0x00,0x00,0x1f,0xff,0xff,0xff,0xa0,0x00,0x00,0x00,0x00,0x00,0x00,0x00,0x17,0xff,0xff,0xff,0xc0,0x00,0x00,0x00,0x00,
  0x00,0x00,0x00,0x3f,0xff,0xff,0xff,0xe0,0x00,0x00,0x00,0x00,0x00,0x00,0x00,0x5f,0xff,0xff,0xff,0xf8,0x00,0x00,0x00,0x00,
  0x00,0x00,0x00,0x7f,0xff,0xff,0xff,0xf0,0x00,0x00,0x00,0x00,0x00,0x00,0x00,0xff,0xff,0xff,0xff,0xff,0xd0,0x00,0x00,0x00,
  0x00,0x00,0x00,0x7f,0xff,0xff,0xff,0xfe,0xe8,0x00,0x00,0x00,0x00,0x00,0x01,0xff,0xff,0xff,0xff,0xff,0xff,0x00,0x00,0x00,
  0x00,0x00,0x01,0x7f,0xff,0xff,0xff,0xff,0xff,0x80,0x00,0x00,0x00,0x00,0x01,0xff,0xff,0xff,0xff,0xff,0xff,0xc0,0x00,0x00,
  0x00,0x00,0x03,0xff,0xff,0xff,0xff,0xff,0xff,0xf0,0x00,0x00,0x00,0x00,0x01,0xff,0xff,0xff,0xff,0xff,0xff,0xe8,0x00,0x00,
  0x00,0x00,0x01,0xff,0xff,0xff,0xff,0xff,0xff,0xf0,0x00,0x00,0x00,0x00,0x07,0xff,0xff,0xff,0xff,0xff,0xff,0xfc,0x00,0x00,
  0x00,0x00,0x35,0xff,0xff,0xff,0xff,0xff,0xff,0xfc,0x00,0x00,0x00,0x00,0xaf,0xff,0xff,0xff,0xff,0xff,0xff,0xfe,0x00,0x00,
  0x00,0x01,0xff,0xff,0xff,0xff,0xff,0xff,0xff,0xfe,0x00,0x00,0x00,0x03,0xff,0xff,0xff,0xff,0xff,0xff,0xff,0xfe,0x00,0x00,
  0x00,0x07,0xff,0xff,0xff,0xff,0xff,0xff,0xff,0xfe,0x80,0x00,0x00,0x0f,0xff,0xff,0xff,0xff,0xff,0xff,0xff,0xfe,0x00,0x00,
  0x00,0x1f,0xff,0xff,0xff,0xff,0xff,0xff,0xff,0xff,0x80,0x00,0x00,0x17,0xff,0xff,0xff,0xff,0xff,0xff,0xff,0xfe,0x00,0x00,
  0x00,0x1f,0xff,0xff,0xff,0xff,0xff,0xff,0xff,0xff,0x80,0x00,0x00,0x3f,0xff,0xff,0xff,0xff,0xff,0xff,0xff,0xfe,0x00,0x00,
  0x00,0x2f,0xff,0xff,0xff,0xff,0xff,0xff,0xff,0xff,0x00,0x00,0x00,0x3f,0xff,0xff,0xff,0xff,0xff,0xff,0xff,0xfe,0x80,0x00,
  0x00,0x5f,0xff,0xff,0xff,0xff,0xff,0xff,0xff,0xfe,0x00,0x00,0x00,0x3f,0xff,0xff,0xff,0xff,0xff,0xff,0xff,0xfe,0x00,0x00,
  0x00,0x2f,0xff,0xff,0xff,0xff,0xff,0xff,0xff,0xfc,0x00,0x00,0x00,0x3f,0xff,0xff,0xff,0xff,0xff,0xff,0xff,0xfe,0x00,0x00,
  0x00,0x1f,0xff,0xff,0xff,0xff,0xff,0xff,0xff,0xf8,0x00,0x00,0x00,0x1f,0xff,0xff,0xff,0xff,0xff,0xff,0xff,0xfa,0x00,0x00,
  0x00,0x0f,0xff,0xff,0xff,0xff,0xff,0xff,0xff,0xf0,0x00,0x00,0x00,0x17,0xff,0xff,0xff,0xff,0xff,0xff,0xff,0xe8,0x00,0x00,
  0x00,0x07,0xff,0xff,0xff,0xff,0xff,0xff,0xff,0xc0,0x00,0x00,0x00,0x03,0xff,0xff,0xff,0xff,0xff,0xff,0xff,0xa0,0x00,0x00,
  0x00,0x01,0x7f,0xff,0xff,0xff,0xff,0xff,0xfe,0x00,0x00,0x00,0x00,0x00,0xff,0xff,0xff,0xff,0xff,0xff,0xfa,0x00,0x00,0x00,
  0x00,0x00,0x15,0x55,0x55,0x55,0x55,0x55,0x50,0x00,0x00,0x00,0x00,0x00,0x00,0x89,0x24,0x92,0x49,0x24,0x80,0x00,0x00,0x00,
  0x00,0x00,0x00,0x00,0x00,0x00,0x00,0x00,0x00,0x00,0x00,0x00,0x00,0x00,0x00,0x00,0x00,0x00,0x00,0x00,0x00,0x00,0x00,0x00,
  0x00,0x00,0x00,0x00,0x00,0x00,0x00,0x00,0x00,0x00,0x00,0x00,0x00,0x00,0x00,0x00,0x00,0x00,0x00,0x00,0x00,0x00,0x00,0x00,
  0x00,0x00,0x00,0x50,0x00,0x14,0x00,0x02,0x00,0x00,0x00,0x00,0x00,0x00,0x00,0xb4,0x00,0x1a,0x00,0x0b,0xa0,0x00,0x00,0x00,
  0x00,0x00,0x00,0xf8,0x00,0x3f,0x00,0x07,0xc0,0x00,0x00,0x00,0x00,0x00,0x01,0xf8,0x00,0x5e,0x00,0x17,0x80,0x00,0x00,0x00,
  0x00,0x00,0x02,0xf8,0x00,0x7f,0x00,0x0f,0xc0,0x00,0x00,0x00,0x00,0x00,0x01,0xf8,0x00,0xbe,0x00,0x3f,0x80,0x00,0x00,0x00,
  0x00,0x00,0x03,0xe8,0x00,0x7c,0x00,0x1f,0x80,0x00,0x00,0x00,0x00,0x00,0x03,0xf0,0x00,0xfe,0x00,0x2f,0x40,0x00,0x00,0x00,
  0x00,0x00,0x05,0xe0,0x01,0x78,0x00,0x3f,0x00,0x00,0x00,0x00,0x00,0x00,0x07,0xe8,0x01,0xfa,0x00,0x5e,0x80,0x00,0x00,0x00,
  0x00,0x00,0x0b,0xe0,0x00,0xf8,0x00,0x3e,0x00,0x00,0x00,0x00,0x00,0x00,0x07,0xc0,0x02,0xf4,0x00,0x5e,0x00,0x00,0x00,0x00,
  0x00,0x00,0x01,0x20,0x00,0xa8,0x00,0x2a,0x00,0x00,0x00,0x00,0x00,0x00,0x00,0x80,0x00,0x00,0x00,0x08,0x00,0x00,0x00,0x00,
  0x00,0x00,0x00,0x00,0x00,0x20,0x00,0x00,0x00,0x00,0x00,0x00,0x00,0x00,0x00,0x00,0x00,0x00,0x00,0x00,0x00,0x00,0x00,0x00,
  0x00,0x00,0x00,0x00,0x00,0x00,0x00,0x00,0x00,0x00,0x00,0x00,0x00,0x00,0x00,0x00,0x00,0x00,0x00,0x00,0x00,0x00,0x00,0x00,
  0x00,0x00,0x00,0x00,0x00,0x00,0x00,0x00,0x00,0x00,0x00,0x00,0x00,0x00,0x00,0x00,0x00,0x00,0x00,0x00,0x00,0x00,0x00,0x00,
  0x00,0x00,0x00,0x00,0x00,0x00,0x00,0x00,0x00,0x00,0x00,0x00,0x00,0x00,0x00,0x00,0x00,0x00,0x00,0x00,0x00,0x00,0x00,0x00,
  0x00,0x00,0x00,0x00,0x00,0x00,0x00,0x00,0x00,0x00,0x00,0x00,0x00,0x00,0x00,0x00,0x00,0x00,0x00,0x00,0x00,0x00,0x00,0x00,
  0x00,0x00,0x00,0x00,0x00,0x00,0x00,0x00,0x00,0x00,0x00,0x00,0x00,0x00,0x00,0x00,0x00,0x00,0x00,0x00,0x00,0x00,0x00,0x00,
};
const uint8_t icon_heavy_rain_60[] = {
  0x00,0x00,0x00,0x00,0x00,0x00,0x00,0x00,0x00,0x00,0x00,0x00,0x00,0x00,0x00,0x00,0x00,0x00,0x00,0x00,0x00,0x00,0x00,0x00,
  0x00,0x00,0x00,0x00,0x00,0x00,0x00,0x00,0x00,0x00,0x00,0x00,0x00,0x00,0x00,0x00,0x00,0x00,0x00,0x00,0x00,0x00,0x00,0x00,
  0x00,0x00,0x01,0xfe,0x00,0x00,0x00,0x00,0x00,0x00,0x07,0xff,0x80,0x00,0x00,0x00,0x00,0x00,0x1f,0xff,0xc0,0x00,0x00,0x00,
  0x00,0x00,0x3f,0xff,0xf0,0x00,0x00,0x00,0x00,0x00,0x7f,0xff,0xf8,0x00,0x00,0x00,0x00,0x00,0x7f,0xff,0xf8,0x00,0x00,0x00,
  0x00,0x00,0xff,0xff,0xfc,0x00,0x00,0x00,0x00,0x01,0xff,0xff,0xfe,0x00,0x00,0x00,0x00,0x01,0xff,0xff,0xfe,0x54,0x00,0x00,
  0x00,0x01,0xff,0xff,0xff,0xff,0x00,0x00,0x00,0x01,0xff,0xff,0xff,0xff,0xc0,0x00,0x00,0x03,0xff,0xff,0xff,0xff,0xe0,0x00,
  0x00,0x03,0xff,0xff,0xff,0xff,0xf0,0x00,0x00,0x17,0xff,0xff,0xff,0xff,0xf8,0x00,0x00,0x7f,0xff,0xff,0xff,0xff,0xfc,0x00,
  0x00,0xff,0xff,0xff,0xff,0xff,0xfc,0x00,0x01,0xff,0xff,0xff,0xff,0xff,0xfc,0x00,0x03,0xff,0xff,0xff,0xff,0xff,0xfe,0x00,
  0x03,0xff,0xff,0xff,0xff,0xff,0xfe,0x00,0x07,0xff,0xff,0xff,0xff,0xff,0xfe,0x00,0x07,0xff,0xff,0xff,0xff,0xff,0xfe,0x00,
  0x07,0xff,0xff,0xff,0xff,0xff,0xfe,0x00,0x07,0xff,0xff,0xff,0xff,0xff,0xfe,0x00,0x0f,0xff,0xff,0xff,0xff,0xff,0xfd,0x00,
  0x07,0xff,0xff,0xff,0xff,0xff,0xfc,0x00,0x03,0xff,0xff,0xff,0xff,0xff,0xfc,0x00,0x07,0xff,0xff,0xff,0xff,0xff,0xf8,0x00,
  0x03,0xff,0xff,0xff,0xff,0xff,0xf0,0x00,0x01,0xff,0xff,0xff,0xff,0xff,0xf0,0x00,0x00,0xff,0xff,0xff,0xff,0xff,0xc0,0x00,
  0x00,0xff,0xff,0xff,0xff,0xff,0xa0,0x00,0x00,0xef,0xff,0xff,0xff,0xfb,0x80,0x00,0x00,0xa6,0x6b,0x59,0x56,0x6b,0x80,0x00,
  0x00,0x40,0x00,0x04,0x40,0x00,0x00,0x00,0x00,0x04,0x01,0x00,0x80,0x40,0x00,0x00,0x00,0x0c,0x06,0x01,0x80,0xd0,0x00,0x00,
  0x01,0x18,0x87,0x23,0x88,0xc4,0x00,0x00,0x02,0x8c,0xc6,0x21,0x18,0xd6,0x00,0x00,0x03,0x91,0xc4,0x72,0x9c,0x46,0x00,0x00,
  0x03,0x01,0xc0,0xe0,0x38,0x0e,0x00,0x00,0x03,0x31,0x4c,0x2a,0x11,0x8c,0x00,0x00,0x00,0x30,0x1c,0x47,0x11,0x80,0x00,0x00,
  0x00,0x50,0x0a,0x06,0x03,0x80,0x00,0x00,0x00,0x20,0x10,0x02,0x00,0x00,0x00,0x00,0x04,0x05,0x00,0x80,0x40,0x28,0x00,0x00,
  0x0c,0x03,0x02,0x80,0x60,0x30,0x00,0x00,0x1c,0x06,0x01,0xc0,0xe0,0x38,0x00,0x00,0x04,0x03,0x01,0x00,0x40,0x20,0x00,0x00,
  0x00,0x00,0x00,0x00,0x00,0x00,0x00,0x00,0x00,0x00,0x00,0x00,0x00,0x00,0x00,0x00,0x00,0x00,0x00,0x00,0x00,0x00,0x00,0x00,
  0x00,0x00,0x00,0x00,0x00,0x00,0x00,0x00,0x00,0x00,0x00,0x00,0x00,0x00,0x00,0x00,0x00,0x00,0x00,0x00,0x00,0x00,0x00,0x00,
};
const uint8_t icon_heavy_rain_80[] = {
  0x00,0x00,0x00,0x00,0x00,0x00,0x00,0x00,0x00,0x00,0x00,0x00,0x00,0x00,0x00,0x00,0x00,0x00,0x00,0x00,0x00,0x00,0x00,0x00,
  0x00,0x00,0x00,0x00,0x00,0x00,0x00,0x00,0x00,0x00,0x00,0x00,0x00,0x00,0x00,0x00,0x00,0x00,0x00,0x00,0x00,0x00,0x00,0x00,
  0x00,0x00,0x00,0x00,0x00,0x00,0x00,0x00,0x00,0x00,0x00,0x00,0x00,0x00,0x00,0x00,0x00,0x00,0x00,0x00,0x00,0x00,0x00,0x00,
  0x00,0x00,0x00,0x00,0x00,0x00,0x00,0x00,0x00,0x00,0x00,0x02,0xff,0x80,0x00,0x00,0x00,0x00,0x00,0x00,0x00,0x05,0xff,0xd0,
  0x00,0x00,0x00,0x00,0x00,0x00,0x00,0x3f,0xff,0xf8,0x00,0x00,0x00,0x00,0x00,0x00,0x00,0x2f,0xff,0xfc,0x00,0x00,0x00,0x00,
  0x00,0x00,0x00,0xff,0xff,0xff,0x00,0x00,0x00,0x00,0x00,0x00,0x00,0xff,0xff,0xff,0x00,0x00,0x00,0x00,0x00,0x00,0x03,0xff,
  0xff,0xff,0xc0,0x00,0x00,0x00,0x00,0x00,0x03,0xff,0xff,0xff,0x80,0x00,0x00,0x00,0x00,0x00,0x07,0xff,0xff,0xff,0xe0,0x00,
  0x00,0x00,0x00,0x00,0x07,0xff,0xff,0xff,0xd0,0x00,0x00,0x00,0x00,0x00,0x0f,0xff,0xff,0xff,0xe0,0x40,0x00,0x00,0x00,0x00,
  0x0f,0xff,0xff,0xff,0xfb,0x54,0x00,0x00,0x00,0x00,0x0f,0xff,0xff,0xff,0xfd,0xff,0x00,0x00,0x00,0x00,0x1f,0xff,0xff,0xff,
  0xff,0xff,0xc0,0x00,0x00,0x00,0x0f,0xff,0xff,0xff,0xff,0xff,0xe0,0x00,0x00,0x00,0x1f,0xff,0xff,0xff,0xff,0xff,0xf8,0x00,
  0x00,0x00,0x1f,0xff,0xff,0xff,0xff,0xff,0xf8,0x00,0x00,0x00,0x5f,0xff,0xff,0xff,0xff,0xff,0xfc,0x00,0x00,0x03,0xff,0xff,
  0xff,0xff,0xff,0xff,0xfe,0x00,0x00,0x0f,0xff,0xff,0xff,0xff,0xff,0xff,0xff,0x00,0x00,0x2f,0xff,0xff,0xff,0xff,0xff,0xff,
  0xff,0x00,0x00,0x3f,0xff,0xff,0xff,0xff,0xff,0xff,0xff,0x00,0x00,0x7f,0xff,0xff,0xff,0xff,0xff,0xff,0xff,0x80,0x00,0xff,
  0xff,0xff,0xff,0xff,0xff,0xff,0xff,0x40,0x00,0xff,0xff,0xff,0xff,0xff,0xff,0xff,0xff,0x80,0x01,0xff,0xff,0xff,0xff,0xff,
  0xff,0xff,0xff,0xc0,0x01,0xff,0xff,0xff,0xff,0xff,0xff,0xff,0xff,0x80,0x02,0xff,0xff,0xff,0xff,0xff,0xff,0xff,0xff,0xc0,
  0x03,0xff,0xff,0xff,0xff,0xff,0xff,0xff,0xff,0x40,0x01,0xff,0xff,0xff,0xff,0xff,0xff,0xff,0xff,0x80,0x03,0xff,0xff,0xff,
  0xff,0xff,0xff,0xff,0xff,0x80,0x03,0xff,0xff,0xff,0xff,0xff,0xff,0xff,0xff,0x40,0x01,0xff,0xff,0xff,0xff,0xff,0xff,0xff,
  0xff,0x00,0x02,0xff,0xff,0xff,0xff,0xff,0xff,0xff,0xff,0x00,0x01,0xff,0xff,0xff,0xff,0xff,0xff,0xff,0xfe,0x80,0x00,0xff,
  0xff,0xff,0xff,0xff,0xff,0xff,0xfe,0x00,0x01,0x7f,0xff,0xff,0xff,0xff,0xff,0xff,0xfc,0x00,0x00,0xff,0xff,0xff,0xff,0xff,
  0xff,0xff,0xf8,0x00,0x00,0x3f,0xff,0xff,0xff,0xff,0xff,0xff,0xf4,0x00,0x00,0x3f,0xff,0xff,0xff,0xff,0xff,0xff,0xe0,0x00,
  0x00,0x1f,0xff,0xff,0xff,0xff,0xff,0xff,0xc0,0x00,0x00,0x1f,0xff,0xff,0xff,0xff,0xff,0xff,0x80,0x00,0x00,0x2c,0xbb,0xef,
  0xdf,0x7e,0xfd,0xeb,0xc0,0x00,0x00,0x1a,0x74,0xd3,0x56,0xad,0x72,0xd3,0x00,0x00,0x00,0x08,0x00,0x80,0x01,0x00,0x00,0x82,
  0x80,0x00,0x00,0x00,0x20,0x02,0x04,0x10,0x10,0x00,0x00,0x00,0x00,0x00,0xc0,0x0a,0x00,0x20,0x03,0x40,0x00,0x00,0x00,0x01,
  0x40,0x0d,0x00,0x70,0x03,0x00,0x00,0x00,0x00,0x21,0xe5,0x0e,0x28,0x71,0x43,0x8a,0x00,0x00,0x00,0xa1,0xc3,0x0e,0x90,0xb1,
  0x87,0x4c,0x00,0x00,0x00,0xf0,0xce,0x8c,0x38,0x62,0xc3,0x14,0x00,0x00,0x00,0xe2,0x87,0x0a,0x78,0xa3,0xc2,0x1e,0x00,0x00,
  0x00,0xe0,0x0f,0x00,0x34,0x07,0x80,0x5c,0x00,0x00,0x01,0xd2,0x0a,0x10,0xb0,0x83,0x4a,0x1c,0x00,0x00,0x00,0x43,0x8a,0x3c,
  0x52,0xc1,0x0d,0x10,0x00,0x00,0x00,0x87,0x01,0x38,0x11,0xc2,0x1e,0x08,0x00,0x00,0x00,0x0b,0x00,0x34,0x03,0xc0,0x0c,0x00,
  0x00,0x00,0x00,0x06,0x80,0x30,0x00,0x80,0x1c,0x00,0x00,0x00,0x00,0x00,0x00,0x00,0x00,0x08,0x00,0x00,0x00,0x00,0x02,0x00,
  0x28,0x01,0x40,0x04,0x00,0xa0,0x00,0x00,0x07,0x00,0x38,0x02,0xc0,0x1d,0x00,0xf0,0x00,0x00,0x07,0x40,0x38,0x03,0xc0,0x1c,
  0x00,0xd0,0x00,0x00,0x0b,0x00,0x74,0x02,0x80,0x0e,0x00,0xe0,0x00,0x00,0x05,0x00,0x10,0x01,0x80,0x14,0x00,0x40,0x00,0x00,
  0x00,0x00,0x00,0x00,0x00,0x00,0x00,0x00,0x00,0x00,0x00,0x00,0x00,0x00,0x00,0x00,0x00,0x00,0x00,0x00,0x00,0x00,0x00,0x00,
  0x00,0x00,0x00,0x00,0x00,0x00,0x00,0x00,0x00,0x00,0x00,0x00,0x00,0x00,0x00,0x00,0x00,0x00,0x00,0x00,0x00,0x00,0x00,0x00,
  0x00,0x00,0x00,0x00,0x00,0x00,0x00,0x00,0x00,0x00,0x00,0x00,0x00,0x00,0x00,0x00,0x00,0x00,0x00,0x00,0x00,0x00,0x00,0x00,
  0x00,0x00,0x00,0x00,0x00,0x00,0x00,0x00,
};
const uint8_t icon_heavy_rain_90[] = {
  0x00,0x00,0x00,0x00,0x00,0x00,0x00,0x00,0x00,0x00,0x00,0x00,0x00,0x00,0x00,0x00,0x00,0x00,0x00,0x00,0x00,0x00,0x00,0x00,
  0x00,0x00,0x00,0x00,0x00,0x00,0x00,0x00,0x00,0x00,0x00,0x00,0x00,0x00,0x00,0x00,0x00,0x00,0x00,0x00,0x00,0x00,0x00,0x00,
  0x00,0x00,0x00,0x00,0x00,0x00,0x00,0x00,0x00,0x00,0x00,0x00,0x00,0x00,0x00,0x00,0x00,0x00,0x00,0x00,0x00,0x00,0x00,0x00,
  0x00,0x00,0x00,0x00,0x00,0x00,0x00,0x00,0x00,0x00,0x00,0x00,0x00,0x00,0x00,0x00,0x00,0x00,0x00,0x00,0x00,0x00,0x00,0x00,
  0x00,0x00,0x00,0x00,0x00,0x00,0x00,0x00,0x00,0x00,0x00,0x00,0x00,0x00,0x00,0x00,0x2f,0xfc,0x00,0x00,0x00,0x00,0x00,0x00,
  0x00,0x00,0x00,0x00,0xbf,0xfb,0x00,0x00,0x00,0x00,0x00,0x00,0x00,0x00,0x00,0x02,0xff,0xff,0xd0,0x00,0x00,0x00,0x00,0x00,
  0x00,0x00,0x00,0x07,0xff,0xff,0xe0,0x00,0x00,0x00,0x00,0x00,0x00,0x00,0x00,0x0b,0xff,0xff,0xf8,0x00,0x00,0x00,0x00,0x00,
  0x00,0x00,0x00,0x1f,0xff,0xff,0xfc,0x00,0x00,0x00,0x00,0x00,0x00,0x00,0x00,0x3f,0xff,0xff,0xfd,0x00,0x00,0x00,0x00,0x00,
  0x00,0x00,0x00,0x7f,0xff,0xff,0xfe,0x00,0x00,0x00,0x00,0x00,0x00,0x00,0x00,0xbf,0xff,0xff,0xff,0x00,0x00,0x00,0x00,0x00,
  0x00,0x00,0x00,0xff,0xff,0xff,0xff,0x80,0x00,0x00,0x00,0x00,0x00,0x00,0x01,0x7f,0xff,0xff,0xff,0xa0,0x00,0x00,0x00,0x00,
  0x00,0x00,0x01,0xff,0xff,0xff,0xff,0xc0,0x00,0x00,0x00,0x00,0x00,0x00,0x03,0xff,0xff,0xff,0xff,0xc2,0xd0,0x00,0x00,0x00,
  0x00,0x00,0x01,0xff,0xff,0xff,0xff,0xff,0x6d,0x00,0x00,0x00,0x00,0x00,0x03,0xff,0xff,0xff,0xff,0xf7,0xff,0x40,0x00,0x00,
  0x00,0x00,0x03,0xff,0xff,0xff,0xff,0xff,0xff,0xa0,0x00,0x00,0x00,0x00,0x05,0xff,0xff,0xff,0xff,0xff,0xff,0xf0,0x00,0x00,
  0x00,0x00,0x03,0xff,0xff,0xff,0xff,0xff,0xff,0xf8,0x00,0x00,0x00,0x00,0x07,0xff,0xff,0xff,0xff,0xff,0xff,0xfc,0x00,0x00,
  0x00,0x00,0x0b,0xff,0xff,0xff,0xff,0xff,0xff,0xfe,0x00,0x00,0x00,0x00,0xff,0xff,0xff,0xff,0xff,0xff,0xff,0xfe,0x80,0x00,
  0x00,0x03,0x7f,0xff,0xff,0xff,0xff,0xff,0xff,0xff,0x00,0x00,0x00,0x05,0xff,0xff,0xff,0xff,0xff,0xff,0xff,0xff,0x80,0x00,
  0x00,0x1f,0xff,0xff,0xff,0xff,0xff,0xff,0xff,0xff,0x80,0x00,0x00,0x17,0xff,0xff,0xff,0xff,0xff,0xff,0xff,0xff,0x80,0x00,
  0x00,0x5f,0xff,0xff,0xff,0xff,0xff,0xff,0xff,0xff,0xd0,0x00,0x00,0x7f,0xff,0xff,0xff,0xff,0xff,0xff,0xff,0xff,0xa0,0x00,
  0x00,0x7f,0xff,0xff,0xff,0xff,0xff,0xff,0xff,0xff,0xc0,0x00,0x00,0xff,0xff,0xff,0xff,0xff,0xff,0xff,0xff,0xff,0xe0,0x00,
  0x00,0xbf,0xff,0xff,0xff,0xff,0xff,0xff,0xff,0xff,0xd0,0x00,0x01,0xff,0xff,0xff,0xff,0xff,0xff,0xff,0xff,0xff,0xe0,0x00,
  0x01,0x7f,0xff,0xff,0xff,0xff,0xff,0xff,0xff,0xff,0xc0,0x00,0x01,0xff,0xff,0xff,0xff,0xff,0xff,0xff,0xff,0xff,0xe0,0x00,
  0x01,0xff,0xff,0xff,0xff,0xff,0xff,0xff,0xff,0xff,0xa0,0x00,0x01,0xff,0xff,0xff,0xff,0xff,0xff,0xff,0xff,0xff,0xc0,0x00,
  0x01,0x7f,0xff,0xff,0xff,0xff,0xff,0xff,0xff,0xff,0xa0,0x00,0x01,0xff,0xff,0xff,0xff,0xff,0xff,0xff,0xff,0xff,0x80,0x00,
  0x01,0x7f,0xff,0xff,0xff,0xff,0xff,0xff,0xff,0xff,0x80,0x00,0x00,0xff,0xff,0xff,0xff,0xff,0xff,0xff,0xff,0xff,0x80,0x00,
  0x00,0xff,0xff,0xff,0xff,0xff,0xff,0xff,0xff,0xff,0x00,0x00,0x00,0x7f,0xff,0xff,0xff,0xff,0xff,0xff,0xff,0xfe,0x00,0x00,
  0x00,0x7f,0xff,0xff,0xff,0xff,0xff,0xff,0xff,0xfd,0x00,0x00,0x00,0x3f,0xff,0xff,0xff,0xff,0xff,0xff,0xff,0xfc,0x00,0x00,
  0x00,0x1f,0xff,0xff,0xff,0xff,0xff,0xff,0xff,0xf0,0x00,0x00,0x00,0x17,0xff,0xff,0xff,0xff,0xff,0xff,0xff,0xf0,0x00,0x00,
  0x00,0x0f,0xff,0xff,0xff,0xff,0xff,0xff,0xff,0xc0,0x00,0x00,0x00,0x07,0xff,0xff,0xff,0xff,0xff,0xff,0xff,0xc0,0x00,0x00,
  0x00,0x1f,0x5f,0xff,0xff,0xff,0xff,0xff,0xef,0x80,0x00,0x00,0x00,0x06,0x3e,0x5d,0x7a,0xf5,0x72,0xe5,0xd3,0xa0,0x00,0x00,
  0x00,0x15,0x0a,0x28,0x28,0x28,0xa9,0x52,0x85,0x00,0x00,0x00,0x00,0x02,0x00,0x08,0x00,0x80,0x00,0x00,0x00,0x80,0x00,0x00,
  0x00,0x00,0x14,0x00,0x50,0x00,0x80,0x41,0x00,0x00,0x00,0x00,0x00,0x00,0x30,0x01,0x40,0x02,0xa0,0x06,0x80,0x00,0x00,0x00,
  0x00,0x00,0x50,0x00,0xe0,0x03,0x80,0x06,0x04,0x00,0x00,0x00,0x00,0x10,0x78,0xa1,0xb1,0x05,0xc2,0x0f,0x48,0x00,0x00,0x00,
  0x00,0x54,0x74,0x50,0xe2,0xa3,0x85,0x0e,0x8a,0x00,0x00,0x00,0x00,0x68,0x51,0xe1,0xd3,0x85,0x8f,0x06,0x1c,0x00,0x00,0x00,
  0x00,0x78,0x71,0x60,0xa3,0xc2,0x8b,0x0a,0x5d,0x00,0x00,0x00,0x00,0x74,0x02,0xe0,0x83,0x81,0x1f,0x04,0x3c,0x00,0x00,0x00,
  0x00,0xf0,0x41,0xe0,0x0b,0x84,0x0e,0x90,0x2c,0x00,0x00,0x00,0x00,0x51,0x43,0xa6,0x86,0x94,0x0d,0x10,0x58,0x00,0x00,0x00,
  0x00,0x61,0xc0,0x43,0x81,0x0f,0x0a,0x3c,0x14,0x00,0x00,0x00,0x00,0x05,0xe1,0x07,0x42,0x1e,0x04,0x3a,0x08,0x00,0x00,0x00,
  0x00,0x01,0xc0,0x07,0x80,0x16,0x00,0x38,0x00,0x00,0x00,0x00,0x00,0x02,0x80,0x06,0x00,0x1a,0x00,0x28,0x00,0x00,0x00,0x00,
  0x00,0x00,0x80,0x01,0x00,0x00,0x00,0x10,0x00,0x00,0x00,0x00,0x01,0x00,0x0a,0x00,0x08,0x00,0x50,0x00,0xa0,0x00,0x00,0x00,
  0x02,0x80,0x05,0x00,0x2c,0x00,0x50,0x01,0x40,0x00,0x00,0x00,0x05,0xc0,0x0e,0x80,0x3c,0x00,0x78,0x01,0xe0,0x00,0x00,0x00,
  0x03,0x80,0x0f,0x00,0x2c,0x01,0x70,0x01,0xe0,0x00,0x00,0x00,0x07,0x80,0x0e,0x00,0x3c,0x00,0x70,0x01,0xa0,0x00,0x00,0x00,
  0x01,0x00,0x0a,0x00,0x10,0x00,0x50,0x00,0x80,0x00,0x00,0x00,0x00,0x00,0x00,0x00,0x00,0x00,0x00,0x00,0x20,0x00,0x00,0x00,
  0x00,0x00,0x00,0x00,0x00,0x00,0x00,0x00,0x00,0x00,0x00,0x00,0x00,0x00,0x00,0x00,0x00,0x00,0x00,0x00,0x00,0x00,0x00,0x00,
  0x00,0x00,0x00,0x00,0x00,0x00,0x00,0x00,0x00,0x00,0x00,0x00,0x00,0x00,0x00,0x00,0x00,0x00,0x00,0x00,0x00,0x00,0x00,0x00,
  0x00,0x00,0x00,0x00,0x00,0x00,0x00,0x00,0x00,0x00,0x00,0x00,0x00,0x00,0x00,0x00,0x00,0x00,0x00,0x00,0x00,0x00,0x00,0x00,
  0x00,0x00,0x00,0x00,0x00,0x00,0x00,0x00,0x00,0x00,0x00,0x00,0x00,0x00,0x00,0x00,0x00,0x00,0x00,0x00,0x00,0x00,0x00,0x00,
};
const uint8_t icon_snow_60[] = {
  0x00,0x00,0x00,0x00,0x00,0x00,0x00,0x00,0x00,0x00,0x00,0x00,0x00,0x00,0x00,0x00,0x00,0x00,0x00,0x00,0x00,0x00,0x00,0x00,
  0x00,0x00,0x00,0x00,0x00,0x00,0x00,0x00,0x00,0x00,0x00,0x00,0x00,0x00,0x00,0x00,0x00,0x00,0x00,0x00,0x00,0x00,0x00,0x00,
  0x00,0x00,0x00,0x00,0x00,0x00,0x00,0x00,0x00,0x00,0x00,0x54,0x00,0x00,0x00,0x00,0x00,0x00,0x01,0xff,0x80,0x00,0x00,0x00,
  0x00,0x00,0x07,0xff,0xe0,0x00,0x00,0x00,0x00,0x00,0x0f,0xff,0xf8,0x00,0x00,0x00,0x00,0x00,0x3f,0xff,0xf8,0x00,0x00,0x00,
  0x00,0x00,0x3f,0xff,0xfe,0x00,0x00,0x00,0x00,0x00,0x7f,0xff,0xfe,0x00,0x00,0x00,0x00,0x00,0xff,0xff,0xfe,0x00,0x00,0x00,
  0x00,0x00,0xff,0xff,0xff,0xf0,0x00,0x00,0x00,0x00,0xff,0xff,0xff,0xfc,0x00,0x00,0x00,0x01,0xff,0xff,0xff,0xff,0x00,0x00,
  0x00,0x01,0xff,0xff,0xff,0xff,0x80,0x00,0x00,0x01,0xff,0xff,0xff,0xff,0x80,0x00,0x00,0x07,0xff,0xff,0xff,0xff,0xc0,0x00,
  0x00,0x1f,0xff,0xff,0xff,0xff,0xe0,0x00,0x00,0x1f,0xff,0xff,0xff,0xff,0xe0,0x00,0x00,0x3f,0xff,0xff,0xff,0xff,0xe0,0x00,
  0x00,0x7f,0xff,0xff,0xff,0xff,0xe0,0x00,0x00,0x7f,0xff,0xff,0xff,0xff,0xf0,0x00,0x00,0x7f,0xff,0xff,0xff,0xff,0xe0,0x00,
  0x00,0xff,0xff,0xff,0xff,0xff,0xe0,0x00,0x00,0x7f,0xff,0xff,0xff,0xff,0xe0,0x00,0x00,0xff,0xff,0xff,0xff,0xff,0xe0,0x00,
  0x00,0x7f,0xff,0xff,0xff,0xff,0xc0,0x00,0x00,0x7f,0xff,0xff,0xff,0xff,0xc0,0x00,0x00,0x3f,0xff,0xff,0xff,0xff,0x80,0x00,
  0x00,0x3f,0xff,0xff,0xff,0xff,0x00,0x00,0x00,0x0f,0xff,0xff,0xff,0xfc,0x00,0x00,0x00,0x07,0xff,0xff,0xff,0xfa,0x00,0x00,
  0x00,0x00,0x48,0x89,0x24,0x80,0x00,0x00,0x00,0x00,0x02,0x20,0x00,0x00,0x00,0x00,0x00,0x00,0x00,0x00,0x00,0x00,0x00,0x00,
  0x00,0x00,0x40,0x00,0x00,0x40,0x00,0x00,0x00,0x00,0xa0,0x00,0x00,0x60,0x00,0x00,0x00,0x02,0xd4,0x00,0x02,0xb4,0x00,0x00,
  0x00,0x03,0xf8,0x00,0x03,0xfc,0x00,0x00,0x00,0x01,0xf8,0x00,0x01,0xf8,0x00,0x00,0x00,0x01,0xf0,0x00,0x01,0xf0,0x00,0x00,
  0x00,0x07,0xfc,0x05,0x03,0xbe,0x00,0x00,0x00,0x00,0xa8,0x16,0x01,0x74,0x00,0x00,0x00,0x00,0x40,0x55,0xc0,0x40,0x00,0x00,
  0x00,0x00,0x40,0x3f,0x80,0x20,0x00,0x00,0x00,0x00,0x00,0x1f,0x80,0x00,0x00,0x00,0x00,0x00,0x00,0x1f,0x40,0x00,0x00,0x00,
  0x00,0x00,0x00,0x6d,0xa0,0x00,0x00,0x00,0x00,0x00,0x00,0x16,0x80,0x00,0x00,0x00,0x00,0x00,0x00,0x04,0x00,0x00,0x00,0x00,
  0x00,0x00,0x00,0x00,0x00,0x00,0x00,0x00,0x00,0x00,0x00,0x00,0x00,0x00,0x00,0x00,0x00,0x00,0x00,0x00,0x00,0x00,0x00,0x00,
  0x00,0x00,0x00,0x00,0x00,0x00,0x00,0x00,0x00,0x00,0x00,0x00,0x00,0x00,0x00,0x00,0x00,0x00,0x00,0x00,0x00,0x00,0x00,0x00,
};
const uint8_t icon_snow_80[] = {
  0x00,0x00,0x00,0x00,0x00,0x00,0x00,0x00,0x00,0x00,0x00,0x00,0x00,0x00,0x00,0x00,0x00,0x00,0x00,0x00,0x00,0x00,0x00,0x00,
  0x00,0x00,0x00,0x00,0x00,0x00,0x00,0x00,0x00,0x00,0x00,0x00,0x00,0x00,0x00,0x00,0x00,0x00,0x00,0x00,0x00,0x00,0x00,0x00,
  0x00,0x00,0x00,0x00,0x00,0x00,0x00,0x00,0x00,0x00,0x00,0x00,0x00,0x00,0x00,0x00,0x00,0x00,0x00,0x00,0x00,0x00,0x00,0x00,
  0x00,0x00,0x00,0x00,0x00,0x00,0x00,0x00,0x00,0x00,0x00,0x00,0x00,0x00,0x00,0x00,0x00,0x00,0x00,0x00,0x00,0x00,0x00,0x00,
  0x00,0x00,0x00,0x00,0x00,0x00,0x00,0x00,0xff,0xd0,0x00,0x00,0x00,0x00,0x00,0x00,0x00,0x03,0x7f,0xe8,0x00,0x00,0x00,0x00,
  0x00,0x00,0x00,0x0f,0xff,0xfd,0x00,0x00,0x00,0x00,0x00,0x00,0x00,0x1f,0xff,0xfe,0x00,0x00,0x00,0x00,0x00,0x00,0x00,0x7f,
  0xff,0xff,0xc0,0x00,0x00,0x00,0x00,0x00,0x00,0x7f,0xff,0xff,0xc0,0x00,0x00,0x00,0x00,0x00,0x00,0xff,0xff,0xff,0xe0,0x00,
  0x00,0x00,0x00,0x00,0x01,0xff,0xff,0xff,0xf0,0x00,0x00,0x00,0x00,0x00,0x03,0xff,0xff,0xff,0xf0,0x00,0x00,0x00,0x00,0x00,
  0x03,0xff,0xff,0xff,0xfa,0x00,0x00,0x00,0x00,0x00,0x07,0xff,0xff,0xff,0xff,0xe0,0x00,0x00,0x00,0x00,0x05,0xff,0xff,0xff,
  0xff,0xd8,0x00,0x00,0x00,0x00,0x0f,0xff,0xff,0xff,0xff,0xfd,0x00,0x00,0x00,0x00,0x07,0xff,0xff,0xff,0xff,0xfe,0x00,0x00,
  0x00,0x00,0x0f,0xff,0xff,0xff,0xff,0xff,0x80,0x00,0x00,0x00,0x0f,0xff,0xff,0xff,0xff,0xff,0xc0,0x00,0x00,0x00,0x2f,0xff,
  0xff,0xff,0xff,0xff,0xc0,0x00,0x00,0x00,0x5f,0xff,0xff,0xff,0xff,0xff,0xe0,0x00,0x00,0x01,0xff,0xff,0xff,0xff,0xff,0xff,
  0xe0,0x00,0x00,0x02,0xff,0xff,0xff,0xff,0xff,0xff,0xf0,0x00,0x00,0x03,0xff,0xff,0xff,0xff,0xff,0xff,0xf0,0x00,0x00,0x0f,
  0xff,0xff,0xff,0xff,0xff,0xff,0xf0,0x00,0x00,0x07,0xff,0xff,0xff,0xff,0xff,0xff,0xf4,0x00,0x00,0x0f,0xff,0xff,0xff,0xff,
  0xff,0xff,0xf0,0x00,0x00,0x1f,0xff,0xff,0xff,0xff,0xff,0xff,0xf8,0x00,0x00,0x0f,0xff,0xff,0xff,0xff,0xff,0xff,0xf0,0x00,
  0x00,0x1f,0xff,0xff,0xff,0xff,0xff,0xff,0xf4,0x00,0x00,0x1f,0xff,0xff,0xff,0xff,0xff,0xff,0xf0,0x00,0x00,0x0f,0xff,0xff,
  0xff,0xff,0xff,0xff,0xf0,0x00,0x00,0x1f,0xff,0xff,0xff,0xff,0xff,0xff,0xe0,0x00,0x00,0x0f,0xff,0xff,0xff,0xff,0xff,0xff,
  0xe8,0x00,0x00,0x0f,0xff,0xff,0xff,0xff,0xff,0xff,0xc0,0x00,0x00,0x0f,0xff,0xff,0xff,0xff,0xff,0xff,0xc0,0x00,0x00,0x03,
  0xff,0xff,0xff,0xff,0xff,0xff,0x80,0x00,0x00,0x07,0xff,0xff,0xff,0xff,0xff,0xff,0x00,0x00,0x00,0x01,0xff,0xff,0xff,0xff,
  0xff,0xfd,0x00,0x00,0x00,0x00,0xbf,0xff,0xff,0xff,0xff,0xf8,0x00,0x00,0x00,0x00,0x7f,0xff,0xff,0xff,0xff,0xe4,0x00,0x00,
  0x00,0x00,0x01,0x24,0x92,0x49,0x24,0x00,0x00,0x00,0x00,0x00,0x04,0x49,0x24,0x84,0x41,0x00,0x00,0x00,0x00,0x00,0x00,0x00,
  0x00,0x00,0x00,0x00,0x00,0x00,0x00,0x00,0x00,0x00,0x00,0x00,0x00,0x00,0x00,0x00,0x00,0x00,0x01,0x00,0x00,0x00,0x01,0x40,
  0x00,0x00,0x00,0x00,0x02,0x80,0x00,0x00,0x02,0x80,0x00,0x00,0x00,0x00,0x13,0x40,0x00,0x00,0x11,0x44,0x00,0x00,0x00,0x00,
  0x25,0xb4,0x00,0x00,0x0d,0xd0,0x00,0x00,0x00,0x00,0x1f,0xf0,0x00,0x00,0x2f,0xfc,0x00,0x00,0x00,0x00,0x3f,0xf4,0x00,0x00,
  0x1f,0xf0,0x00,0x00,0x00,0x00,0x0f,0xd0,0x00,0x00,0x07,0xe8,0x00,0x00,0x00,0x00,0x0b,0xe0,0x00,0x00,0x0f,0xf0,0x00,0x00,
  0x00,0x00,0x3f,0xf8,0x01,0x40,0x36,0xf8,0x00,0x00,0x00,0x00,0x2e,0xb4,0x03,0x40,0x1f,0xac,0x00,0x00,0x00,0x00,0x03,0x80,
  0x15,0x94,0x01,0xc0,0x00,0x00,0x00,0x00,0x01,0x40,0x2b,0x68,0x01,0x00,0x00,0x00,0x00,0x00,0x02,0x00,0x1f,0xf0,0x00,0x80,
  0x00,0x00,0x00,0x00,0x00,0x00,0x0f,0xf4,0x00,0x00,0x00,0x00,0x00,0x00,0x00,0x00,0x17,0xf0,0x00,0x00,0x00,0x00,0x00,0x00,
  0x00,0x00,0x0f,0xe8,0x00,0x00,0x00,0x00,0x00,0x00,0x00,0x00,0x3d,0xb4,0x00,0x00,0x00,0x00,0x00,0x00,0x00,0x00,0x26,0xd4,
  0x00,0x00,0x00,0x00,0x00,0x00,0x00,0x00,0x03,0x80,0x00,0x00,0x00,0x00,0x00,0x00,0x00,0x00,0x00,0x80,0x00,0x00,0x00,0x00,
  0x00,0x00,0x00,0x00,0x00,0x00,0x00,0x00,0x00,0x00,0x00,0x00,0x00,0x00,0x00,0x00,0x00,0x00,0x00,0x00,0x00,0x00,0x00,0x00,
  0x00,0x00,0x00,0x00,0x00,0x00,0x00,0x00,0x00,0x00,0x00,0x00,0x00,0x00,0x00,0x00,0x00,0x00,0x00,0x00,0x00,0x00,0x00,0x00,
  0x00,0x00,0x00,0x00,0x00,0x00,0x00,0x00,0x00,0x00,0x00,0x00,0x00,0x00,0x00,0x00,0x00,0x00,0x00,0x00,0x00,0x00,0x00,0x00,
  0x00,0x00,0x00,0x00,0x00,0x00,0x00,0x00,
};
const uint8_t icon_snow_90[] = {
  0x00,0x00,0x00,0x00,0x00,0x00,0x00,0x00,0x00,0x00,0x00,0x00,0x00,0x00,0x00,0x00,0x00,0x00,0x00,0x00,0x00,0x00,0x00,0x00,
  0x00,0x00,0x00,0x00,0x00,0x00,0x00,0x00,0x00,0x00,0x00,0x00,0x00,0x00,0x00,0x00,0x00,0x00,0x00,0x00,0x00,0x00,0x00,0x00,
  0x00,0x00,0x00,0x00,0x00,0x00,0x00,0x00,0x00,0x00,0x00,0x00,0x00,0x00,0x00,0x00,0x00,0x00,0x00,0x00,0x00,0x00,0x00,0x00,
  0x00,0x00,0x00,0x00,0x00,0x00,0x00,0x00,0x00,0x00,0x00,0x00,0x00,0x00,0x00,0x00,0x00,0x00,0x00,0x00,0x00,0x00,0x00,0x00,
  0x00,0x00,0x00,0x00,0x00,0x00,0x00,0x00,0x00,0x00,0x00,0x00,0x00,0x00,0x00,0x00,0x00,0x00,0x00,0x00,0x00,0x00,0x00,0x00,
  0x00,0x00,0x00,0x00,0x00,0x00,0x00,0x00,0x00,0x00,0x00,0x00,0x00,0x00,0x00,0x00,0x0b,0x7a,0x80,0x00,0x00,0x00,0x00,0x00,
  0x00,0x00,0x00,0x00,0x2f,0xff,0x00,0x00,0x00,0x00,0x00,0x00,0x00,0x00,0x00,0x00,0xbb,0xff,0xf0,0x00,0x00,0x00,0x00,0x00,
  0x00,0x00,0x00,0x01,0xff,0xff,0xf8,0x00,0x00,0x00,0x00,0x00,0x00,0x00,0x00,0x05,0xff,0xff,0xfd,0x00,0x00,0x00,0x00,0x00,
  0x00,0x00,0x00,0x07,0xff,0xff,0xfe,0x00,0x00,0x00,0x00,0x00,0x00,0x00,0x00,0x1f,0xff,0xff,0xff,0x80,0x00,0x00,0x00,0x00,
  0x00,0x00,0x00,0x17,0xff,0xff,0xff,0x40,0x00,0x00,0x00,0x00,0x00,0x00,0x00,0x3f,0xff,0xff,0xff,0xc0,0x00,0x00,0x00,0x00,
  0x00,0x00,0x00,0x7f,0xff,0xff,0xff,0xe0,0x00,0x00,0x00,0x00,0x00,0x00,0x00,0x7f,0xff,0xff,0xff,0xe0,0x00,0x00,0x00,0x00,
  0x00,0x00,0x00,0xff,0xff,0xff,0xff,0xfd,0x40,0x00,0x00,0x00,0x00,0x00,0x00,0xff,0xff,0xff,0xff,0xff,0xa0,0x00,0x00,0x00,
  0x00,0x00,0x01,0x7f,0xff,0xff,0xff,0xff,0xf8,0x00,0x00,0x00,0x00,0x00,0x01,0xff,0xff,0xff,0xff,0xff,0xfe,0x00,0x00,0x00,
  0x00,0x00,0x01,0xff,0xff,0xff,0xff,0xff,0xfd,0x00,0x00,0x00,0x00,0x00,0x03,0xff,0xff,0xff,0xff,0xff,0xff,0x80,0x00,0x00,
  0x00,0x00,0x01,0xff,0xff,0xff,0xff,0xff,0xff,0xc0,0x00,0x00,0x00,0x00,0x07,0xff,0xff,0xff,0xff,0xff,0xff,0xc0,0x00,0x00,
  0x00,0x00,0x0b,0xff,0xff,0xff,0xff,0xff,0xff,0xe0,0x00,0x00,0x00,0x00,0x37,0xff,0xff,0xff,0xff,0xff,0xff,0xf0,0x00,0x00,
  0x00,0x00,0x7f,0xff,0xff,0xff,0xff,0xff,0xff,0xe8,0x00,0x00,0x00,0x00,0xff,0xff,0xff,0xff,0xff,0xff,0xff,0xf0,0x00,0x00,
  0x00,0x01,0xff,0xff,0xff,0xff,0xff,0xff,0xff,0xf8,0x00,0x00,0x00,0x02,0xff,0xff,0xff,0xff,0xff,0xff,0xff,0xf0,0x00,0x00,
  0x00,0x03,0xff,0xff,0xff,0xff,0xff,0xff,0xff,0xf8,0x00,0x00,0x00,0x07,0xff,0xff,0xff,0xff,0xff,0xff,0xff,0xfa,0x00,0x00,
  0x00,0x07,0xff,0xff,0xff,0xff,0xff,0xff,0xff,0xf4,0x00,0x00,0x00,0x07,0xff,0xff,0xff,0xff,0xff,0xff,0xff,0xf8,0x00,0x00,
  0x00,0x07,0xff,0xff,0xff,0xff,0xff,0xff,0xff,0xf4,0x00,0x00,0x00,0x0b,0xff,0xff,0xff,0xff,0xff,0xff,0xff,0xf8,0x00,0x00,
  0x00,0x0f,0xff,0xff,0xff,0xff,0xff,0xff,0xff,0xf0,0x00,0x00,0x00,0x07,0xff,0xff,0xff,0xff,0xff,0xff,0xff,0xf8,0x00,0x00,
  0x00,0x07,0xff,0xff,0xff,0xff,0xff,0xff,0xff,0xf0,0x00,0x00,0x00,0x07,0xff,0xff,0xff,0xff,0xff,0xff,0xff,0xe0,0x00,0x00,
  0x00,0x03,0xff,0xff,0xff,0xff,0xff,0xff,0xff,0xd0,0x00,0x00,0x00,0x07,0xff,0xff,0xff,0xff,0xff,0xff,0xff,0xc0,0x00,0x00,
  0x00,0x01,0xff,0xff,0xff,0xff,0xff,0xff,0xff,0xc0,0x00,0x00,0x00,0x02,0xff,0xff,0xff,0xff,0xff,0xff,0xff,0x00,0x00,0x00,
  0x00,0x00,0xff,0xff,0xff,0xff,0xff,0xff,0xff,0x00,0x00,0x00,0x00,0x00,0xbf,0xff,0xff,0xff,0xff,0xff,0xfc,0x00,0x00,0x00,
  0x00,0x00,0x2f,0xff,0xff,0xff,0xff,0xff,0xf1,0x00,0x00,0x00,0x00,0x00,0x1f,0xff,0xff,0xff,0xff,0xff,0xd4,0x00,0x00,0x00,
  0x00,0x00,0x00,0x49,0x24,0x92,0x49,0x24,0x00,0x00,0x00,0x00,0x00,0x00,0x01,0x24,0x92,0x49,0x24,0x90,0x00,0x00,0x00,0x00,
  0x00,0x00,0x00,0x00,0x00,0x00,0x00,0x00,0x00,0x00,0x00,0x00,0x00,0x00,0x00,0x00,0x00,0x00,0x00,0x00,0x00,0x00,0x00,0x00,
  0x00,0x00,0x00,0x00,0x00,0x00,0x00,0x02,0x80,0x00,0x00,0x00,0x00,0x00,0x00,0x50,0x00,0x00,0x00,0x01,0x00,0x00,0x00,0x00,
  0x00,0x00,0x00,0x68,0x00,0x00,0x00,0x05,0x40,0x00,0x00,0x00,0x00,0x00,0x04,0xa4,0x80,0x00,0x00,0x4b,0x08,0x00,0x00,0x00,
  0x00,0x00,0x04,0xfa,0x00,0x00,0x00,0x2b,0xd0,0x00,0x00,0x00,0x00,0x00,0x0b,0xdf,0x40,0x00,0x00,0xbf,0xf8,0x00,0x00,0x00,
  0x00,0x00,0x07,0xfe,0x80,0x00,0x00,0x3f,0xe8,0x00,0x00,0x00,0x00,0x00,0x03,0xfd,0x00,0x00,0x00,0x2f,0xe4,0x00,0x00,0x00,
  0x00,0x00,0x01,0xfc,0x00,0x00,0x00,0x1f,0xb0,0x00,0x00,0x00,0x00,0x00,0x06,0xff,0x00,0x08,0x00,0x5f,0xe8,0x00,0x00,0x00,
  0x00,0x00,0x0f,0xef,0x40,0x16,0x00,0xbb,0xf8,0x00,0x00,0x00,0x00,0x00,0x05,0x75,0x00,0x2a,0x00,0x5d,0x54,0x00,0x00,0x00,
  0x00,0x00,0x00,0x68,0x02,0xad,0x60,0x03,0x80,0x00,0x00,0x00,0x00,0x00,0x00,0x50,0x01,0x7e,0xa0,0x05,0x00,0x00,0x00,0x00,
  0x00,0x00,0x00,0x20,0x01,0xdb,0xc0,0x01,0x00,0x00,0x00,0x00,0x00,0x00,0x00,0x00,0x00,0x7f,0xa0,0x00,0x00,0x00,0x00,0x00,
  0x00,0x00,0x00,0x00,0x01,0x7f,0x80,0x00,0x40,0x00,0x00,0x00,0x00,0x00,0x00,0x00,0x00,0xff,0xc0,0x00,0x00,0x00,0x00,0x00,
  0x00,0x00,0x00,0x00,0x02,0xbf,0x50,0x00,0x00,0x00,0x00,0x00,0x00,0x00,0x00,0x00,0x01,0xeb,0xd0,0x00,0x00,0x00,0x00,0x00,
  0x00,0x00,0x00,0x00,0x02,0x3c,0x40,0x00,0x00,0x00,0x00,0x00,0x00,0x00,0x00,0x00,0x00,0x0b,0x00,0x00,0x00,0x00,0x00,0x00,
  0x00,0x00,0x00,0x00,0x00,0x14,0x00,0x00,0x00,0x00,0x00,0x00,0x00,0x00,0x00,0x00,0x00,0x00,0x00,0x00,0x00,0x00,0x00,0x00,
  0x00,0x00,0x00,0x00,0x00,0x00,0x00,0x00,0x00,0x00,0x00,0x00,0x00,0x00,0x00,0x00,0x00,0x00,0x00,0x00,0x00,0x00,0x00,0x00,
  0x00,0x00,0x00,0x00,0x00,0x00,0x00,0x00,0x00,0x00,0x00,0x00,0x00,0x00,0x00,0x00,0x00,0x00,0x00,0x00,0x00,0x00,0x00,0x00,
  0x00,0x00,0x00,0x00,0x00,0x00,0x00,0x00,0x00,0x00,0x00,0x00,0x00,0x00,0x00,0x00,0x00,0x00,0x00,0x00,0x00,0x00,0x00,0x00,
  0x00,0x00,0x00,0x00,0x00,0x00,0x00,0x00,0x00,0x00,0x00,0x00,0x00,0x00,0x00,0x00,0x00,0x00,0x00,0x00,0x00,0x00,0x00,0x00,
};
const uint8_t icon_storm_60[] = {
  0x00,0x00,0x00,0x00,0x00,0x00,0x00,0x00,0x00,0x00,0x00,0x00,0x00,0x00,0x00,0x00,0x00,0x00,0x00,0x00,0x00,0x00,0x00,0x00,
  0x00,0x00,0x00,0x00,0x00,0x00,0x00,0x00,0x00,0x00,0x00,0x00,0x00,0x00,0x00,0x00,0x00,0x00,0x00,0x00,0x00,0x00,0x00,0x00,
  0x00,0x00,0x00,0x00,0x00,0x00,0x00,0x00,0x00,0x00,0x00,0x00,0x00,0x00,0x00,0x00,0x00,0x00,0x00,0x00,0x00,0x00,0x00,0x00,
  0x00,0x00,0x00,0x5d,0x00,0x00,0x00,0x00,0x00,0x00,0x01,0xff,0xa0,0x00,0x00,0x00,0x00,0x00,0x07,0xff,0xe0,0x00,0x00,0x00,
  0x00,0x00,0x0f,0xff,0xfc,0x00,0x00,0x00,0x00,0x00,0x1f,0xff,0xfc,0x00,0x00,0x00,0x00,0x00,0x3f,0xff,0xfe,0x00,0x00,0x00,
  0x00,0x00,0x7f,0xff,0xff,0x00,0x00,0x00,0x00,0x00,0xff,0xff,0xff,0x90,0x00,0x00,0x00,0x00,0x7f,0xff,0xff,0xea,0x00,0x00,
  0x00,0x00,0xff,0xff,0xff,0xff,0x00,0x00,0x00,0x01,0xff,0xff,0xff,0xff,0x80,0x00,0x00,0x01,0xff,0xff,0xff,0xff,0xc0,0x00,
  0x00,0x01,0xff,0xff,0xff,0xff,0xe0,0x00,0x00,0x03,0xff,0xff,0xff,0xff,0xf0,0x00,0x00,0x0f,0xff,0xff,0xff,0xff,0xf0,0x00,
  0x00,0x3f,0xff,0xff,0xff,0xff,0xf8,0x00,0x00,0x7f,0xff,0xfb,0xff,0xff,0xf8,0x00,0x00,0xff,0xff,0x88,0x3f,0xff,0xf8,0x00,
  0x01,0xff,0xff,0x00,0x1f,0xff,0xf8,0x00,0x00,0xff,0xfe,0x12,0x8f,0xff,0xfc,0x00,0x01,0xff,0xfe,0x5d,0x0f,0xff,0xf8,0x00,
  0x03,0xff,0xfe,0x3f,0x8f,0xff,0xf8,0x00,0x01,0xff,0xfc,0x7f,0x9f,0xff,0xf0,0x00,0x01,0xff,0xfe,0x3f,0x0f,0xff,0xf8,0x00,
  0x01,0xff,0xfc,0x7f,0x3f,0xff,0xf0,0x00,0x00,0xff,0xfc,0x7e,0x1f,0xff,0xe0,0x00,0x01,0xff,0xfc,0xfe,0x07,0xff,0xc0,0x00,
  0x00,0x7f,0xf8,0x7c,0x03,0xff,0xa0,0x00,0x00,0x3f,0xf8,0xff,0x45,0xfe,0x80,0x00,0x00,0x0f,0xf8,0xff,0xf3,0xfc,0x00,0x00,
  0x00,0x00,0x01,0xff,0xe0,0x00,0x00,0x00,0x00,0x00,0x20,0xef,0xe0,0x00,0x00,0x00,0x00,0x00,0x00,0x1f,0xc0,0x00,0x00,0x00,
  0x00,0x00,0x00,0x07,0x80,0x00,0x00,0x00,0x00,0x00,0xd0,0x07,0x80,0x60,0x00,0x00,0x00,0x00,0xe0,0x0f,0x80,0xf0,0x00,0x00,
  0x00,0x01,0xf0,0x07,0x00,0xf0,0x00,0x00,0x00,0x01,0xe0,0x0e,0x01,0xe0,0x00,0x00,0x00,0x01,0xc0,0x0f,0x01,0xe0,0x00,0x00,
  0x00,0x03,0xd0,0x0c,0x01,0xe0,0x00,0x00,0x00,0x03,0xc0,0x0c,0x03,0xc0,0x00,0x00,0x00,0x03,0x80,0x0c,0x01,0xc0,0x00,0x00,
  0x00,0x00,0x00,0x00,0x00,0x00,0x00,0x00,0x00,0x00,0x00,0x00,0x00,0x00,0x00,0x00,0x00,0x00,0x00,0x00,0x00,0x00,0x00,0x00,
  0x00,0x00,0x00,0x00,0x00,0x00,0x00,0x00,0x00,0x00,0x00,0x00,0x00,0x00,0x00,0x00,0x00,0x00,0x00,0x00,0x00,0x00,0x00,0x00,
  0x00,0x00,0x00,0x00,0x00,0x00,0x00,0x00,0x00,0x00,0x00,0x00,0x00,0x00,0x00,0x00,0x00,0x00,0x00,0x00,0x00,0x00,0x00,0x00,
};
const uint8_t icon_storm_80[] = {
  0x00,0x00,0x00,0x00,0x00,0x00,0x00,0x00,0x00,0x00,0x00,0x00,0x00,0x00,0x00,0x00,0x00,0x00,0x00,0x00,0x00,0x00,0x00,0x00,
  0x00,0x00,0x00,0x00,0x00,0x00,0x00,0x00,0x00,0x00,0x00,0x00,0x00,0x00,0x00,0x00,0x00,0x00,0x00,0x00,0x00,0x00,0x00,0x00,
  0x00,0x00,0x00,0x00,0x00,0x00,0x00,0x00,0x00,0x00,0x00,0x00,0x00,0x00,0x00,0x00,0x00,0x00,0x00,0x00,0x00,0x00,0x00,0x00,
  0x00,0x00,0x00,0x00,0x00,0x00,0x00,0x00,0x00,0x00,0x00,0x00,0x00,0x00,0x00,0x00,0x00,0x00,0x00,0x00,0x00,0x00,0x00,0x00,
  0x00,0x00,0x00,0x00,0x00,0x00,0x00,0x00,0x00,0x00,0x00,0x00,0x00,0x00,0x00,0x00,0x00,0x00,0x00,0x00,0x00,0x00,0x00,0x00,
  0x00,0x00,0x00,0x00,0x2e,0xa0,0x00,0x00,0x00,0x00,0x00,0x00,0x00,0x00,0xdb,0xd0,0x00,0x00,0x00,0x00,0x00,0x00,0x00,0x07,
  0xff,0xfe,0x00,0x00,0x00,0x00,0x00,0x00,0x00,0x0b,0xff,0xff,0x00,0x00,0x00,0x00,0x00,0x00,0x00,0x3f,0xff,0xff,0xc0,0x00,
  0x00,0x00,0x00,0x00,0x00,0x3f,0xff,0xff,0xc0,0x00,0x00,0x00,0x00,0x00,0x00,0xff,0xff,0xff,0xf0,0x00,0x00,0x00,0x00,0x00,
  0x00,0xff,0xff,0xff,0xf0,0x00,0x00,0x00,0x00,0x00,0x01,0xff,0xff,0xff,0xf8,0x00,0x00,0x00,0x00,0x00,0x03,0xff,0xff,0xff,
  0xfc,0x00,0x00,0x00,0x00,0x00,0x03,0xff,0xff,0xff,0xff,0xa8,0x00,0x00,0x00,0x00,0x07,0xff,0xff,0xff,0xfe,0xf0,0x00,0x00,
  0x00,0x00,0x05,0xff,0xff,0xff,0xff,0xff,0x00,0x00,0x00,0x00,0x0b,0xff,0xff,0xff,0xff,0xff,0x80,0x00,0x00,0x00,0x0f,0xff,
  0xff,0xff,0xff,0xff,0xd0,0x00,0x00,0x00,0x0f,0xff,0xff,0xff,0xff,0xff,0xe0,0x00,0x00,0x00,0x0f,0xff,0xff,0xff,0xff,0xff,
  0xf0,0x00,0x00,0x00,0x0f,0xff,0xff,0xff,0xff,0xff,0xf8,0x00,0x00,0x00,0x7f,0xff,0xff,0xff,0xff,0xff,0xf4,0x00,0x00,0x01,
  0xbf,0xff,0xff,0xff,0xff,0xff,0xfc,0x00,0x00,0x07,0xff,0xff,0xff,0xff,0xff,0xff,0xfc,0x00,0x00,0x0f,0xff,0xff,0xff,0xff,
  0xff,0xff,0xfc,0x00,0x00,0x17,0xff,0xff,0xea,0xaf,0xff,0xff,0xfe,0x00,0x00,0x3f,0xff,0xff,0xa4,0x97,0xff,0xff,0xfd,0x00,
  0x00,0x3f,0xff,0xff,0x00,0x01,0xff,0xff,0xfe,0x00,0x00,0x3f,0xff,0xfe,0x00,0x01,0x7f,0xff,0xfe,0x00,0x00,0x7f,0xff,0xff,
  0x16,0xd0,0xff,0xff,0xfd,0x00,0x00,0x5f,0xff,0xfc,0x1b,0x60,0xff,0xff,0xfe,0x00,0x00,0x7f,0xff,0xfe,0x3f,0xf1,0xff,0xff,
  0xfd,0x00,0x00,0xbf,0xff,0xfc,0x3f,0xf0,0xff,0xff,0xfc,0x00,0x00,0x7f,0xff,0xfc,0x3f,0xe1,0xff,0xff,0xfc,0x00,0x00,0x7f,
  0xff,0xfc,0x3f,0xd2,0xff,0xff,0xfc,0x00,0x00,0x3f,0xff,0xf8,0x7f,0xc3,0xff,0xff,0xf8,0x00,0x00,0x7f,0xff,0xfc,0x3f,0xc1,
  0xff,0xff,0xf4,0x00,0x00,0x3f,0xff,0xf8,0xbf,0xa2,0xff,0xff,0xf0,0x00,0x00,0x1f,0xff,0xf4,0x7f,0x80,0x3f,0xff,0xe0,0x00,
  0x00,0x0f,0xff,0xf8,0xff,0x40,0x5f,0xff,0xc0,0x00,0x00,0x0b,0xff,0xf0,0xbf,0x00,0x3f,0xff,0x40,0x00,0x00,0x05,0xff,0xf0,
  0xff,0xfe,0x1f,0xfd,0x00,0x00,0x00,0x01,0xff,0xe8,0xff,0xfe,0x17,0xf4,0x00,0x00,0x00,0x00,0x00,0x10,0xff,0xfe,0x08,0x00,
  0x00,0x00,0x00,0x00,0x04,0x81,0xff,0xfd,0x02,0x00,0x00,0x00,0x00,0x00,0x00,0x00,0x57,0xfc,0x00,0x00,0x00,0x00,0x00,0x00,
  0x00,0x00,0x4b,0xf8,0x00,0x00,0x00,0x00,0x00,0x00,0x00,0x00,0x02,0xf8,0x00,0x00,0x00,0x00,0x00,0x00,0x01,0x00,0x03,0xf4,
  0x01,0x40,0x00,0x00,0x00,0x00,0x07,0xc0,0x03,0xf0,0x03,0xa0,0x00,0x00,0x00,0x00,0x03,0xc0,0x03,0xe0,0x07,0xc0,0x00,0x00,
  0x00,0x00,0x0f,0xc0,0x03,0xd0,0x03,0xd0,0x00,0x00,0x00,0x00,0x0f,0x80,0x03,0xc0,0x0f,0xc0,0x00,0x00,0x00,0x00,0x0f,0xc0,
  0x07,0xc0,0x0b,0xc0,0x00,0x00,0x00,0x00,0x0f,0x00,0x03,0x80,0x0f,0x80,0x00,0x00,0x00,0x00,0x1f,0x40,0x07,0x40,0x1f,0x80,
  0x00,0x00,0x00,0x00,0x2f,0x00,0x03,0x00,0x0f,0x40,0x00,0x00,0x00,0x00,0x1e,0x00,0x0f,0x00,0x1f,0x00,0x00,0x00,0x00,0x00,
  0x2f,0x00,0x02,0x80,0x0e,0x00,0x00,0x00,0x00,0x00,0x04,0x00,0x00,0x00,0x01,0x00,0x00,0x00,0x00,0x00,0x00,0x00,0x00,0x00,
  0x08,0x00,0x00,0x00,0x00,0x00,0x00,0x00,0x00,0x00,0x00,0x00,0x00,0x00,0x00,0x00,0x00,0x00,0x00,0x00,0x00,0x00,0x00,0x00,
  0x00,0x00,0x00,0x00,0x00,0x00,0x00,0x00,0x00,0x00,0x00,0x00,0x00,0x00,0x00,0x00,0x00,0x00,0x00,0x00,0x00,0x00,0x00,0x00,
  0x00,0x00,0x00,0x00,0x00,0x00,0x00,0x00,0x00,0x00,0x00,0x00,0x00,0x00,0x00,0x00,0x00,0x00,0x00,0x00,0x00,0x00,0x00,0x00,
  0x00,0x00,0x00,0x00,0x00,0x00,0x00,0x00,0x00,0x00,0x00,0x00,0x00,0x00,0x00,0x00,0x00,0x00,0x00,0x00,0x00,0x00,0x00,0x00,
  0x00,0x00,0x00,0x00,0x00,0x00,0x00,0x00,
};
const uint8_t icon_storm_90[] = {
  0x00,0x00,0x00,0x00,0x00,0x00,0x00,0x00,0x00,0x00,0x00,0x00,0x00,0x00,0x00,0x00,0x00,0x00,0x00,0x00,0x00,0x00,0x00,0x00,
  0x00,0x00,0x00,0x00,0x00,0x00,0x00,0x00,0x00,0x00,0x00,0x00,0x00,0x00,0x00,0x00,0x00,0x00,0x00,0x00,0x00,0x00,0x00,0x00,
  0x00,0x00,0x00,0x00,0x00,0x00,0x00,0x00,0x00,0x00,0x00,0x00,0x00,0x00,0x00,0x00,0x00,0x00,0x00,0x00,0x00,0x00,0x00,0x00,
  0x00,0x00,0x00,0x00,0x00,0x00,0x00,0x00,0x00,0x00,0x00,0x00,0x00,0x00,0x00,0x00,0x00,0x00,0x00,0x00,0x00,0x00,0x00,0x00,
  0x00,0x00,0x00,0x00,0x00,0x00,0x00,0x00,0x00,0x00,0x00,0x00,0x00,0x00,0x00,0x00,0x00,0x00,0x00,0x00,0x00,0x00,0x00,0x00,
  0x00,0x00,0x00,0x00,0x00,0x00,0x00,0x00,0x00,0x00,0x00,0x00,0x00,0x00,0x00,0x00,0x00,0x00,0x00,0x00,0x00,0x00,0x00,0x00,
  0x00,0x00,0x00,0x00,0x00,0x00,0x00,0x00,0x00,0x00,0x00,0x00,0x00,0x00,0x00,0x00,0x00,0x90,0x00,0x00,0x00,0x00,0x00,0x00,
  0x00,0x00,0x00,0x00,0x06,0xef,0x00,0x00,0x00,0x00,0x00,0x00,0x00,0x00,0x00,0x00,0x15,0xfd,0xd0,0x00,0x00,0x00,0x00,0x00,
  0x00,0x00,0x00,0x00,0xff,0xff,0xf4,0x00,0x00,0x00,0x00,0x00,0x00,0x00,0x00,0x01,0x7f,0xff,0xf8,0x00,0x00,0x00,0x00,0x00,
  0x00,0x00,0x00,0x03,0xff,0xff,0xff,0x00,0x00,0x00,0x00,0x00,0x00,0x00,0x00,0x07,0xff,0xff,0xff,0x80,0x00,0x00,0x00,0x00,
  0x00,0x00,0x00,0x1f,0xff,0xff,0xff,0xa0,0x00,0x00,0x00,0x00,0x00,0x00,0x00,0x17,0xff,0xff,0xff,0xc0,0x00,0x00,0x00,0x00,
  0x00,0x00,0x00,0x3f,0xff,0xff,0xff,0xe0,0x00,0x00,0x00,0x00,0x00,0x00,0x00,0x5f,0xff,0xff,0xff,0xf8,0x00,0x00,0x00,0x00,
  0x00,0x00,0x00,0x7f,0xff,0xff,0xff,0xf0,0x00,0x00,0x00,0x00,0x00,0x00,0x00,0xff,0xff,0xff,0xff,0xff,0xd0,0x00,0x00,0x00,
  0x00,0x00,0x00,0x7f,0xff,0xff,0xff,0xfe,0xea,0x00,0x00,0x00,0x00,0x00,0x01,0xff,0xff,0xff,0xff,0xff,0xfe,0x00,0x00,0x00,
  0x00,0x00,0x01,0x7f,0xff,0xff,0xff,0xff,0xff,0x80,0x00,0x00,0x00,0x00,0x01,0xff,0xff,0xff,0xff,0xff,0xff,0xe0,0x00,0x00,
  0x00,0x00,0x02,0xff,0xff,0xff,0xff,0xff,0xff,0xd0,0x00,0x00,0x00,0x00,0x01,0xff,0xff,0xff,0xff,0xff,0xff,0xf0,0x00,0x00,
  0x00,0x00,0x03,0xff,0xff,0xff,0xff,0xff,0xff,0xf8,0x00,0x00,0x00,0x00,0x03,0xff,0xff,0xff,0xff,0xff,0xff,0xfa,0x00,0x00,
  0x00,0x00,0x3d,0xff,0xff,0xff,0xff,0xff,0xff,0xfc,0x00,0x00,0x00,0x00,0xaf,0xff,0xff,0xff,0xff,0xff,0xff,0xfc,0x00,0x00,
  0x00,0x01,0xff,0xff,0xff,0xff,0xff,0xff,0xff,0xfe,0x00,0x00,0x00,0x03,0xff,0xff,0xff,0xff,0xff,0xff,0xff,0xfe,0x00,0x00,
  0x00,0x07,0xff,0xff,0xff,0x5a,0xff,0xff,0xff,0xfe,0x80,0x00,0x00,0x0f,0xff,0xff,0xfd,0x55,0x2f,0xff,0xff,0xfe,0x00,0x00,
  0x00,0x1f,0xff,0xff,0xf4,0x00,0x9f,0xff,0xff,0xff,0x80,0x00,0x00,0x17,0xff,0xff,0xf0,0x00,0x07,0xff,0xff,0xfe,0x00,0x00,
  0x00,0x1f,0xff,0xff,0xe0,0x48,0x03,0xff,0xff,0xff,0x80,0x00,0x00,0x3f,0xff,0xff,0xe9,0x57,0x45,0xff,0xff,0xfe,0x00,0x00,
  0x00,0x2f,0xff,0xff,0xc0,0xfb,0x83,0xff,0xff,0xff,0x00,0x00,0x00,0x3f,0xff,0xff,0xd3,0xbf,0x83,0xff,0xff,0xfe,0x80,0x00,
  0x00,0x5f,0xff,0xff,0xc1,0xff,0x87,0xff,0xff,0xfe,0x00,0x00,0x00,0x3f,0xff,0xff,0xc3,0xff,0x83,0xff,0xff,0xfe,0x00,0x00,
  0x00,0x2f,0xff,0xff,0x83,0xfe,0x8f,0xff,0xff,0xfc,0x00,0x00,0x00,0x3f,0xff,0xff,0xc3,0xff,0x0b,0xff,0xff,0xfe,0x00,0x00,
  0x00,0x1f,0xff,0xff,0x85,0xfe,0x0f,0xff,0xff,0xf8,0x00,0x00,0x00,0x1f,0xff,0xff,0x87,0xfe,0x17,0xff,0xff,0xfa,0x00,0x00,
  0x00,0x17,0xff,0xff,0x8b,0xfe,0x02,0xff,0xff,0xf0,0x00,0x00,0x00,0x0f,0xff,0xfe,0x87,0xfa,0x03,0xff,0xff,0xe8,0x00,0x00,
  0x00,0x07,0xff,0xff,0x4b,0xfc,0x00,0x7f,0xff,0xc0,0x00,0x00,0x00,0x03,0xff,0xff,0x0f,0xfa,0x00,0xff,0xff,0xa0,0x00,0x00,
  0x00,0x01,0x7f,0xfe,0x8f,0xff,0xf8,0x3f,0xfd,0x00,0x00,0x00,0x00,0x00,0xff,0xff,0x0f,0xff,0xf4,0x7f,0xfa,0x00,0x00,0x00,
  0x00,0x00,0x15,0x54,0x0f,0xff,0xf8,0x15,0x48,0x00,0x00,0x00,0x00,0x00,0x00,0x8a,0x17,0xff,0xe8,0x08,0x00,0x00,0x00,0x00,
  0x00,0x00,0x00,0x00,0x0f,0xff,0xf0,0x21,0x00,0x00,0x00,0x00,0x00,0x00,0x00,0x00,0x0a,0x5f,0xe0,0x00,0x00,0x00,0x00,0x00,
  0x00,0x00,0x00,0x00,0x01,0x2f,0xf0,0x00,0x00,0x00,0x00,0x00,0x00,0x00,0x00,0x00,0x00,0x3f,0xa0,0x00,0x00,0x00,0x00,0x00,
  0x00,0x00,0x00,0x50,0x00,0x0f,0xc0,0x01,0x00,0x00,0x00,0x00,0x00,0x00,0x00,0xb4,0x00,0x3f,0x80,0x06,0x80,0x00,0x00,0x00,
  0x00,0x00,0x00,0xf8,0x00,0x1f,0x80,0x0f,0xc0,0x00,0x00,0x00,0x00,0x00,0x01,0x78,0x00,0x1f,0x40,0x0f,0xa0,0x00,0x00,0x00,
  0x00,0x00,0x02,0xf8,0x00,0x3e,0x80,0x17,0xc0,0x00,0x00,0x00,0x00,0x00,0x01,0xf8,0x00,0x1e,0x00,0x1f,0x80,0x00,0x00,0x00,
  0x00,0x00,0x03,0xf4,0x00,0x3e,0x00,0x2f,0x80,0x00,0x00,0x00,0x00,0x00,0x03,0xe8,0x00,0x3d,0x00,0x3f,0x40,0x00,0x00,0x00,
  0x00,0x00,0x05,0xe0,0x00,0x3a,0x00,0x3f,0x00,0x00,0x00,0x00,0x00,0x00,0x07,0xe0,0x00,0x58,0x00,0x3e,0x80,0x00,0x00,0x00,
  0x00,0x00,0x0b,0xe0,0x00,0x38,0x00,0x5e,0x00,0x00,0x00,0x00,0x00,0x00,0x07,0xc0,0x00,0x58,0x00,0x3e,0x00,0x00,0x00,0x00,
  0x00,0x00,0x01,0x40,0x00,0x20,0x00,0x28,0x00,0x00,0x00,0x00,0x00,0x00,0x00,0x00,0x00,0x08,0x00,0x04,0x00,0x00,0x00,0x00,
  0x00,0x00,0x01,0x00,0x00,0x00,0x00,0x00,0x00,0x00,0x00,0x00,0x00,0x00,0x00,0x00,0x00,0x00,0x00,0x00,0x00,0x00,0x00,0x00,
  0x00,0x00,0x00,0x00,0x00,0x00,0x00,0x00,0x00,0x00,0x00,0x00,0x00,0x00,0x00,0x00,0x00,0x00,0x00,0x00,0x00,0x00,0x00,0x00,
  0x00,0x00,0x00,0x00,0x00,0x00,0x00,0x00,0x00,0x00,0x00,0x00,0x00,0x00,0x00,0x00,0x00,0x00,0x00,0x00,0x00,0x00,0x00,0x00,
  0x00,0x00,0x00,0x00,0x00,0x00,0x00,0x00,0x00,0x00,0x00,0x00,0x00,0x00,0x00,0x00,0x00,0x00,0x00,0x00,0x00,0x00,0x00,0x00,
  0x00,0x00,0x00,0x00,0x00,0x00,0x00,0x00,0x00,0x00,0x00,0x00,0x00,0x00,0x00,0x00,0x00,0x00,0x00,0x00,0x00,0x00,0x00,0x00,
  0x00,0x00,0x00,0x00,0x00,0x00,0x00,0x00,0x00,0x00,0x00,0x00,0x00,0x00,0x00,0x00,0x00,0x00,0x00,0x00,0x00,0x00,0x00,0x00,
};
const uint8_t icon_windy_60[] = {
  0x00,0x00,0x00,0x00,0x00,0x00,0x00,0x00,0x00,0x00,0x00,0x00,0x00,0x00,0x00,0x00,0x00,0x00,0x00,0x00,0x00,0x00,0x00,0x00,
  0x00,0x00,0x00,0x00,0x00,0x00,0x00,0x00,0x00,0x00,0x00,0x00,0x00,0x00,0x00,0x00,0x00,0x00,0x00,0x00,0x00,0x00,0x00,0x00,
  0x00,0x00,0x00,0x00,0x00,0x00,0x00,0x00,0x00,0x00,0x00,0x00,0x00,0x00,0x00,0x00,0x00,0x00,0x00,0x00,0x00,0x00,0x00,0x00,
  0x00,0x00,0x00,0x5d,0x00,0x00,0x00,0x00,0x00,0x00,0x01,0xff,0xa0,0x00,0x00,0x00,0x00,0x00,0x07,0xff,0xe0,0x00,0x00,0x00,
  0x00,0x00,0x0f,0xff,0xfc,0x00,0x00,0x00,0x00,0x00,0x1f,0xff,0xfc,0x00,0x00,0x00,0x00,0x00,0x3f,0xff,0xfe,0x00,0x00,0x00,
  0x00,0x00,0x7f,0xff,0xff,0x00,0x00,0x00,0x00,0x00,0xff,0xff,0xff,0x90,0x00,0x00,0x00,0x00,0x7f,0xff,0xff,0xe8,0x00,0x00,
  0x00,0x00,0xff,0xff,0xff,0xff,0x00,0x00,0x00,0x01,0xff,0xff,0xff,0xff,0x80,0x00,0x00,0x01,0xff,0xff,0xff,0xff,0xe0,0x00,
  0x00,0x01,0xff,0xff,0xff,0xff,0xe0,0x00,0x00,0x03,0xff,0xfa,0x5f,0xff,0xf0,0x00,0x00,0x0f,0xff,0xf0,0x2f,0xff,0xf0,0x00,
  0x00,0x3f,0xff,0xe0,0x0f,0xff,0xf8,0x00,0x00,0x7f,0xff,0xc0,0x03,0xff,0xf8,0x00,0x00,0xff,0xff,0xc3,0x87,0xff,0xf8,0x00,
  0x01,0xff,0xff,0x87,0xc1,0xff,0xf8,0x00,0x00,0xff,0xff,0xef,0xe3,0xff,0xfc,0x00,0x01,0xff,0xff,0xff,0xc3,0xff,0xf8,0x00,
  0x03,0xff,0xff,0xff,0xc3,0xff,0xf8,0x00,0x01,0xff,0xaa,0xaa,0x03,0xff,0xf0,0x00,0x01,0xfe,0x00,0x00,0x87,0xff,0xf8,0x00,
  0x01,0xfe,0x00,0x00,0x0f,0xff,0xf0,0x00,0x00,0xfe,0x02,0x20,0x2f,0xff,0xe0,0x00,0x01,0xff,0xb4,0x96,0xbf,0xff,0xc0,0x00,
  0x00,0x7f,0xff,0xff,0xff,0xff,0xa0,0x00,0x00,0x3f,0xff,0xff,0xff,0xfe,0x80,0x00,0x00,0x0f,0xff,0xff,0xff,0xfd,0x00,0x00,
  0x00,0x00,0x00,0x00,0x00,0x00,0x00,0x00,0x00,0x00,0x00,0x00,0x00,0x00,0x00,0x00,0x00,0x00,0x04,0x92,0x24,0x00,0x00,0x00,
  0x00,0x00,0x07,0xfd,0xfb,0xe0,0x00,0x00,0x00,0x00,0x0b,0xff,0xff,0xe8,0x00,0x00,0x00,0x00,0x07,0xff,0xff,0xf8,0x00,0x00,
  0x00,0x00,0x05,0x55,0xab,0xf8,0x00,0x00,0x00,0x00,0x00,0x82,0x10,0x3c,0x00,0x00,0x00,0x00,0x00,0x00,0x00,0x3a,0x00,0x00,
  0x00,0x00,0x00,0x00,0x02,0x3c,0x00,0x00,0x00,0x00,0x00,0x00,0x0d,0x78,0x00,0x00,0x00,0x00,0x00,0x00,0x0f,0xf8,0x00,0x00,
  0x00,0x00,0x00,0x00,0x0f,0xf0,0x00,0x00,0x00,0x00,0x00,0x00,0x03,0xd0,0x00,0x00,0x00,0x00,0x00,0x00,0x00,0x40,0x00,0x00,
  0x00,0x00,0x00,0x00,0x00,0x00,0x00,0x00,0x00,0x00,0x00,0x00,0x00,0x00,0x00,0x00,0x00,0x00,0x00,0x00,0x00,0x00,0x00,0x00,
  0x00,0x00,0x00,0x00,0x00,0x00,0x00,0x00,0x00,0x00,0x00,0x00,0x00,0x00,0x00,0x00,0x00,0x00,0x00,0x00,0x00,0x00,0x00,0x00,
};
const uint8_t icon_windy_80[] = {
  0x00,0x00,0x00,0x00,0x00,0x00,0x00,0x00,0x00,0x00,0x00,0x00,0x00,0x00,0x00,0x00,0x00,0x00,0x00,0x00,0x00,0x00,0x00,0x00,
  0x00,0x00,0x00,0x00,0x00,0x00,0x00,0x00,0x00,0x00,0x00,0x00,0x00,0x00,0x00,0x00,0x00,0x00,0x00,0x00,0x00,0x00,0x00,0x00,
  0x00,0x00,0x00,0x00,0x00,0x00,0x00,0x00,0x00,0x00,0x00,0x00,0x00,0x00,0x00,0x00,0x00,0x00,0x00,0x00,0x00,0x00,0x00,0x00,
  0x00,0x00,0x00,0x00,0x00,0x00,0x00,0x00,0x00,0x00,0x00,0x00,0x00,0x00,0x00,0x00,0x00,0x00,0x00,0x00,0x00,0x00,0x00,0x00,
  0x00,0x00,0x00,0x00,0x00,0x00,0x00,0x00,0x00,0x00,0x00,0x00,0x00,0x00,0x00,0x00,0x00,0x00,0x00,0x00,0x00,0x00,0x00,0x00,
  0x00,0x00,0x00,0x00,0x2e,0xa0,0x00,0x00,0x00,0x00,0x00,0x00,0x00,0x00,0xdb,0xd0,0x00,0x00,0x00,0x00,0x00,0x00,0x00,0x07,
  0xff,0xfe,0x00,0x00,0x00,0x00,0x00,0x00,0x00,0x0b,0xff,0xff,0x00,0x00,0x00,0x00,0x00,0x00,0x00,0x3f,0xff,0xff,0xc0,0x00,
  0x00,0x00,0x00,0x00,0x00,0x3f,0xff,0xff,0xc0,0x00,0x00,0x00,0x00,0x00,0x00,0xff,0xff,0xff,0xf0,0x00,0x00,0x00,0x00,0x00,
  0x00,0xff,0xff,0xff,0xf0,0x00,0x00,0x00,0x00,0x00,0x01,0xff,0xff,0xff,0xf8,0x00,0x00,0x00,0x00,0x00,0x03,0xff,0xff,0xff,
  0xfc,0x00,0x00,0x00,0x00,0x00,0x03,0xff,0xff,0xff,0xff,0xa0,0x00,0x00,0x00,0x00,0x07,0xff,0xff,0xff,0xfe,0xfa,0x00,0x00,
  0x00,0x00,0x05,0xff,0xff,0xff,0xff,0xfd,0x00,0x00,0x00,0x00,0x0b,0xff,0xff,0xff,0xff,0xff,0x80,0x00,0x00,0x00,0x0f,0xff,
  0xff,0xff,0xff,0xff,0xd0,0x00,0x00,0x00,0x0f,0xff,0xff,0xff,0xff,0xff,0xe0,0x00,0x00,0x00,0x0f,0xff,0xff,0xff,0xff,0xff,
  0xf0,0x00,0x00,0x00,0x0f,0xff,0xff,0xff,0xff,0xff,0xf8,0x00,0x00,0x00,0x7f,0xff,0xfc,0x03,0xff,0xff,0xf8,0x00,0x00,0x01,
  0xbf,0xff,0xfa,0x01,0x7f,0xff,0xfc,0x00,0x00,0x07,0xff,0xff,0xf0,0x00,0xff,0xff,0xfc,0x00,0x00,0x0f,0xff,0xff,0xe0,0x00,
  0x3f,0xff,0xfe,0x00,0x00,0x17,0xff,0xff,0xd0,0x50,0x5f,0xff,0xfd,0x00,0x00,0x3f,0xff,0xff,0xc0,0xa0,0x3f,0xff,0xfe,0x00,
  0x00,0x3f,0xff,0xff,0xc1,0xfc,0x1f,0xff,0xfd,0x00,0x00,0x3f,0xff,0xff,0xe5,0xfc,0x2f,0xff,0xfe,0x00,0x00,0x7f,0xff,0xff,
  0xfb,0xfc,0x1f,0xff,0xfd,0x00,0x00,0x5f,0xff,0xff,0xff,0xfc,0x1f,0xff,0xfe,0x00,0x00,0x7f,0xff,0xff,0xff,0xf8,0x2f,0xff,
  0xfd,0x00,0x00,0xbf,0xff,0xff,0xdf,0xe8,0x3f,0xff,0xfc,0x00,0x00,0x7f,0xf4,0x00,0x20,0x10,0x3f,0xff,0xfc,0x00,0x00,0x7f,
  0xf8,0x22,0x09,0x00,0x5f,0xff,0xfc,0x00,0x00,0x3f,0xf0,0x00,0x00,0x00,0xff,0xff,0xf8,0x00,0x00,0x7f,0xf0,0x00,0x00,0x01,
  0x7f,0xff,0xf4,0x00,0x00,0x1f,0xf4,0x80,0x80,0x27,0xff,0xff,0xf0,0x00,0x00,0x3f,0xfa,0x5d,0x6e,0xad,0xff,0xff,0xe0,0x00,
  0x00,0x0f,0xff,0xff,0xff,0xff,0xff,0xff,0xa0,0x00,0x00,0x0b,0xff,0xff,0xff,0xff,0xff,0xff,0x80,0x00,0x00,0x05,0xff,0xff,
  0xff,0xff,0xff,0xfc,0x00,0x00,0x00,0x01,0xff,0xfb,0xbb,0xff,0xff,0xea,0x00,0x00,0x00,0x00,0x00,0x0a,0x44,0x00,0x00,0x10,
  0x00,0x00,0x00,0x00,0x04,0x80,0x00,0x89,0x24,0x80,0x00,0x00,0x00,0x00,0x00,0x00,0x00,0x00,0x00,0x00,0x00,0x00,0x00,0x00,
  0x00,0x00,0x92,0x00,0x00,0x00,0x00,0x00,0x00,0x00,0x00,0x0f,0x6d,0xff,0xff,0x00,0x00,0x00,0x00,0x00,0x00,0x0f,0xff,0xff,
  0xff,0xc0,0x00,0x00,0x00,0x00,0x00,0x1f,0xff,0xff,0xff,0xe0,0x00,0x00,0x00,0x00,0x00,0x0f,0xff,0xff,0xff,0xf0,0x00,0x00,
  0x00,0x00,0x00,0x05,0x6d,0xaa,0xab,0xe8,0x00,0x00,0x00,0x00,0x00,0x05,0x52,0x55,0x55,0xf4,0x00,0x00,0x00,0x00,0x00,0x00,
  0x00,0x00,0x00,0xf8,0x00,0x00,0x00,0x00,0x00,0x00,0x00,0x00,0x00,0xf8,0x00,0x00,0x00,0x00,0x00,0x00,0x00,0x00,0x00,0xf4,
  0x00,0x00,0x00,0x00,0x00,0x00,0x00,0x00,0xb2,0xf8,0x00,0x00,0x00,0x00,0x00,0x00,0x00,0x00,0xff,0xf0,0x00,0x00,0x00,0x00,
  0x00,0x00,0x00,0x00,0xff,0xf0,0x00,0x00,0x00,0x00,0x00,0x00,0x00,0x00,0xff,0xd0,0x00,0x00,0x00,0x00,0x00,0x00,0x00,0x00,
  0x5f,0xc0,0x00,0x00,0x00,0x00,0x00,0x00,0x00,0x00,0x2a,0x00,0x00,0x00,0x00,0x00,0x00,0x00,0x00,0x00,0x0a,0x00,0x00,0x00,
  0x00,0x00,0x00,0x00,0x00,0x00,0x00,0x00,0x00,0x00,0x00,0x00,0x00,0x00,0x00,0x00,0x00,0x00,0x00,0x00,0x00,0x00,0x00,0x00,
  0x00,0x00,0x00,0x00,0x00,0x00,0x00,0x00,0x00,0x00,0x00,0x00,0x00,0x00,0x00,0x00,0x00,0x00,0x00,0x00,0x00,0x00,0x00,0x00,
  0x00,0x00,0x00,0x00,0x00,0x00,0x00,0x00,0x00,0x00,0x00,0x00,0x00,0x00,0x00,0x00,0x00,0x00,0x00,0x00,0x00,0x00,0x00,0x00,
  0x00,0x00,0x00,0x00,0x00,0x00,0x00,0x00,
};
const uint8_t icon_windy_90[] = {
  0x00,0x00,0x00,0x00,0x00,0x00,0x00,0x00,0x00,0x00,0x00,0x00,0x00,0x00,0x00,0x00,0x00,0x00,0x00,0x00,0x00,0x00,0x00,0x00,
  0x00,0x00,0x00,0x00,0x00,0x00,0x00,0x00,0x00,0x00,0x00,0x00,0x00,0x00,0x00,0x00,0x00,0x00,0x00,0x00,0x00,0x00,0x00,0x00,
  0x00,0x00,0x00,0x00,0x00,0x00,0x00,0x00,0x00,0x00,0x00,0x00,0x00,0x00,0x00,0x00,0x00,0x00,0x00,0x00,0x00,0x00,0x00,0x00,
  0x00,0x00,0x00,0x00,0x00,0x00,0x00,0x00,0x00,0x00,0x00,0x00,0x00,0x00,0x00,0x00,0x00,0x00,0x00,0x00,0x00,0x00,0x00,0x00,
  0x00,0x00,0x00,0x00,0x00,0x00,0x00,0x00,0x00,0x00,0x00,0x00,0x00,0x00,0x00,0x00,0x00,0x00,0x00,0x00,0x00,0x00,0x00,0x00,
  0x00,0x00,0x00,0x00,0x00,0x00,0x00,0x00,0x00,0x00,0x00,0x00,0x00,0x00,0x00,0x00,0x00,0x00,0x00,0x00,0x00,0x00,0x00,0x00,
  0x00,0x00,0x00,0x00,0x00,0x00,0x00,0x00,0x00,0x00,0x00,0x00,0x00,0x00,0x00,0x00,0x00,0x90,0x00,0x00,0x00,0x00,0x00,0x00,
  0x00,0x00,0x00,0x00,0x06,0xef,0x00,0x00,0x00,0x00,0x00,0x00,0x00,0x00,0x00,0x00,0x15,0xfd,0xd0,0x00,0x00,0x00,0x00,0x00,
  0x00,0x00,0x00,0x00,0xff,0xff,0xf4,0x00,0x00,0x00,0x00,0x00,0x00,0x00,0x00,0x01,0x7f,0xff,0xf8,0x00,0x00,0x00,0x00,0x00,
  0x00,0x00,0x00,0x03,0xff,0xff,0xff,0x00,0x00,0x00,0x00,0x00,0x00,0x00,0x00,0x07,0xff,0xff,0xff,0x80,0x00,0x00,0x00,0x00,
  0x00,0x00,0x00,0x1f,0xff,0xff,0xff,0xa0,0x00,0x00,0x00,0x00,0x00,0x00,0x00,0x17,0xff,0xff,0xff,0xc0,0x00,0x00,0x00,0x00,
  0x00,0x00,0x00,0x3f,0xff,0xff,0xff,0xe0,0x00,0x00,0x00,0x00,0x00,0x00,0x00,0x5f,0xff,0xff,0xff,0xf8,0x00,0x00,0x00,0x00,
  0x00,0x00,0x00,0x7f,0xff,0xff,0xff,0xf0,0x00,0x00,0x00,0x00,0x00,0x00,0x00,0xff,0xff,0xff,0xff,0xff,0xd0,0x00,0x00,0x00,
  0x00,0x00,0x00,0x7f,0xff,0xff,0xff,0xfe,0xe8,0x00,0x00,0x00,0x00,0x00,0x01,0xff,0xff,0xff,0xff,0xff,0xff,0x00,0x00,0x00,
  0x00,0x00,0x01,0x7f,0xff,0xff,0xff,0xff,0xff,0x80,0x00,0x00,0x00,0x00,0x01,0xff,0xff,0xff,0xff,0xff,0xff,0xd0,0x00,0x00,
  0x00,0x00,0x03,0xff,0xff,0xff,0xff,0xff,0xff,0xe0,0x00,0x00,0x00,0x00,0x01,0xff,0xff,0xff,0xff,0xff,0xff,0xf0,0x00,0x00,
  0x00,0x00,0x01,0xff,0xff,0xff,0xff,0xff,0xff,0xf8,0x00,0x00,0x00,0x00,0x07,0xff,0xff,0xf5,0x6f,0xff,0xff,0xfa,0x00,0x00,
  0x00,0x00,0x35,0xff,0xff,0xe8,0x1f,0xff,0xff,0xfc,0x00,0x00,0x00,0x00,0xaf,0xff,0xff,0xa0,0x03,0xff,0xff,0xfe,0x00,0x00,
  0x00,0x01,0xff,0xff,0xff,0x40,0x05,0xff,0xff,0xfc,0x00,0x00,0x00,0x03,0xff,0xff,0xff,0x00,0x00,0xff,0xff,0xff,0x00,0x00,
  0x00,0x07,0xff,0xff,0xfe,0x01,0x01,0x7f,0xff,0xfe,0x00,0x00,0x00,0x0f,0xff,0xff,0xfd,0x05,0x40,0xff,0xff,0xff,0x00,0x00,
  0x00,0x1f,0xff,0xff,0xfc,0x06,0xd0,0x7f,0xff,0xfe,0x80,0x00,0x00,0x17,0xff,0xff,0xfe,0x17,0xe0,0x5f,0xff,0xff,0x00,0x00,
  0x00,0x1f,0xff,0xff,0xfe,0xaf,0xf0,0x7f,0xff,0xfe,0x80,0x00,0x00,0x3f,0xff,0xff,0xff,0xbf,0xf0,0x3f,0xff,0xff,0x00,0x00,
  0x00,0x2f,0xff,0xff,0xff,0xff,0xe0,0xbf,0xff,0xfe,0x80,0x00,0x00,0x3f,0xff,0xff,0xff,0xff,0xf0,0x7f,0xff,0xfe,0x00,0x00,
  0x00,0x5f,0xff,0xff,0xff,0xff,0xc0,0xbf,0xff,0xfe,0x80,0x00,0x00,0x3f,0xfe,0xa5,0x24,0x92,0x20,0x7f,0xff,0xfe,0x00,0x00,
  0x00,0x2f,0xff,0x08,0x42,0x08,0x80,0xff,0xff,0xfc,0x00,0x00,0x00,0x3f,0xfc,0x00,0x00,0x00,0x01,0xff,0xff,0xfe,0x00,0x00,
  0x00,0x1f,0xfe,0x00,0x00,0x00,0x03,0xff,0xff,0xf8,0x00,0x00,0x00,0x1f,0xfc,0x00,0x00,0x00,0x0b,0xff,0xff,0xfa,0x00,0x00,
  0x00,0x0f,0xff,0x49,0x24,0xa4,0xaf,0xff,0xff,0xf0,0x00,0x00,0x00,0x17,0xff,0x55,0x55,0x55,0x5f,0xff,0xff,0xe8,0x00,0x00,
  0x00,0x07,0xff,0xff,0xff,0xff,0xff,0xff,0xff,0xc0,0x00,0x00,0x00,0x03,0xff,0xff,0xff,0xff,0xff,0xff,0xff,0xa0,0x00,0x00,
  0x00,0x01,0x7f,0xff,0xff,0xff,0xff,0xff,0xfd,0x00,0x00,0x00,0x00,0x00,0xff,0xff,0xff,0xff,0xff,0xff,0xfa,0x00,0x00,0x00,
  0x00,0x00,0x0a,0xaa,0xaa,0xaa,0xaa,0xaa,0xa4,0x00,0x00,0x00,0x00,0x00,0x00,0x84,0x00,0x00,0x11,0x04,0x00,0x00,0x00,0x00,
  0x00,0x00,0x02,0x10,0x44,0x44,0x40,0x10,0x00,0x00,0x00,0x00,0x00,0x00,0x00,0x00,0x00,0x00,0x00,0x00,0x00,0x00,0x00,0x00,
  0x00,0x00,0x00,0x00,0x00,0x00,0x00,0x80,0x00,0x00,0x00,0x00,0x00,0x00,0x00,0x00,0xff,0xff,0xff,0x7e,0x80,0x00,0x00,0x00,
  0x00,0x00,0x00,0x01,0xff,0xff,0xff,0xff,0x00,0x00,0x00,0x00,0x00,0x00,0x00,0x01,0x7f,0xff,0xff,0xff,0xd0,0x00,0x00,0x00,
  0x00,0x00,0x00,0x01,0xff,0xff,0xff,0xff,0xe0,0x00,0x00,0x00,0x00,0x00,0x00,0x00,0xfb,0xbb,0xb7,0xef,0xe0,0x00,0x00,0x00,
  0x00,0x00,0x00,0x01,0x4d,0x6d,0x5a,0x5b,0xf0,0x00,0x00,0x00,0x00,0x00,0x00,0x00,0x22,0x11,0x45,0x27,0xf4,0x00,0x00,0x00,
  0x00,0x00,0x00,0x00,0x00,0x40,0x00,0x01,0xf0,0x00,0x00,0x00,0x00,0x00,0x00,0x00,0x00,0x00,0x00,0x01,0xf8,0x00,0x00,0x00,
  0x00,0x00,0x00,0x00,0x00,0x00,0x00,0x01,0xe8,0x00,0x00,0x00,0x00,0x00,0x00,0x00,0x00,0x00,0x01,0xc3,0xf4,0x00,0x00,0x00,
  0x00,0x00,0x00,0x00,0x00,0x00,0x02,0xfd,0xf0,0x00,0x00,0x00,0x00,0x00,0x00,0x00,0x00,0x00,0x03,0xff,0xe0,0x00,0x00,0x00,
  0x00,0x00,0x00,0x00,0x00,0x00,0x03,0xff,0xe8,0x00,0x00,0x00,0x00,0x00,0x00,0x00,0x00,0x00,0x03,0xff,0xa0,0x00,0x00,0x00,
  0x00,0x00,0x00,0x00,0x00,0x00,0x00,0xbe,0x80,0x00,0x00,0x00,0x00,0x00,0x00,0x00,0x00,0x00,0x00,0x55,0x00,0x00,0x00,0x00,
  0x00,0x00,0x00,0x00,0x00,0x00,0x00,0x10,0x00,0x00,0x00,0x00,0x00,0x00,0x00,0x00,0x00,0x00,0x00,0x02,0x00,0x00,0x00,0x00,
  0x00,0x00,0x00,0x00,0x00,0x00,0x00,0x00,0x00,0x00,0x00,0x00,0x00,0x00,0x00,0x00,0x00,0x00,0x00,0x00,0x00,0x00,0x00,0x00,
  0x00,0x00,0x00,0x00,0x00,0x00,0x00,0x00,0x00,0x00,0x00,0x00,0x00,0x00,0x00,0x00,0x00,0x00,0x00,0x00,0x00,0x00,0x00,0x00,
  0x00,0x00,0x00,0x00,0x00,0x00,0x00,0x00,0x00,0x00,0x00,0x00,0x00,0x00,0x00,0x00,0x00,0x00,0x00,0x00,0x00,0x00,0x00,0x00,
  0x00,0x00,0x00,0x00,0x00,0x00,0x00,0x00,0x00,0x00,0x00,0x00,0x00,0x00,0x00,0x00,0x00,0x00,0x00,0x00,0x00,0x00,0x00,0x00,
};
const BitmapIcon dashboardIcons[]={{"icon_cpu",50,50,icon_cpu_50},{"icon_btc",50,50,icon_btc_50},{"icon_eth",50,50,icon_eth_50},{"icon_wifi",50,50,icon_wifi_50},{"icon_wind",30,30,icon_wind_30},{"icon_mail",60,60,icon_mail_60},{"icon_sun",60,60,icon_sun_60},{"icon_sun",80,80,icon_sun_80},{"icon_sun",90,90,icon_sun_90},{"icon_night",60,60,icon_night_60},{"icon_night",80,80,icon_night_80},{"icon_night",90,90,icon_night_90},{"icon_clouds",60,60,icon_clouds_60},{"icon_clouds",80,80,icon_clouds_80},{"icon_clouds",90,90,icon_clouds_90},{"icon_partly-cloudy-day",60,60,icon_partly_cloudy_day_60},{"icon_partly-cloudy-day",80,80,icon_partly_cloudy_day_80},{"icon_partly-cloudy-day",90,90,icon_partly_cloudy_day_90},{"icon_rain",60,60,icon_rain_60},{"icon_rain",80,80,icon_rain_80},{"icon_rain",90,90,icon_rain_90},{"icon_heavy_rain",60,60,icon_heavy_rain_60},{"icon_heavy_rain",80,80,icon_heavy_rain_80},{"icon_heavy_rain",90,90,icon_heavy_rain_90},{"icon_snow",60,60,icon_snow_60},{"icon_snow",80,80,icon_snow_80},{"icon_snow",90,90,icon_snow_90},{"icon_storm",60,60,icon_storm_60},{"icon_storm",80,80,icon_storm_80},{"icon_storm",90,90,icon_storm_90},{"icon_windy",60,60,icon_windy_60},{"icon_windy",80,80,icon_windy_80},{"icon_windy",90,90,icon_windy_90}};
const int dashboardIconCount=33;
